
===========================================================================
report_checks -path_delay max (Setup)
============================================================================
======================= Typical Corner ===================================

Startpoint: _487_ (rising edge-triggered flip-flop clocked by clk)
Endpoint: any_match (output port clocked by clk)
Path Group: clk
Path Type: max

Fanout     Cap    Slew   Delay    Time   Description
-----------------------------------------------------------------------------
                          0.00    0.00   clock clk (rise edge)
                          0.00    0.00   clock source latency
                  0.12    0.09    0.09 ^ clk (in)
     1    0.03                           clk (net)
                  0.12    0.00    0.09 ^ clkbuf_0_clk/A (sky130_fd_sc_hd__clkbuf_16)
                  0.11    0.22    0.31 ^ clkbuf_0_clk/X (sky130_fd_sc_hd__clkbuf_16)
     8    0.09                           clknet_0_clk (net)
                  0.11    0.00    0.31 ^ clkbuf_3_7__f_clk/A (sky130_fd_sc_hd__clkbuf_16)
                  0.06    0.17    0.48 ^ clkbuf_3_7__f_clk/X (sky130_fd_sc_hd__clkbuf_16)
    11    0.04                           clknet_3_7__leaf_clk (net)
                  0.06    0.00    0.48 ^ _487_/CLK (sky130_fd_sc_hd__dfrtp_4)
                  0.10    0.55    1.03 v _487_/Q (sky130_fd_sc_hd__dfrtp_4)
    10    0.03                           shift_reg[0] (net)
                  0.10    0.00    1.03 v _257_/A2 (sky130_fd_sc_hd__a21o_1)
                  0.04    0.22    1.25 v _257_/X (sky130_fd_sc_hd__a21o_1)
     1    0.01                           _092_ (net)
                  0.04    0.00    1.25 v _258_/D (sky130_fd_sc_hd__and4_1)
                  0.05    0.22    1.47 v _258_/X (sky130_fd_sc_hd__and4_1)
     1    0.01                           _093_ (net)
                  0.05    0.00    1.47 v _259_/C (sky130_fd_sc_hd__and3_1)
                  0.04    0.19    1.66 v _259_/X (sky130_fd_sc_hd__and3_1)
     1    0.00                           _094_ (net)
                  0.04    0.00    1.66 v _260_/A (sky130_fd_sc_hd__buf_1)
                  0.09    0.14    1.81 v _260_/X (sky130_fd_sc_hd__buf_1)
     2    0.01                           net25 (net)
                  0.09    0.00    1.81 v _321_/A (sky130_fd_sc_hd__or4_1)
                  0.15    0.65    2.46 v _321_/X (sky130_fd_sc_hd__or4_1)
     1    0.01                           _152_ (net)
                  0.15    0.00    2.46 v _322_/A (sky130_fd_sc_hd__clkbuf_1)
                  0.03    0.14    2.59 v _322_/X (sky130_fd_sc_hd__clkbuf_1)
     1    0.00                           net24 (net)
                  0.03    0.00    2.59 v output24/A (sky130_fd_sc_hd__clkbuf_4)
                  0.08    0.19    2.78 v output24/X (sky130_fd_sc_hd__clkbuf_4)
     1    0.04                           any_match (net)
                  0.08    0.00    2.78 v any_match (out)
                                  2.78   data arrival time

                         10.00   10.00   clock clk (rise edge)
                          0.00   10.00   clock network delay (propagated)
                         -0.25    9.75   clock uncertainty
                          0.00    9.75   clock reconvergence pessimism
                         -2.00    7.75   output external delay
                                  7.75   data required time
-----------------------------------------------------------------------------
                                  7.75   data required time
                                 -2.78   data arrival time
-----------------------------------------------------------------------------
                                  4.97   slack (MET)


Startpoint: _489_ (rising edge-triggered flip-flop clocked by clk)
Endpoint: pattern_match[3] (output port clocked by clk)
Path Group: clk
Path Type: max

Fanout     Cap    Slew   Delay    Time   Description
-----------------------------------------------------------------------------
                          0.00    0.00   clock clk (rise edge)
                          0.00    0.00   clock source latency
                  0.12    0.09    0.09 ^ clk (in)
     1    0.03                           clk (net)
                  0.12    0.00    0.09 ^ clkbuf_0_clk/A (sky130_fd_sc_hd__clkbuf_16)
                  0.11    0.22    0.31 ^ clkbuf_0_clk/X (sky130_fd_sc_hd__clkbuf_16)
     8    0.09                           clknet_0_clk (net)
                  0.11    0.00    0.31 ^ clkbuf_3_5__f_clk/A (sky130_fd_sc_hd__clkbuf_16)
                  0.05    0.17    0.48 ^ clkbuf_3_5__f_clk/X (sky130_fd_sc_hd__clkbuf_16)
    10    0.03                           clknet_3_5__leaf_clk (net)
                  0.05    0.00    0.48 ^ _489_/CLK (sky130_fd_sc_hd__dfrtp_4)
                  0.10    0.55    1.03 v _489_/Q (sky130_fd_sc_hd__dfrtp_4)
    10    0.04                           shift_reg[2] (net)
                  0.10    0.00    1.03 v _312_/A1 (sky130_fd_sc_hd__o21ai_1)
                  0.11    0.16    1.19 ^ _312_/Y (sky130_fd_sc_hd__o21ai_1)
     1    0.00                           _144_ (net)
                  0.11    0.00    1.19 ^ _313_/B1 (sky130_fd_sc_hd__a21o_1)
                  0.07    0.12    1.32 ^ _313_/X (sky130_fd_sc_hd__a21o_1)
     1    0.01                           _145_ (net)
                  0.07    0.00    1.32 ^ _318_/B (sky130_fd_sc_hd__and4_1)
                  0.13    0.26    1.57 ^ _318_/X (sky130_fd_sc_hd__and4_1)
     1    0.01                           _150_ (net)
                  0.13    0.00    1.57 ^ _319_/C (sky130_fd_sc_hd__and3_1)
                  0.04    0.17    1.74 ^ _319_/X (sky130_fd_sc_hd__and3_1)
     1    0.00                           _151_ (net)
                  0.04    0.00    1.74 ^ _320_/A (sky130_fd_sc_hd__dlymetal6s2s_1)
                  0.26    0.25    1.99 ^ _320_/X (sky130_fd_sc_hd__dlymetal6s2s_1)
     2    0.02                           net28 (net)
                  0.26    0.00    1.99 ^ output28/A (sky130_fd_sc_hd__clkbuf_4)
                  0.12    0.28    2.27 ^ output28/X (sky130_fd_sc_hd__clkbuf_4)
     1    0.04                           pattern_match[3] (net)
                  0.12    0.00    2.27 ^ pattern_match[3] (out)
                                  2.27   data arrival time

                         10.00   10.00   clock clk (rise edge)
                          0.00   10.00   clock network delay (propagated)
                         -0.25    9.75   clock uncertainty
                          0.00    9.75   clock reconvergence pessimism
                         -2.00    7.75   output external delay
                                  7.75   data required time
-----------------------------------------------------------------------------
                                  7.75   data required time
                                 -2.27   data arrival time
-----------------------------------------------------------------------------
                                  5.48   slack (MET)


Startpoint: _493_ (rising edge-triggered flip-flop clocked by clk)
Endpoint: pattern_match[2] (output port clocked by clk)
Path Group: clk
Path Type: max

Fanout     Cap    Slew   Delay    Time   Description
-----------------------------------------------------------------------------
                          0.00    0.00   clock clk (rise edge)
                          0.00    0.00   clock source latency
                  0.12    0.09    0.09 ^ clk (in)
     1    0.03                           clk (net)
                  0.12    0.00    0.09 ^ clkbuf_0_clk/A (sky130_fd_sc_hd__clkbuf_16)
                  0.11    0.22    0.31 ^ clkbuf_0_clk/X (sky130_fd_sc_hd__clkbuf_16)
     8    0.09                           clknet_0_clk (net)
                  0.11    0.00    0.31 ^ clkbuf_3_3__f_clk/A (sky130_fd_sc_hd__clkbuf_16)
                  0.06    0.17    0.48 ^ clkbuf_3_3__f_clk/X (sky130_fd_sc_hd__clkbuf_16)
    11    0.04                           clknet_3_3__leaf_clk (net)
                  0.06    0.00    0.48 ^ _493_/CLK (sky130_fd_sc_hd__dfrtp_4)
                  0.10    0.56    1.04 v _493_/Q (sky130_fd_sc_hd__dfrtp_4)
    10    0.04                           shift_reg[6] (net)
                  0.10    0.00    1.04 v _290_/A1 (sky130_fd_sc_hd__o21ai_1)
                  0.11    0.17    1.20 ^ _290_/Y (sky130_fd_sc_hd__o21ai_1)
     1    0.00                           _123_ (net)
                  0.11    0.00    1.20 ^ _291_/B1 (sky130_fd_sc_hd__a21o_1)
                  0.07    0.13    1.33 ^ _291_/X (sky130_fd_sc_hd__a21o_1)
     1    0.01                           _124_ (net)
                  0.07    0.00    1.33 ^ _298_/A (sky130_fd_sc_hd__and4_1)
                  0.16    0.27    1.61 ^ _298_/X (sky130_fd_sc_hd__and4_1)
     1    0.02                           _131_ (net)
                  0.16    0.00    1.61 ^ _299_/C (sky130_fd_sc_hd__and3_1)
                  0.05    0.18    1.78 ^ _299_/X (sky130_fd_sc_hd__and3_1)
     1    0.00                           _132_ (net)
                  0.05    0.00    1.78 ^ _300_/A (sky130_fd_sc_hd__buf_1)
                  0.19    0.20    1.98 ^ _300_/X (sky130_fd_sc_hd__buf_1)
     2    0.02                           net27 (net)
                  0.19    0.00    1.98 ^ output27/A (sky130_fd_sc_hd__clkbuf_4)
                  0.12    0.25    2.23 ^ output27/X (sky130_fd_sc_hd__clkbuf_4)
     1    0.04                           pattern_match[2] (net)
                  0.12    0.00    2.23 ^ pattern_match[2] (out)
                                  2.23   data arrival time

                         10.00   10.00   clock clk (rise edge)
                          0.00   10.00   clock network delay (propagated)
                         -0.25    9.75   clock uncertainty
                          0.00    9.75   clock reconvergence pessimism
                         -2.00    7.75   output external delay
                                  7.75   data required time
-----------------------------------------------------------------------------
                                  7.75   data required time
                                 -2.23   data arrival time
-----------------------------------------------------------------------------
                                  5.52   slack (MET)


Startpoint: _489_ (rising edge-triggered flip-flop clocked by clk)
Endpoint: pattern_match[0] (output port clocked by clk)
Path Group: clk
Path Type: max

Fanout     Cap    Slew   Delay    Time   Description
-----------------------------------------------------------------------------
                          0.00    0.00   clock clk (rise edge)
                          0.00    0.00   clock source latency
                  0.12    0.09    0.09 ^ clk (in)
     1    0.03                           clk (net)
                  0.12    0.00    0.09 ^ clkbuf_0_clk/A (sky130_fd_sc_hd__clkbuf_16)
                  0.11    0.22    0.31 ^ clkbuf_0_clk/X (sky130_fd_sc_hd__clkbuf_16)
     8    0.09                           clknet_0_clk (net)
                  0.11    0.00    0.31 ^ clkbuf_3_5__f_clk/A (sky130_fd_sc_hd__clkbuf_16)
                  0.05    0.17    0.48 ^ clkbuf_3_5__f_clk/X (sky130_fd_sc_hd__clkbuf_16)
    10    0.03                           clknet_3_5__leaf_clk (net)
                  0.05    0.00    0.48 ^ _489_/CLK (sky130_fd_sc_hd__dfrtp_4)
                  0.10    0.55    1.03 v _489_/Q (sky130_fd_sc_hd__dfrtp_4)
    10    0.04                           shift_reg[2] (net)
                  0.10    0.00    1.03 v _252_/A2 (sky130_fd_sc_hd__o21ai_1)
                  0.13    0.16    1.20 ^ _252_/Y (sky130_fd_sc_hd__o21ai_1)
     1    0.00                           _087_ (net)
                  0.13    0.00    1.20 ^ _253_/B1 (sky130_fd_sc_hd__a21o_1)
                  0.07    0.13    1.33 ^ _253_/X (sky130_fd_sc_hd__a21o_1)
     1    0.01                           _088_ (net)
                  0.07    0.00    1.33 ^ _258_/B (sky130_fd_sc_hd__and4_1)
                  0.09    0.22    1.54 ^ _258_/X (sky130_fd_sc_hd__and4_1)
     1    0.01                           _093_ (net)
                  0.09    0.00    1.54 ^ _259_/C (sky130_fd_sc_hd__and3_1)
                  0.06    0.17    1.72 ^ _259_/X (sky130_fd_sc_hd__and3_1)
     1    0.00                           _094_ (net)
                  0.06    0.00    1.72 ^ _260_/A (sky130_fd_sc_hd__buf_1)
                  0.18    0.19    1.91 ^ _260_/X (sky130_fd_sc_hd__buf_1)
     2    0.01                           net25 (net)
                  0.18    0.00    1.91 ^ output25/A (sky130_fd_sc_hd__clkbuf_4)
                  0.12    0.25    2.16 ^ output25/X (sky130_fd_sc_hd__clkbuf_4)
     1    0.04                           pattern_match[0] (net)
                  0.12    0.00    2.16 ^ pattern_match[0] (out)
                                  2.16   data arrival time

                         10.00   10.00   clock clk (rise edge)
                          0.00   10.00   clock network delay (propagated)
                         -0.25    9.75   clock uncertainty
                          0.00    9.75   clock reconvergence pessimism
                         -2.00    7.75   output external delay
                                  7.75   data required time
-----------------------------------------------------------------------------
                                  7.75   data required time
                                 -2.16   data arrival time
-----------------------------------------------------------------------------
                                  5.59   slack (MET)


Startpoint: _494_ (rising edge-triggered flip-flop clocked by clk)
Endpoint: pattern_match[1] (output port clocked by clk)
Path Group: clk
Path Type: max

Fanout     Cap    Slew   Delay    Time   Description
-----------------------------------------------------------------------------
                          0.00    0.00   clock clk (rise edge)
                          0.00    0.00   clock source latency
                  0.12    0.09    0.09 ^ clk (in)
     1    0.03                           clk (net)
                  0.12    0.00    0.09 ^ clkbuf_0_clk/A (sky130_fd_sc_hd__clkbuf_16)
                  0.11    0.22    0.31 ^ clkbuf_0_clk/X (sky130_fd_sc_hd__clkbuf_16)
     8    0.09                           clknet_0_clk (net)
                  0.11    0.00    0.31 ^ clkbuf_3_4__f_clk/A (sky130_fd_sc_hd__clkbuf_16)
                  0.05    0.17    0.47 ^ clkbuf_3_4__f_clk/X (sky130_fd_sc_hd__clkbuf_16)
     9    0.03                           clknet_3_4__leaf_clk (net)
                  0.05    0.00    0.48 ^ _494_/CLK (sky130_fd_sc_hd__dfrtp_4)
                  0.09    0.55    1.02 v _494_/Q (sky130_fd_sc_hd__dfrtp_4)
     9    0.03                           shift_reg[7] (net)
                  0.09    0.00    1.02 v _267_/A1 (sky130_fd_sc_hd__o21ai_1)
                  0.12    0.17    1.19 ^ _267_/Y (sky130_fd_sc_hd__o21ai_1)
     1    0.00                           _101_ (net)
                  0.12    0.00    1.19 ^ _268_/B1 (sky130_fd_sc_hd__a21o_1)
                  0.07    0.13    1.32 ^ _268_/X (sky130_fd_sc_hd__a21o_1)
     1    0.01                           _102_ (net)
                  0.07    0.00    1.32 ^ _269_/D (sky130_fd_sc_hd__and4_1)
                  0.08    0.22    1.54 ^ _269_/X (sky130_fd_sc_hd__and4_1)
     1    0.01                           _103_ (net)
                  0.08    0.00    1.54 ^ _279_/B (sky130_fd_sc_hd__and3_1)
                  0.05    0.16    1.70 ^ _279_/X (sky130_fd_sc_hd__and3_1)
     1    0.00                           _113_ (net)
                  0.05    0.00    1.70 ^ _280_/A (sky130_fd_sc_hd__buf_1)
                  0.19    0.20    1.90 ^ _280_/X (sky130_fd_sc_hd__buf_1)
     2    0.02                           net26 (net)
                  0.19    0.00    1.90 ^ output26/A (sky130_fd_sc_hd__clkbuf_4)
                  0.12    0.25    2.15 ^ output26/X (sky130_fd_sc_hd__clkbuf_4)
     1    0.04                           pattern_match[1] (net)
                  0.12    0.00    2.15 ^ pattern_match[1] (out)
                                  2.15   data arrival time

                         10.00   10.00   clock clk (rise edge)
                          0.00   10.00   clock network delay (propagated)
                         -0.25    9.75   clock uncertainty
                          0.00    9.75   clock reconvergence pessimism
                         -2.00    7.75   output external delay
                                  7.75   data required time
-----------------------------------------------------------------------------
                                  7.75   data required time
                                 -2.15   data arrival time
-----------------------------------------------------------------------------
                                  5.60   slack (MET)


Startpoint: cfg_idx[1] (input port clocked by clk)
Endpoint: _502_ (rising edge-triggered flip-flop clocked by clk)
Path Group: clk
Path Type: max

Fanout     Cap    Slew   Delay    Time   Description
-----------------------------------------------------------------------------
                          0.00    0.00   clock clk (rise edge)
                          0.00    0.00   clock network delay (propagated)
                          2.00    2.00 v input external delay
                  0.01    0.01    2.01 v cfg_idx[1] (in)
     1    0.00                           cfg_idx[1] (net)
                  0.01    0.00    2.01 v input3/A (sky130_fd_sc_hd__clkbuf_2)
                  0.09    0.15    2.16 v input3/X (sky130_fd_sc_hd__clkbuf_2)
     4    0.02                           net3 (net)
                  0.09    0.00    2.16 v _339_/A (sky130_fd_sc_hd__or3b_1)
                  0.07    0.40    2.56 v _339_/X (sky130_fd_sc_hd__or3b_1)
     1    0.00                           _161_ (net)
                  0.07    0.00    2.56 v _340_/A (sky130_fd_sc_hd__clkbuf_4)
                  0.12    0.24    2.80 v _340_/X (sky130_fd_sc_hd__clkbuf_4)
     8    0.06                           _162_ (net)
                  0.12    0.00    2.80 v _341_/A (sky130_fd_sc_hd__buf_4)
                  0.09    0.24    3.04 v _341_/X (sky130_fd_sc_hd__buf_4)
    10    0.06                           _163_ (net)
                  0.09    0.00    3.05 v _365_/S (sky130_fd_sc_hd__mux2_1)
                  0.06    0.34    3.38 v _365_/X (sky130_fd_sc_hd__mux2_1)
     1    0.00                           _180_ (net)
                  0.06    0.00    3.38 v _366_/A (sky130_fd_sc_hd__clkbuf_1)
                  0.02    0.10    3.48 v _366_/X (sky130_fd_sc_hd__clkbuf_1)
     1    0.00                           _015_ (net)
                  0.02    0.00    3.48 v _502_/D (sky130_fd_sc_hd__dfrtp_1)
                                  3.48   data arrival time

                         10.00   10.00   clock clk (rise edge)
                          0.00   10.00   clock source latency
                  0.12    0.08   10.08 ^ clk (in)
     1    0.03                           clk (net)
                  0.12    0.00   10.08 ^ clkbuf_0_clk/A (sky130_fd_sc_hd__clkbuf_16)
                  0.11    0.20   10.28 ^ clkbuf_0_clk/X (sky130_fd_sc_hd__clkbuf_16)
     8    0.09                           clknet_0_clk (net)
                  0.11    0.00   10.28 ^ clkbuf_3_6__f_clk/A (sky130_fd_sc_hd__clkbuf_16)
                  0.05    0.15   10.43 ^ clkbuf_3_6__f_clk/X (sky130_fd_sc_hd__clkbuf_16)
     9    0.03                           clknet_3_6__leaf_clk (net)
                  0.05    0.00   10.43 ^ _502_/CLK (sky130_fd_sc_hd__dfrtp_1)
                         -0.25   10.18   clock uncertainty
                          0.00   10.18   clock reconvergence pessimism
                         -0.10   10.08   library setup time
                                 10.08   data required time
-----------------------------------------------------------------------------
                                 10.08   data required time
                                 -3.48   data arrival time
-----------------------------------------------------------------------------
                                  6.60   slack (MET)


Startpoint: cfg_idx[1] (input port clocked by clk)
Endpoint: _499_ (rising edge-triggered flip-flop clocked by clk)
Path Group: clk
Path Type: max

Fanout     Cap    Slew   Delay    Time   Description
-----------------------------------------------------------------------------
                          0.00    0.00   clock clk (rise edge)
                          0.00    0.00   clock network delay (propagated)
                          2.00    2.00 v input external delay
                  0.01    0.01    2.01 v cfg_idx[1] (in)
     1    0.00                           cfg_idx[1] (net)
                  0.01    0.00    2.01 v input3/A (sky130_fd_sc_hd__clkbuf_2)
                  0.09    0.15    2.16 v input3/X (sky130_fd_sc_hd__clkbuf_2)
     4    0.02                           net3 (net)
                  0.09    0.00    2.16 v _339_/A (sky130_fd_sc_hd__or3b_1)
                  0.07    0.40    2.56 v _339_/X (sky130_fd_sc_hd__or3b_1)
     1    0.00                           _161_ (net)
                  0.07    0.00    2.56 v _340_/A (sky130_fd_sc_hd__clkbuf_4)
                  0.12    0.24    2.80 v _340_/X (sky130_fd_sc_hd__clkbuf_4)
     8    0.06                           _162_ (net)
                  0.12    0.00    2.80 v _341_/A (sky130_fd_sc_hd__buf_4)
                  0.09    0.24    3.04 v _341_/X (sky130_fd_sc_hd__buf_4)
    10    0.06                           _163_ (net)
                  0.09    0.00    3.04 v _359_/S (sky130_fd_sc_hd__mux2_1)
                  0.06    0.34    3.38 v _359_/X (sky130_fd_sc_hd__mux2_1)
     1    0.00                           _177_ (net)
                  0.06    0.00    3.38 v _360_/A (sky130_fd_sc_hd__clkbuf_1)
                  0.02    0.09    3.48 v _360_/X (sky130_fd_sc_hd__clkbuf_1)
     1    0.00                           _012_ (net)
                  0.02    0.00    3.48 v _499_/D (sky130_fd_sc_hd__dfrtp_1)
                                  3.48   data arrival time

                         10.00   10.00   clock clk (rise edge)
                          0.00   10.00   clock source latency
                  0.12    0.08   10.08 ^ clk (in)
     1    0.03                           clk (net)
                  0.12    0.00   10.08 ^ clkbuf_0_clk/A (sky130_fd_sc_hd__clkbuf_16)
                  0.11    0.20   10.28 ^ clkbuf_0_clk/X (sky130_fd_sc_hd__clkbuf_16)
     8    0.09                           clknet_0_clk (net)
                  0.11    0.00   10.28 ^ clkbuf_3_7__f_clk/A (sky130_fd_sc_hd__clkbuf_16)
                  0.06    0.15   10.43 ^ clkbuf_3_7__f_clk/X (sky130_fd_sc_hd__clkbuf_16)
    11    0.04                           clknet_3_7__leaf_clk (net)
                  0.06    0.00   10.43 ^ _499_/CLK (sky130_fd_sc_hd__dfrtp_1)
                         -0.25   10.18   clock uncertainty
                          0.00   10.18   clock reconvergence pessimism
                         -0.10   10.08   library setup time
                                 10.08   data required time
-----------------------------------------------------------------------------
                                 10.08   data required time
                                 -3.48   data arrival time
-----------------------------------------------------------------------------
                                  6.60   slack (MET)


Startpoint: cfg_idx[1] (input port clocked by clk)
Endpoint: _504_ (rising edge-triggered flip-flop clocked by clk)
Path Group: clk
Path Type: max

Fanout     Cap    Slew   Delay    Time   Description
-----------------------------------------------------------------------------
                          0.00    0.00   clock clk (rise edge)
                          0.00    0.00   clock network delay (propagated)
                          2.00    2.00 v input external delay
                  0.01    0.01    2.01 v cfg_idx[1] (in)
     1    0.00                           cfg_idx[1] (net)
                  0.01    0.00    2.01 v input3/A (sky130_fd_sc_hd__clkbuf_2)
                  0.09    0.15    2.16 v input3/X (sky130_fd_sc_hd__clkbuf_2)
     4    0.02                           net3 (net)
                  0.09    0.00    2.16 v _339_/A (sky130_fd_sc_hd__or3b_1)
                  0.07    0.40    2.56 v _339_/X (sky130_fd_sc_hd__or3b_1)
     1    0.00                           _161_ (net)
                  0.07    0.00    2.56 v _340_/A (sky130_fd_sc_hd__clkbuf_4)
                  0.12    0.24    2.80 v _340_/X (sky130_fd_sc_hd__clkbuf_4)
     8    0.06                           _162_ (net)
                  0.12    0.00    2.80 v _341_/A (sky130_fd_sc_hd__buf_4)
                  0.09    0.24    3.04 v _341_/X (sky130_fd_sc_hd__buf_4)
    10    0.06                           _163_ (net)
                  0.09    0.00    3.04 v _369_/S (sky130_fd_sc_hd__mux2_1)
                  0.06    0.34    3.38 v _369_/X (sky130_fd_sc_hd__mux2_1)
     1    0.00                           _182_ (net)
                  0.06    0.00    3.38 v _370_/A (sky130_fd_sc_hd__clkbuf_1)
                  0.03    0.10    3.48 v _370_/X (sky130_fd_sc_hd__clkbuf_1)
     1    0.00                           _017_ (net)
                  0.03    0.00    3.48 v _504_/D (sky130_fd_sc_hd__dfrtp_1)
                                  3.48   data arrival time

                         10.00   10.00   clock clk (rise edge)
                          0.00   10.00   clock source latency
                  0.12    0.08   10.08 ^ clk (in)
     1    0.03                           clk (net)
                  0.12    0.00   10.08 ^ clkbuf_0_clk/A (sky130_fd_sc_hd__clkbuf_16)
                  0.11    0.20   10.28 ^ clkbuf_0_clk/X (sky130_fd_sc_hd__clkbuf_16)
     8    0.09                           clknet_0_clk (net)
                  0.11    0.00   10.28 ^ clkbuf_3_1__f_clk/A (sky130_fd_sc_hd__clkbuf_16)
                  0.06    0.15   10.43 ^ clkbuf_3_1__f_clk/X (sky130_fd_sc_hd__clkbuf_16)
    10    0.03                           clknet_3_1__leaf_clk (net)
                  0.06    0.00   10.43 ^ _504_/CLK (sky130_fd_sc_hd__dfrtp_1)
                         -0.25   10.18   clock uncertainty
                          0.00   10.18   clock reconvergence pessimism
                         -0.10   10.08   library setup time
                                 10.08   data required time
-----------------------------------------------------------------------------
                                 10.08   data required time
                                 -3.48   data arrival time
-----------------------------------------------------------------------------
                                  6.60   slack (MET)


Startpoint: cfg_idx[1] (input port clocked by clk)
Endpoint: _531_ (rising edge-triggered flip-flop clocked by clk)
Path Group: clk
Path Type: max

Fanout     Cap    Slew   Delay    Time   Description
-----------------------------------------------------------------------------
                          0.00    0.00   clock clk (rise edge)
                          0.00    0.00   clock network delay (propagated)
                          2.00    2.00 v input external delay
                  0.01    0.01    2.01 v cfg_idx[1] (in)
     1    0.00                           cfg_idx[1] (net)
                  0.01    0.00    2.01 v input3/A (sky130_fd_sc_hd__clkbuf_2)
                  0.09    0.15    2.16 v input3/X (sky130_fd_sc_hd__clkbuf_2)
     4    0.02                           net3 (net)
                  0.09    0.00    2.16 v _339_/A (sky130_fd_sc_hd__or3b_1)
                  0.07    0.40    2.56 v _339_/X (sky130_fd_sc_hd__or3b_1)
     1    0.00                           _161_ (net)
                  0.07    0.00    2.56 v _340_/A (sky130_fd_sc_hd__clkbuf_4)
                  0.12    0.24    2.80 v _340_/X (sky130_fd_sc_hd__clkbuf_4)
     8    0.06                           _162_ (net)
                  0.12    0.00    2.80 v _341_/A (sky130_fd_sc_hd__buf_4)
                  0.09    0.24    3.04 v _341_/X (sky130_fd_sc_hd__buf_4)
    10    0.06                           _163_ (net)
                  0.09    0.00    3.04 v _423_/S (sky130_fd_sc_hd__mux2_1)
                  0.06    0.34    3.38 v _423_/X (sky130_fd_sc_hd__mux2_1)
     1    0.00                           _209_ (net)
                  0.06    0.00    3.38 v _424_/A (sky130_fd_sc_hd__clkbuf_1)
                  0.02    0.09    3.48 v _424_/X (sky130_fd_sc_hd__clkbuf_1)
     1    0.00                           _044_ (net)
                  0.02    0.00    3.48 v _531_/D (sky130_fd_sc_hd__dfrtp_1)
                                  3.48   data arrival time

                         10.00   10.00   clock clk (rise edge)
                          0.00   10.00   clock source latency
                  0.12    0.08   10.08 ^ clk (in)
     1    0.03                           clk (net)
                  0.12    0.00   10.08 ^ clkbuf_0_clk/A (sky130_fd_sc_hd__clkbuf_16)
                  0.11    0.20   10.28 ^ clkbuf_0_clk/X (sky130_fd_sc_hd__clkbuf_16)
     8    0.09                           clknet_0_clk (net)
                  0.11    0.00   10.28 ^ clkbuf_3_7__f_clk/A (sky130_fd_sc_hd__clkbuf_16)
                  0.06    0.15   10.43 ^ clkbuf_3_7__f_clk/X (sky130_fd_sc_hd__clkbuf_16)
    11    0.04                           clknet_3_7__leaf_clk (net)
                  0.06    0.00   10.43 ^ _531_/CLK (sky130_fd_sc_hd__dfrtp_1)
                         -0.25   10.18   clock uncertainty
                          0.00   10.18   clock reconvergence pessimism
                         -0.10   10.08   library setup time
                                 10.08   data required time
-----------------------------------------------------------------------------
                                 10.08   data required time
                                 -3.48   data arrival time
-----------------------------------------------------------------------------
                                  6.60   slack (MET)


Startpoint: cfg_idx[1] (input port clocked by clk)
Endpoint: _505_ (rising edge-triggered flip-flop clocked by clk)
Path Group: clk
Path Type: max

Fanout     Cap    Slew   Delay    Time   Description
-----------------------------------------------------------------------------
                          0.00    0.00   clock clk (rise edge)
                          0.00    0.00   clock network delay (propagated)
                          2.00    2.00 v input external delay
                  0.01    0.01    2.01 v cfg_idx[1] (in)
     1    0.00                           cfg_idx[1] (net)
                  0.01    0.00    2.01 v input3/A (sky130_fd_sc_hd__clkbuf_2)
                  0.09    0.15    2.16 v input3/X (sky130_fd_sc_hd__clkbuf_2)
     4    0.02                           net3 (net)
                  0.09    0.00    2.16 v _339_/A (sky130_fd_sc_hd__or3b_1)
                  0.07    0.40    2.56 v _339_/X (sky130_fd_sc_hd__or3b_1)
     1    0.00                           _161_ (net)
                  0.07    0.00    2.56 v _340_/A (sky130_fd_sc_hd__clkbuf_4)
                  0.12    0.24    2.80 v _340_/X (sky130_fd_sc_hd__clkbuf_4)
     8    0.06                           _162_ (net)
                  0.12    0.00    2.80 v _341_/A (sky130_fd_sc_hd__buf_4)
                  0.09    0.24    3.04 v _341_/X (sky130_fd_sc_hd__buf_4)
    10    0.06                           _163_ (net)
                  0.09    0.00    3.04 v _371_/S (sky130_fd_sc_hd__mux2_1)
                  0.06    0.34    3.38 v _371_/X (sky130_fd_sc_hd__mux2_1)
     1    0.00                           _183_ (net)
                  0.06    0.00    3.38 v _372_/A (sky130_fd_sc_hd__clkbuf_1)
                  0.02    0.09    3.48 v _372_/X (sky130_fd_sc_hd__clkbuf_1)
     1    0.00                           _018_ (net)
                  0.02    0.00    3.48 v _505_/D (sky130_fd_sc_hd__dfrtp_1)
                                  3.48   data arrival time

                         10.00   10.00   clock clk (rise edge)
                          0.00   10.00   clock source latency
                  0.12    0.08   10.08 ^ clk (in)
     1    0.03                           clk (net)
                  0.12    0.00   10.08 ^ clkbuf_0_clk/A (sky130_fd_sc_hd__clkbuf_16)
                  0.11    0.20   10.28 ^ clkbuf_0_clk/X (sky130_fd_sc_hd__clkbuf_16)
     8    0.09                           clknet_0_clk (net)
                  0.11    0.00   10.28 ^ clkbuf_3_3__f_clk/A (sky130_fd_sc_hd__clkbuf_16)
                  0.06    0.15   10.43 ^ clkbuf_3_3__f_clk/X (sky130_fd_sc_hd__clkbuf_16)
    11    0.04                           clknet_3_3__leaf_clk (net)
                  0.06    0.00   10.43 ^ _505_/CLK (sky130_fd_sc_hd__dfrtp_1)
                         -0.25   10.18   clock uncertainty
                          0.00   10.18   clock reconvergence pessimism
                         -0.10   10.08   library setup time
                                 10.08   data required time
-----------------------------------------------------------------------------
                                 10.08   data required time
                                 -3.48   data arrival time
-----------------------------------------------------------------------------
                                  6.61   slack (MET)


Startpoint: cfg_idx[1] (input port clocked by clk)
Endpoint: _503_ (rising edge-triggered flip-flop clocked by clk)
Path Group: clk
Path Type: max

Fanout     Cap    Slew   Delay    Time   Description
-----------------------------------------------------------------------------
                          0.00    0.00   clock clk (rise edge)
                          0.00    0.00   clock network delay (propagated)
                          2.00    2.00 v input external delay
                  0.01    0.01    2.01 v cfg_idx[1] (in)
     1    0.00                           cfg_idx[1] (net)
                  0.01    0.00    2.01 v input3/A (sky130_fd_sc_hd__clkbuf_2)
                  0.09    0.15    2.16 v input3/X (sky130_fd_sc_hd__clkbuf_2)
     4    0.02                           net3 (net)
                  0.09    0.00    2.16 v _339_/A (sky130_fd_sc_hd__or3b_1)
                  0.07    0.40    2.56 v _339_/X (sky130_fd_sc_hd__or3b_1)
     1    0.00                           _161_ (net)
                  0.07    0.00    2.56 v _340_/A (sky130_fd_sc_hd__clkbuf_4)
                  0.12    0.24    2.80 v _340_/X (sky130_fd_sc_hd__clkbuf_4)
     8    0.06                           _162_ (net)
                  0.12    0.00    2.80 v _341_/A (sky130_fd_sc_hd__buf_4)
                  0.09    0.24    3.04 v _341_/X (sky130_fd_sc_hd__buf_4)
    10    0.06                           _163_ (net)
                  0.09    0.00    3.04 v _367_/S (sky130_fd_sc_hd__mux2_1)
                  0.06    0.34    3.38 v _367_/X (sky130_fd_sc_hd__mux2_1)
     1    0.00                           _181_ (net)
                  0.06    0.00    3.38 v _368_/A (sky130_fd_sc_hd__clkbuf_1)
                  0.02    0.09    3.47 v _368_/X (sky130_fd_sc_hd__clkbuf_1)
     1    0.00                           _016_ (net)
                  0.02    0.00    3.47 v _503_/D (sky130_fd_sc_hd__dfrtp_1)
                                  3.47   data arrival time

                         10.00   10.00   clock clk (rise edge)
                          0.00   10.00   clock source latency
                  0.12    0.08   10.08 ^ clk (in)
     1    0.03                           clk (net)
                  0.12    0.00   10.08 ^ clkbuf_0_clk/A (sky130_fd_sc_hd__clkbuf_16)
                  0.11    0.20   10.28 ^ clkbuf_0_clk/X (sky130_fd_sc_hd__clkbuf_16)
     8    0.09                           clknet_0_clk (net)
                  0.11    0.00   10.28 ^ clkbuf_3_3__f_clk/A (sky130_fd_sc_hd__clkbuf_16)
                  0.06    0.15   10.43 ^ clkbuf_3_3__f_clk/X (sky130_fd_sc_hd__clkbuf_16)
    11    0.04                           clknet_3_3__leaf_clk (net)
                  0.06    0.00   10.43 ^ _503_/CLK (sky130_fd_sc_hd__dfrtp_1)
                         -0.25   10.18   clock uncertainty
                          0.00   10.18   clock reconvergence pessimism
                         -0.10   10.08   library setup time
                                 10.08   data required time
-----------------------------------------------------------------------------
                                 10.08   data required time
                                 -3.47   data arrival time
-----------------------------------------------------------------------------
                                  6.61   slack (MET)


Startpoint: cfg_idx[1] (input port clocked by clk)
Endpoint: _501_ (rising edge-triggered flip-flop clocked by clk)
Path Group: clk
Path Type: max

Fanout     Cap    Slew   Delay    Time   Description
-----------------------------------------------------------------------------
                          0.00    0.00   clock clk (rise edge)
                          0.00    0.00   clock network delay (propagated)
                          2.00    2.00 v input external delay
                  0.01    0.01    2.01 v cfg_idx[1] (in)
     1    0.00                           cfg_idx[1] (net)
                  0.01    0.00    2.01 v input3/A (sky130_fd_sc_hd__clkbuf_2)
                  0.09    0.15    2.16 v input3/X (sky130_fd_sc_hd__clkbuf_2)
     4    0.02                           net3 (net)
                  0.09    0.00    2.16 v _339_/A (sky130_fd_sc_hd__or3b_1)
                  0.07    0.40    2.56 v _339_/X (sky130_fd_sc_hd__or3b_1)
     1    0.00                           _161_ (net)
                  0.07    0.00    2.56 v _340_/A (sky130_fd_sc_hd__clkbuf_4)
                  0.12    0.24    2.80 v _340_/X (sky130_fd_sc_hd__clkbuf_4)
     8    0.06                           _162_ (net)
                  0.12    0.00    2.80 v _341_/A (sky130_fd_sc_hd__buf_4)
                  0.09    0.24    3.04 v _341_/X (sky130_fd_sc_hd__buf_4)
    10    0.06                           _163_ (net)
                  0.09    0.00    3.04 v _363_/S (sky130_fd_sc_hd__mux2_1)
                  0.05    0.33    3.37 v _363_/X (sky130_fd_sc_hd__mux2_1)
     1    0.00                           _179_ (net)
                  0.05    0.00    3.37 v _364_/A (sky130_fd_sc_hd__clkbuf_1)
                  0.02    0.09    3.47 v _364_/X (sky130_fd_sc_hd__clkbuf_1)
     1    0.00                           _014_ (net)
                  0.02    0.00    3.47 v _501_/D (sky130_fd_sc_hd__dfrtp_1)
                                  3.47   data arrival time

                         10.00   10.00   clock clk (rise edge)
                          0.00   10.00   clock source latency
                  0.12    0.08   10.08 ^ clk (in)
     1    0.03                           clk (net)
                  0.12    0.00   10.08 ^ clkbuf_0_clk/A (sky130_fd_sc_hd__clkbuf_16)
                  0.11    0.20   10.28 ^ clkbuf_0_clk/X (sky130_fd_sc_hd__clkbuf_16)
     8    0.09                           clknet_0_clk (net)
                  0.11    0.00   10.28 ^ clkbuf_3_5__f_clk/A (sky130_fd_sc_hd__clkbuf_16)
                  0.05    0.15   10.43 ^ clkbuf_3_5__f_clk/X (sky130_fd_sc_hd__clkbuf_16)
    10    0.03                           clknet_3_5__leaf_clk (net)
                  0.05    0.00   10.43 ^ _501_/CLK (sky130_fd_sc_hd__dfrtp_1)
                         -0.25   10.18   clock uncertainty
                          0.00   10.18   clock reconvergence pessimism
                         -0.10   10.08   library setup time
                                 10.08   data required time
-----------------------------------------------------------------------------
                                 10.08   data required time
                                 -3.47   data arrival time
-----------------------------------------------------------------------------
                                  6.61   slack (MET)


Startpoint: cfg_idx[1] (input port clocked by clk)
Endpoint: _500_ (rising edge-triggered flip-flop clocked by clk)
Path Group: clk
Path Type: max

Fanout     Cap    Slew   Delay    Time   Description
-----------------------------------------------------------------------------
                          0.00    0.00   clock clk (rise edge)
                          0.00    0.00   clock network delay (propagated)
                          2.00    2.00 v input external delay
                  0.01    0.01    2.01 v cfg_idx[1] (in)
     1    0.00                           cfg_idx[1] (net)
                  0.01    0.00    2.01 v input3/A (sky130_fd_sc_hd__clkbuf_2)
                  0.09    0.15    2.16 v input3/X (sky130_fd_sc_hd__clkbuf_2)
     4    0.02                           net3 (net)
                  0.09    0.00    2.16 v _339_/A (sky130_fd_sc_hd__or3b_1)
                  0.07    0.40    2.56 v _339_/X (sky130_fd_sc_hd__or3b_1)
     1    0.00                           _161_ (net)
                  0.07    0.00    2.56 v _340_/A (sky130_fd_sc_hd__clkbuf_4)
                  0.12    0.24    2.80 v _340_/X (sky130_fd_sc_hd__clkbuf_4)
     8    0.06                           _162_ (net)
                  0.12    0.00    2.80 v _341_/A (sky130_fd_sc_hd__buf_4)
                  0.09    0.24    3.04 v _341_/X (sky130_fd_sc_hd__buf_4)
    10    0.06                           _163_ (net)
                  0.09    0.00    3.04 v _361_/S (sky130_fd_sc_hd__mux2_1)
                  0.05    0.33    3.37 v _361_/X (sky130_fd_sc_hd__mux2_1)
     1    0.00                           _178_ (net)
                  0.05    0.00    3.37 v _362_/A (sky130_fd_sc_hd__clkbuf_1)
                  0.03    0.09    3.47 v _362_/X (sky130_fd_sc_hd__clkbuf_1)
     1    0.00                           _013_ (net)
                  0.03    0.00    3.47 v _500_/D (sky130_fd_sc_hd__dfrtp_1)
                                  3.47   data arrival time

                         10.00   10.00   clock clk (rise edge)
                          0.00   10.00   clock source latency
                  0.12    0.08   10.08 ^ clk (in)
     1    0.03                           clk (net)
                  0.12    0.00   10.08 ^ clkbuf_0_clk/A (sky130_fd_sc_hd__clkbuf_16)
                  0.11    0.20   10.28 ^ clkbuf_0_clk/X (sky130_fd_sc_hd__clkbuf_16)
     8    0.09                           clknet_0_clk (net)
                  0.11    0.00   10.28 ^ clkbuf_3_1__f_clk/A (sky130_fd_sc_hd__clkbuf_16)
                  0.06    0.15   10.43 ^ clkbuf_3_1__f_clk/X (sky130_fd_sc_hd__clkbuf_16)
    10    0.03                           clknet_3_1__leaf_clk (net)
                  0.06    0.00   10.43 ^ _500_/CLK (sky130_fd_sc_hd__dfrtp_1)
                         -0.25   10.18   clock uncertainty
                          0.00   10.18   clock reconvergence pessimism
                         -0.10   10.08   library setup time
                                 10.08   data required time
-----------------------------------------------------------------------------
                                 10.08   data required time
                                 -3.47   data arrival time
-----------------------------------------------------------------------------
                                  6.61   slack (MET)


Startpoint: cfg_idx[1] (input port clocked by clk)
Endpoint: _506_ (rising edge-triggered flip-flop clocked by clk)
Path Group: clk
Path Type: max

Fanout     Cap    Slew   Delay    Time   Description
-----------------------------------------------------------------------------
                          0.00    0.00   clock clk (rise edge)
                          0.00    0.00   clock network delay (propagated)
                          2.00    2.00 v input external delay
                  0.01    0.01    2.01 v cfg_idx[1] (in)
     1    0.00                           cfg_idx[1] (net)
                  0.01    0.00    2.01 v input3/A (sky130_fd_sc_hd__clkbuf_2)
                  0.09    0.15    2.16 v input3/X (sky130_fd_sc_hd__clkbuf_2)
     4    0.02                           net3 (net)
                  0.09    0.00    2.16 v _339_/A (sky130_fd_sc_hd__or3b_1)
                  0.07    0.40    2.56 v _339_/X (sky130_fd_sc_hd__or3b_1)
     1    0.00                           _161_ (net)
                  0.07    0.00    2.56 v _340_/A (sky130_fd_sc_hd__clkbuf_4)
                  0.12    0.24    2.80 v _340_/X (sky130_fd_sc_hd__clkbuf_4)
     8    0.06                           _162_ (net)
                  0.12    0.00    2.80 v _341_/A (sky130_fd_sc_hd__buf_4)
                  0.09    0.24    3.04 v _341_/X (sky130_fd_sc_hd__buf_4)
    10    0.06                           _163_ (net)
                  0.09    0.00    3.04 v _373_/S (sky130_fd_sc_hd__mux2_1)
                  0.05    0.33    3.37 v _373_/X (sky130_fd_sc_hd__mux2_1)
     1    0.00                           _184_ (net)
                  0.05    0.00    3.37 v _374_/A (sky130_fd_sc_hd__clkbuf_1)
                  0.02    0.09    3.47 v _374_/X (sky130_fd_sc_hd__clkbuf_1)
     1    0.00                           _019_ (net)
                  0.02    0.00    3.47 v _506_/D (sky130_fd_sc_hd__dfrtp_1)
                                  3.47   data arrival time

                         10.00   10.00   clock clk (rise edge)
                          0.00   10.00   clock source latency
                  0.12    0.08   10.08 ^ clk (in)
     1    0.03                           clk (net)
                  0.12    0.00   10.08 ^ clkbuf_0_clk/A (sky130_fd_sc_hd__clkbuf_16)
                  0.11    0.20   10.28 ^ clkbuf_0_clk/X (sky130_fd_sc_hd__clkbuf_16)
     8    0.09                           clknet_0_clk (net)
                  0.11    0.00   10.28 ^ clkbuf_3_1__f_clk/A (sky130_fd_sc_hd__clkbuf_16)
                  0.06    0.15   10.43 ^ clkbuf_3_1__f_clk/X (sky130_fd_sc_hd__clkbuf_16)
    10    0.03                           clknet_3_1__leaf_clk (net)
                  0.06    0.00   10.43 ^ _506_/CLK (sky130_fd_sc_hd__dfrtp_1)
                         -0.25   10.18   clock uncertainty
                          0.00   10.18   clock reconvergence pessimism
                         -0.10   10.08   library setup time
                                 10.08   data required time
-----------------------------------------------------------------------------
                                 10.08   data required time
                                 -3.47   data arrival time
-----------------------------------------------------------------------------
                                  6.61   slack (MET)


Startpoint: cfg_idx[1] (input port clocked by clk)
Endpoint: _495_ (rising edge-triggered flip-flop clocked by clk)
Path Group: clk
Path Type: max

Fanout     Cap    Slew   Delay    Time   Description
-----------------------------------------------------------------------------
                          0.00    0.00   clock clk (rise edge)
                          0.00    0.00   clock network delay (propagated)
                          2.00    2.00 v input external delay
                  0.01    0.01    2.01 v cfg_idx[1] (in)
     1    0.00                           cfg_idx[1] (net)
                  0.01    0.00    2.01 v input3/A (sky130_fd_sc_hd__clkbuf_2)
                  0.09    0.15    2.16 v input3/X (sky130_fd_sc_hd__clkbuf_2)
     4    0.02                           net3 (net)
                  0.09    0.00    2.16 v _339_/A (sky130_fd_sc_hd__or3b_1)
                  0.07    0.40    2.56 v _339_/X (sky130_fd_sc_hd__or3b_1)
     1    0.00                           _161_ (net)
                  0.07    0.00    2.56 v _340_/A (sky130_fd_sc_hd__clkbuf_4)
                  0.12    0.24    2.80 v _340_/X (sky130_fd_sc_hd__clkbuf_4)
     8    0.06                           _162_ (net)
                  0.12    0.00    2.80 v _341_/A (sky130_fd_sc_hd__buf_4)
                  0.09    0.24    3.04 v _341_/X (sky130_fd_sc_hd__buf_4)
    10    0.06                           _163_ (net)
                  0.09    0.00    3.04 v _342_/S (sky130_fd_sc_hd__mux2_1)
                  0.05    0.33    3.37 v _342_/X (sky130_fd_sc_hd__mux2_1)
     1    0.00                           _164_ (net)
                  0.05    0.00    3.37 v _343_/A (sky130_fd_sc_hd__clkbuf_1)
                  0.02    0.09    3.47 v _343_/X (sky130_fd_sc_hd__clkbuf_1)
     1    0.00                           _008_ (net)
                  0.02    0.00    3.47 v _495_/D (sky130_fd_sc_hd__dfrtp_1)
                                  3.47   data arrival time

                         10.00   10.00   clock clk (rise edge)
                          0.00   10.00   clock source latency
                  0.12    0.08   10.08 ^ clk (in)
     1    0.03                           clk (net)
                  0.12    0.00   10.08 ^ clkbuf_0_clk/A (sky130_fd_sc_hd__clkbuf_16)
                  0.11    0.20   10.28 ^ clkbuf_0_clk/X (sky130_fd_sc_hd__clkbuf_16)
     8    0.09                           clknet_0_clk (net)
                  0.11    0.00   10.28 ^ clkbuf_3_3__f_clk/A (sky130_fd_sc_hd__clkbuf_16)
                  0.06    0.15   10.43 ^ clkbuf_3_3__f_clk/X (sky130_fd_sc_hd__clkbuf_16)
    11    0.04                           clknet_3_3__leaf_clk (net)
                  0.06    0.00   10.43 ^ _495_/CLK (sky130_fd_sc_hd__dfrtp_1)
                         -0.25   10.18   clock uncertainty
                          0.00   10.18   clock reconvergence pessimism
                         -0.10   10.08   library setup time
                                 10.08   data required time
-----------------------------------------------------------------------------
                                 10.08   data required time
                                 -3.47   data arrival time
-----------------------------------------------------------------------------
                                  6.62   slack (MET)


Startpoint: cfg_idx[0] (input port clocked by clk)
Endpoint: _526_ (rising edge-triggered flip-flop clocked by clk)
Path Group: clk
Path Type: max

Fanout     Cap    Slew   Delay    Time   Description
-----------------------------------------------------------------------------
                          0.00    0.00   clock clk (rise edge)
                          0.00    0.00   clock network delay (propagated)
                          2.00    2.00 ^ input external delay
                  0.03    0.02    2.02 ^ cfg_idx[0] (in)
     1    0.00                           cfg_idx[0] (net)
                  0.03    0.00    2.02 ^ input2/A (sky130_fd_sc_hd__buf_1)
                  0.21    0.20    2.22 ^ input2/X (sky130_fd_sc_hd__buf_1)
     4    0.02                           net2 (net)
                  0.21    0.00    2.22 ^ _354_/B (sky130_fd_sc_hd__and3_1)
                  0.06    0.20    2.42 ^ _354_/X (sky130_fd_sc_hd__and3_1)
     1    0.00                           _173_ (net)
                  0.06    0.00    2.42 ^ _355_/A (sky130_fd_sc_hd__buf_4)
                  0.19    0.23    2.65 ^ _355_/X (sky130_fd_sc_hd__buf_4)
     8    0.07                           _174_ (net)
                  0.19    0.00    2.65 ^ _356_/A (sky130_fd_sc_hd__buf_4)
                  0.22    0.30    2.95 ^ _356_/X (sky130_fd_sc_hd__buf_4)
    10    0.08                           _175_ (net)
                  0.22    0.01    2.96 ^ _413_/S (sky130_fd_sc_hd__mux2_1)
                  0.06    0.37    3.33 v _413_/X (sky130_fd_sc_hd__mux2_1)
     1    0.00                           _204_ (net)
                  0.06    0.00    3.33 v _414_/A (sky130_fd_sc_hd__clkbuf_1)
                  0.03    0.10    3.43 v _414_/X (sky130_fd_sc_hd__clkbuf_1)
     1    0.00                           _039_ (net)
                  0.03    0.00    3.43 v _526_/D (sky130_fd_sc_hd__dfrtp_1)
                                  3.43   data arrival time

                         10.00   10.00   clock clk (rise edge)
                          0.00   10.00   clock source latency
                  0.12    0.08   10.08 ^ clk (in)
     1    0.03                           clk (net)
                  0.12    0.00   10.08 ^ clkbuf_0_clk/A (sky130_fd_sc_hd__clkbuf_16)
                  0.11    0.20   10.28 ^ clkbuf_0_clk/X (sky130_fd_sc_hd__clkbuf_16)
     8    0.09                           clknet_0_clk (net)
                  0.11    0.00   10.28 ^ clkbuf_3_7__f_clk/A (sky130_fd_sc_hd__clkbuf_16)
                  0.06    0.15   10.43 ^ clkbuf_3_7__f_clk/X (sky130_fd_sc_hd__clkbuf_16)
    11    0.04                           clknet_3_7__leaf_clk (net)
                  0.06    0.00   10.43 ^ _526_/CLK (sky130_fd_sc_hd__dfrtp_1)
                         -0.25   10.18   clock uncertainty
                          0.00   10.18   clock reconvergence pessimism
                         -0.11   10.08   library setup time
                                 10.08   data required time
-----------------------------------------------------------------------------
                                 10.08   data required time
                                 -3.43   data arrival time
-----------------------------------------------------------------------------
                                  6.65   slack (MET)


Startpoint: cfg_idx[0] (input port clocked by clk)
Endpoint: _528_ (rising edge-triggered flip-flop clocked by clk)
Path Group: clk
Path Type: max

Fanout     Cap    Slew   Delay    Time   Description
-----------------------------------------------------------------------------
                          0.00    0.00   clock clk (rise edge)
                          0.00    0.00   clock network delay (propagated)
                          2.00    2.00 ^ input external delay
                  0.03    0.02    2.02 ^ cfg_idx[0] (in)
     1    0.00                           cfg_idx[0] (net)
                  0.03    0.00    2.02 ^ input2/A (sky130_fd_sc_hd__buf_1)
                  0.21    0.20    2.22 ^ input2/X (sky130_fd_sc_hd__buf_1)
     4    0.02                           net2 (net)
                  0.21    0.00    2.22 ^ _354_/B (sky130_fd_sc_hd__and3_1)
                  0.06    0.20    2.42 ^ _354_/X (sky130_fd_sc_hd__and3_1)
     1    0.00                           _173_ (net)
                  0.06    0.00    2.42 ^ _355_/A (sky130_fd_sc_hd__buf_4)
                  0.19    0.23    2.65 ^ _355_/X (sky130_fd_sc_hd__buf_4)
     8    0.07                           _174_ (net)
                  0.19    0.00    2.65 ^ _356_/A (sky130_fd_sc_hd__buf_4)
                  0.22    0.30    2.95 ^ _356_/X (sky130_fd_sc_hd__buf_4)
    10    0.08                           _175_ (net)
                  0.22    0.00    2.95 ^ _417_/S (sky130_fd_sc_hd__mux2_1)
                  0.06    0.36    3.32 v _417_/X (sky130_fd_sc_hd__mux2_1)
     1    0.00                           _206_ (net)
                  0.06    0.00    3.32 v _418_/A (sky130_fd_sc_hd__clkbuf_1)
                  0.03    0.10    3.41 v _418_/X (sky130_fd_sc_hd__clkbuf_1)
     1    0.00                           _041_ (net)
                  0.03    0.00    3.41 v _528_/D (sky130_fd_sc_hd__dfrtp_1)
                                  3.41   data arrival time

                         10.00   10.00   clock clk (rise edge)
                          0.00   10.00   clock source latency
                  0.12    0.08   10.08 ^ clk (in)
     1    0.03                           clk (net)
                  0.12    0.00   10.08 ^ clkbuf_0_clk/A (sky130_fd_sc_hd__clkbuf_16)
                  0.11    0.20   10.28 ^ clkbuf_0_clk/X (sky130_fd_sc_hd__clkbuf_16)
     8    0.09                           clknet_0_clk (net)
                  0.11    0.00   10.28 ^ clkbuf_3_0__f_clk/A (sky130_fd_sc_hd__clkbuf_16)
                  0.04    0.14   10.42 ^ clkbuf_3_0__f_clk/X (sky130_fd_sc_hd__clkbuf_16)
     7    0.02                           clknet_3_0__leaf_clk (net)
                  0.04    0.00   10.42 ^ _528_/CLK (sky130_fd_sc_hd__dfrtp_1)
                         -0.25   10.17   clock uncertainty
                          0.00   10.17   clock reconvergence pessimism
                         -0.11   10.07   library setup time
                                 10.07   data required time
-----------------------------------------------------------------------------
                                 10.07   data required time
                                 -3.41   data arrival time
-----------------------------------------------------------------------------
                                  6.66   slack (MET)


Startpoint: cfg_idx[0] (input port clocked by clk)
Endpoint: _527_ (rising edge-triggered flip-flop clocked by clk)
Path Group: clk
Path Type: max

Fanout     Cap    Slew   Delay    Time   Description
-----------------------------------------------------------------------------
                          0.00    0.00   clock clk (rise edge)
                          0.00    0.00   clock network delay (propagated)
                          2.00    2.00 ^ input external delay
                  0.03    0.02    2.02 ^ cfg_idx[0] (in)
     1    0.00                           cfg_idx[0] (net)
                  0.03    0.00    2.02 ^ input2/A (sky130_fd_sc_hd__buf_1)
                  0.21    0.20    2.22 ^ input2/X (sky130_fd_sc_hd__buf_1)
     4    0.02                           net2 (net)
                  0.21    0.00    2.22 ^ _354_/B (sky130_fd_sc_hd__and3_1)
                  0.06    0.20    2.42 ^ _354_/X (sky130_fd_sc_hd__and3_1)
     1    0.00                           _173_ (net)
                  0.06    0.00    2.42 ^ _355_/A (sky130_fd_sc_hd__buf_4)
                  0.19    0.23    2.65 ^ _355_/X (sky130_fd_sc_hd__buf_4)
     8    0.07                           _174_ (net)
                  0.19    0.00    2.65 ^ _356_/A (sky130_fd_sc_hd__buf_4)
                  0.22    0.30    2.95 ^ _356_/X (sky130_fd_sc_hd__buf_4)
    10    0.08                           _175_ (net)
                  0.22    0.00    2.96 ^ _415_/S (sky130_fd_sc_hd__mux2_1)
                  0.06    0.37    3.32 v _415_/X (sky130_fd_sc_hd__mux2_1)
     1    0.00                           _205_ (net)
                  0.06    0.00    3.32 v _416_/A (sky130_fd_sc_hd__clkbuf_1)
                  0.02    0.10    3.42 v _416_/X (sky130_fd_sc_hd__clkbuf_1)
     1    0.00                           _040_ (net)
                  0.02    0.00    3.42 v _527_/D (sky130_fd_sc_hd__dfrtp_1)
                                  3.42   data arrival time

                         10.00   10.00   clock clk (rise edge)
                          0.00   10.00   clock source latency
                  0.12    0.08   10.08 ^ clk (in)
     1    0.03                           clk (net)
                  0.12    0.00   10.08 ^ clkbuf_0_clk/A (sky130_fd_sc_hd__clkbuf_16)
                  0.11    0.20   10.28 ^ clkbuf_0_clk/X (sky130_fd_sc_hd__clkbuf_16)
     8    0.09                           clknet_0_clk (net)
                  0.11    0.00   10.28 ^ clkbuf_3_2__f_clk/A (sky130_fd_sc_hd__clkbuf_16)
                  0.05    0.15   10.43 ^ clkbuf_3_2__f_clk/X (sky130_fd_sc_hd__clkbuf_16)
     9    0.03                           clknet_3_2__leaf_clk (net)
                  0.05    0.00   10.43 ^ _527_/CLK (sky130_fd_sc_hd__dfrtp_1)
                         -0.25   10.18   clock uncertainty
                          0.00   10.18   clock reconvergence pessimism
                         -0.10   10.08   library setup time
                                 10.08   data required time
-----------------------------------------------------------------------------
                                 10.08   data required time
                                 -3.42   data arrival time
-----------------------------------------------------------------------------
                                  6.66   slack (MET)


Startpoint: cfg_idx[0] (input port clocked by clk)
Endpoint: _524_ (rising edge-triggered flip-flop clocked by clk)
Path Group: clk
Path Type: max

Fanout     Cap    Slew   Delay    Time   Description
-----------------------------------------------------------------------------
                          0.00    0.00   clock clk (rise edge)
                          0.00    0.00   clock network delay (propagated)
                          2.00    2.00 ^ input external delay
                  0.03    0.02    2.02 ^ cfg_idx[0] (in)
     1    0.00                           cfg_idx[0] (net)
                  0.03    0.00    2.02 ^ input2/A (sky130_fd_sc_hd__buf_1)
                  0.21    0.20    2.22 ^ input2/X (sky130_fd_sc_hd__buf_1)
     4    0.02                           net2 (net)
                  0.21    0.00    2.22 ^ _354_/B (sky130_fd_sc_hd__and3_1)
                  0.06    0.20    2.42 ^ _354_/X (sky130_fd_sc_hd__and3_1)
     1    0.00                           _173_ (net)
                  0.06    0.00    2.42 ^ _355_/A (sky130_fd_sc_hd__buf_4)
                  0.19    0.23    2.65 ^ _355_/X (sky130_fd_sc_hd__buf_4)
     8    0.07                           _174_ (net)
                  0.19    0.00    2.65 ^ _356_/A (sky130_fd_sc_hd__buf_4)
                  0.22    0.30    2.95 ^ _356_/X (sky130_fd_sc_hd__buf_4)
    10    0.08                           _175_ (net)
                  0.22    0.00    2.96 ^ _409_/S (sky130_fd_sc_hd__mux2_1)
                  0.05    0.36    3.31 v _409_/X (sky130_fd_sc_hd__mux2_1)
     1    0.00                           _202_ (net)
                  0.05    0.00    3.31 v _410_/A (sky130_fd_sc_hd__clkbuf_1)
                  0.02    0.09    3.41 v _410_/X (sky130_fd_sc_hd__clkbuf_1)
     1    0.00                           _037_ (net)
                  0.02    0.00    3.41 v _524_/D (sky130_fd_sc_hd__dfrtp_1)
                                  3.41   data arrival time

                         10.00   10.00   clock clk (rise edge)
                          0.00   10.00   clock source latency
                  0.12    0.08   10.08 ^ clk (in)
     1    0.03                           clk (net)
                  0.12    0.00   10.08 ^ clkbuf_0_clk/A (sky130_fd_sc_hd__clkbuf_16)
                  0.11    0.20   10.28 ^ clkbuf_0_clk/X (sky130_fd_sc_hd__clkbuf_16)
     8    0.09                           clknet_0_clk (net)
                  0.11    0.00   10.28 ^ clkbuf_3_0__f_clk/A (sky130_fd_sc_hd__clkbuf_16)
                  0.04    0.14   10.42 ^ clkbuf_3_0__f_clk/X (sky130_fd_sc_hd__clkbuf_16)
     7    0.02                           clknet_3_0__leaf_clk (net)
                  0.04    0.00   10.42 ^ _524_/CLK (sky130_fd_sc_hd__dfrtp_1)
                         -0.25   10.17   clock uncertainty
                          0.00   10.17   clock reconvergence pessimism
                         -0.11   10.07   library setup time
                                 10.07   data required time
-----------------------------------------------------------------------------
                                 10.07   data required time
                                 -3.41   data arrival time
-----------------------------------------------------------------------------
                                  6.66   slack (MET)


Startpoint: cfg_idx[0] (input port clocked by clk)
Endpoint: _525_ (rising edge-triggered flip-flop clocked by clk)
Path Group: clk
Path Type: max

Fanout     Cap    Slew   Delay    Time   Description
-----------------------------------------------------------------------------
                          0.00    0.00   clock clk (rise edge)
                          0.00    0.00   clock network delay (propagated)
                          2.00    2.00 ^ input external delay
                  0.03    0.02    2.02 ^ cfg_idx[0] (in)
     1    0.00                           cfg_idx[0] (net)
                  0.03    0.00    2.02 ^ input2/A (sky130_fd_sc_hd__buf_1)
                  0.21    0.20    2.22 ^ input2/X (sky130_fd_sc_hd__buf_1)
     4    0.02                           net2 (net)
                  0.21    0.00    2.22 ^ _354_/B (sky130_fd_sc_hd__and3_1)
                  0.06    0.20    2.42 ^ _354_/X (sky130_fd_sc_hd__and3_1)
     1    0.00                           _173_ (net)
                  0.06    0.00    2.42 ^ _355_/A (sky130_fd_sc_hd__buf_4)
                  0.19    0.23    2.65 ^ _355_/X (sky130_fd_sc_hd__buf_4)
     8    0.07                           _174_ (net)
                  0.19    0.00    2.65 ^ _356_/A (sky130_fd_sc_hd__buf_4)
                  0.22    0.30    2.95 ^ _356_/X (sky130_fd_sc_hd__buf_4)
    10    0.08                           _175_ (net)
                  0.22    0.00    2.96 ^ _411_/S (sky130_fd_sc_hd__mux2_1)
                  0.05    0.36    3.32 v _411_/X (sky130_fd_sc_hd__mux2_1)
     1    0.00                           _203_ (net)
                  0.05    0.00    3.32 v _412_/A (sky130_fd_sc_hd__clkbuf_1)
                  0.03    0.09    3.41 v _412_/X (sky130_fd_sc_hd__clkbuf_1)
     1    0.00                           _038_ (net)
                  0.03    0.00    3.41 v _525_/D (sky130_fd_sc_hd__dfrtp_1)
                                  3.41   data arrival time

                         10.00   10.00   clock clk (rise edge)
                          0.00   10.00   clock source latency
                  0.12    0.08   10.08 ^ clk (in)
     1    0.03                           clk (net)
                  0.12    0.00   10.08 ^ clkbuf_0_clk/A (sky130_fd_sc_hd__clkbuf_16)
                  0.11    0.20   10.28 ^ clkbuf_0_clk/X (sky130_fd_sc_hd__clkbuf_16)
     8    0.09                           clknet_0_clk (net)
                  0.11    0.00   10.28 ^ clkbuf_3_5__f_clk/A (sky130_fd_sc_hd__clkbuf_16)
                  0.05    0.15   10.43 ^ clkbuf_3_5__f_clk/X (sky130_fd_sc_hd__clkbuf_16)
    10    0.03                           clknet_3_5__leaf_clk (net)
                  0.05    0.00   10.43 ^ _525_/CLK (sky130_fd_sc_hd__dfrtp_1)
                         -0.25   10.18   clock uncertainty
                          0.00   10.18   clock reconvergence pessimism
                         -0.10   10.08   library setup time
                                 10.08   data required time
-----------------------------------------------------------------------------
                                 10.08   data required time
                                 -3.41   data arrival time
-----------------------------------------------------------------------------
                                  6.67   slack (MET)


Startpoint: cfg_idx[0] (input port clocked by clk)
Endpoint: _498_ (rising edge-triggered flip-flop clocked by clk)
Path Group: clk
Path Type: max

Fanout     Cap    Slew   Delay    Time   Description
-----------------------------------------------------------------------------
                          0.00    0.00   clock clk (rise edge)
                          0.00    0.00   clock network delay (propagated)
                          2.00    2.00 ^ input external delay
                  0.03    0.02    2.02 ^ cfg_idx[0] (in)
     1    0.00                           cfg_idx[0] (net)
                  0.03    0.00    2.02 ^ input2/A (sky130_fd_sc_hd__buf_1)
                  0.21    0.20    2.22 ^ input2/X (sky130_fd_sc_hd__buf_1)
     4    0.02                           net2 (net)
                  0.21    0.00    2.22 ^ _354_/B (sky130_fd_sc_hd__and3_1)
                  0.06    0.20    2.42 ^ _354_/X (sky130_fd_sc_hd__and3_1)
     1    0.00                           _173_ (net)
                  0.06    0.00    2.42 ^ _355_/A (sky130_fd_sc_hd__buf_4)
                  0.19    0.23    2.65 ^ _355_/X (sky130_fd_sc_hd__buf_4)
     8    0.07                           _174_ (net)
                  0.19    0.00    2.65 ^ _356_/A (sky130_fd_sc_hd__buf_4)
                  0.22    0.30    2.95 ^ _356_/X (sky130_fd_sc_hd__buf_4)
    10    0.08                           _175_ (net)
                  0.22    0.00    2.96 ^ _357_/S (sky130_fd_sc_hd__mux2_1)
                  0.05    0.36    3.31 v _357_/X (sky130_fd_sc_hd__mux2_1)
     1    0.00                           _176_ (net)
                  0.05    0.00    3.31 v _358_/A (sky130_fd_sc_hd__clkbuf_1)
                  0.03    0.10    3.41 v _358_/X (sky130_fd_sc_hd__clkbuf_1)
     1    0.00                           _011_ (net)
                  0.03    0.00    3.41 v _498_/D (sky130_fd_sc_hd__dfrtp_1)
                                  3.41   data arrival time

                         10.00   10.00   clock clk (rise edge)
                          0.00   10.00   clock source latency
                  0.12    0.08   10.08 ^ clk (in)
     1    0.03                           clk (net)
                  0.12    0.00   10.08 ^ clkbuf_0_clk/A (sky130_fd_sc_hd__clkbuf_16)
                  0.11    0.20   10.28 ^ clkbuf_0_clk/X (sky130_fd_sc_hd__clkbuf_16)
     8    0.09                           clknet_0_clk (net)
                  0.11    0.00   10.28 ^ clkbuf_3_2__f_clk/A (sky130_fd_sc_hd__clkbuf_16)
                  0.05    0.15   10.43 ^ clkbuf_3_2__f_clk/X (sky130_fd_sc_hd__clkbuf_16)
     9    0.03                           clknet_3_2__leaf_clk (net)
                  0.05    0.00   10.43 ^ _498_/CLK (sky130_fd_sc_hd__dfrtp_1)
                         -0.25   10.18   clock uncertainty
                          0.00   10.18   clock reconvergence pessimism
                         -0.10   10.08   library setup time
                                 10.08   data required time
-----------------------------------------------------------------------------
                                 10.08   data required time
                                 -3.41   data arrival time
-----------------------------------------------------------------------------
                                  6.67   slack (MET)


Startpoint: cfg_idx[0] (input port clocked by clk)
Endpoint: _523_ (rising edge-triggered flip-flop clocked by clk)
Path Group: clk
Path Type: max

Fanout     Cap    Slew   Delay    Time   Description
-----------------------------------------------------------------------------
                          0.00    0.00   clock clk (rise edge)
                          0.00    0.00   clock network delay (propagated)
                          2.00    2.00 ^ input external delay
                  0.03    0.02    2.02 ^ cfg_idx[0] (in)
     1    0.00                           cfg_idx[0] (net)
                  0.03    0.00    2.02 ^ input2/A (sky130_fd_sc_hd__buf_1)
                  0.21    0.20    2.22 ^ input2/X (sky130_fd_sc_hd__buf_1)
     4    0.02                           net2 (net)
                  0.21    0.00    2.22 ^ _354_/B (sky130_fd_sc_hd__and3_1)
                  0.06    0.20    2.42 ^ _354_/X (sky130_fd_sc_hd__and3_1)
     1    0.00                           _173_ (net)
                  0.06    0.00    2.42 ^ _355_/A (sky130_fd_sc_hd__buf_4)
                  0.19    0.23    2.65 ^ _355_/X (sky130_fd_sc_hd__buf_4)
     8    0.07                           _174_ (net)
                  0.19    0.00    2.65 ^ _356_/A (sky130_fd_sc_hd__buf_4)
                  0.22    0.30    2.95 ^ _356_/X (sky130_fd_sc_hd__buf_4)
    10    0.08                           _175_ (net)
                  0.22    0.01    2.96 ^ _407_/S (sky130_fd_sc_hd__mux2_1)
                  0.05    0.36    3.32 v _407_/X (sky130_fd_sc_hd__mux2_1)
     1    0.00                           _201_ (net)
                  0.05    0.00    3.32 v _408_/A (sky130_fd_sc_hd__clkbuf_1)
                  0.02    0.09    3.41 v _408_/X (sky130_fd_sc_hd__clkbuf_1)
     1    0.00                           _036_ (net)
                  0.02    0.00    3.41 v _523_/D (sky130_fd_sc_hd__dfrtp_1)
                                  3.41   data arrival time

                         10.00   10.00   clock clk (rise edge)
                          0.00   10.00   clock source latency
                  0.12    0.08   10.08 ^ clk (in)
     1    0.03                           clk (net)
                  0.12    0.00   10.08 ^ clkbuf_0_clk/A (sky130_fd_sc_hd__clkbuf_16)
                  0.11    0.20   10.28 ^ clkbuf_0_clk/X (sky130_fd_sc_hd__clkbuf_16)
     8    0.09                           clknet_0_clk (net)
                  0.11    0.00   10.28 ^ clkbuf_3_7__f_clk/A (sky130_fd_sc_hd__clkbuf_16)
                  0.06    0.15   10.43 ^ clkbuf_3_7__f_clk/X (sky130_fd_sc_hd__clkbuf_16)
    11    0.04                           clknet_3_7__leaf_clk (net)
                  0.06    0.00   10.43 ^ _523_/CLK (sky130_fd_sc_hd__dfrtp_1)
                         -0.25   10.18   clock uncertainty
                          0.00   10.18   clock reconvergence pessimism
                         -0.10   10.08   library setup time
                                 10.08   data required time
-----------------------------------------------------------------------------
                                 10.08   data required time
                                 -3.41   data arrival time
-----------------------------------------------------------------------------
                                  6.67   slack (MET)


Startpoint: cfg_idx[0] (input port clocked by clk)
Endpoint: _555_ (rising edge-triggered flip-flop clocked by clk)
Path Group: clk
Path Type: max

Fanout     Cap    Slew   Delay    Time   Description
-----------------------------------------------------------------------------
                          0.00    0.00   clock clk (rise edge)
                          0.00    0.00   clock network delay (propagated)
                          2.00    2.00 ^ input external delay
                  0.03    0.02    2.02 ^ cfg_idx[0] (in)
     1    0.00                           cfg_idx[0] (net)
                  0.03    0.00    2.02 ^ input2/A (sky130_fd_sc_hd__buf_1)
                  0.21    0.20    2.22 ^ input2/X (sky130_fd_sc_hd__buf_1)
     4    0.02                           net2 (net)
                  0.21    0.00    2.22 ^ _354_/B (sky130_fd_sc_hd__and3_1)
                  0.06    0.20    2.42 ^ _354_/X (sky130_fd_sc_hd__and3_1)
     1    0.00                           _173_ (net)
                  0.06    0.00    2.42 ^ _355_/A (sky130_fd_sc_hd__buf_4)
                  0.19    0.23    2.65 ^ _355_/X (sky130_fd_sc_hd__buf_4)
     8    0.07                           _174_ (net)
                  0.19    0.00    2.65 ^ _356_/A (sky130_fd_sc_hd__buf_4)
                  0.22    0.30    2.95 ^ _356_/X (sky130_fd_sc_hd__buf_4)
    10    0.08                           _175_ (net)
                  0.22    0.01    2.96 ^ _471_/S (sky130_fd_sc_hd__mux2_1)
                  0.05    0.36    3.32 v _471_/X (sky130_fd_sc_hd__mux2_1)
     1    0.00                           _233_ (net)
                  0.05    0.00    3.32 v _472_/A (sky130_fd_sc_hd__clkbuf_1)
                  0.02    0.09    3.41 v _472_/X (sky130_fd_sc_hd__clkbuf_1)
     1    0.00                           _068_ (net)
                  0.02    0.00    3.41 v _555_/D (sky130_fd_sc_hd__dfrtp_1)
                                  3.41   data arrival time

                         10.00   10.00   clock clk (rise edge)
                          0.00   10.00   clock source latency
                  0.12    0.08   10.08 ^ clk (in)
     1    0.03                           clk (net)
                  0.12    0.00   10.08 ^ clkbuf_0_clk/A (sky130_fd_sc_hd__clkbuf_16)
                  0.11    0.20   10.28 ^ clkbuf_0_clk/X (sky130_fd_sc_hd__clkbuf_16)
     8    0.09                           clknet_0_clk (net)
                  0.11    0.00   10.28 ^ clkbuf_3_7__f_clk/A (sky130_fd_sc_hd__clkbuf_16)
                  0.06    0.15   10.43 ^ clkbuf_3_7__f_clk/X (sky130_fd_sc_hd__clkbuf_16)
    11    0.04                           clknet_3_7__leaf_clk (net)
                  0.06    0.00   10.43 ^ _555_/CLK (sky130_fd_sc_hd__dfrtp_1)
                         -0.25   10.18   clock uncertainty
                          0.00   10.18   clock reconvergence pessimism
                         -0.10   10.08   library setup time
                                 10.08   data required time
-----------------------------------------------------------------------------
                                 10.08   data required time
                                 -3.41   data arrival time
-----------------------------------------------------------------------------
                                  6.67   slack (MET)


Startpoint: cfg_idx[0] (input port clocked by clk)
Endpoint: _530_ (rising edge-triggered flip-flop clocked by clk)
Path Group: clk
Path Type: max

Fanout     Cap    Slew   Delay    Time   Description
-----------------------------------------------------------------------------
                          0.00    0.00   clock clk (rise edge)
                          0.00    0.00   clock network delay (propagated)
                          2.00    2.00 ^ input external delay
                  0.03    0.02    2.02 ^ cfg_idx[0] (in)
     1    0.00                           cfg_idx[0] (net)
                  0.03    0.00    2.02 ^ input2/A (sky130_fd_sc_hd__buf_1)
                  0.21    0.20    2.22 ^ input2/X (sky130_fd_sc_hd__buf_1)
     4    0.02                           net2 (net)
                  0.21    0.00    2.22 ^ _354_/B (sky130_fd_sc_hd__and3_1)
                  0.06    0.20    2.42 ^ _354_/X (sky130_fd_sc_hd__and3_1)
     1    0.00                           _173_ (net)
                  0.06    0.00    2.42 ^ _355_/A (sky130_fd_sc_hd__buf_4)
                  0.19    0.23    2.65 ^ _355_/X (sky130_fd_sc_hd__buf_4)
     8    0.07                           _174_ (net)
                  0.19    0.00    2.65 ^ _356_/A (sky130_fd_sc_hd__buf_4)
                  0.22    0.30    2.95 ^ _356_/X (sky130_fd_sc_hd__buf_4)
    10    0.08                           _175_ (net)
                  0.22    0.00    2.96 ^ _421_/S (sky130_fd_sc_hd__mux2_1)
                  0.05    0.36    3.31 v _421_/X (sky130_fd_sc_hd__mux2_1)
     1    0.00                           _208_ (net)
                  0.05    0.00    3.31 v _422_/A (sky130_fd_sc_hd__clkbuf_1)
                  0.02    0.09    3.41 v _422_/X (sky130_fd_sc_hd__clkbuf_1)
     1    0.00                           _043_ (net)
                  0.02    0.00    3.41 v _530_/D (sky130_fd_sc_hd__dfrtp_1)
                                  3.41   data arrival time

                         10.00   10.00   clock clk (rise edge)
                          0.00   10.00   clock source latency
                  0.12    0.08   10.08 ^ clk (in)
     1    0.03                           clk (net)
                  0.12    0.00   10.08 ^ clkbuf_0_clk/A (sky130_fd_sc_hd__clkbuf_16)
                  0.11    0.20   10.28 ^ clkbuf_0_clk/X (sky130_fd_sc_hd__clkbuf_16)
     8    0.09                           clknet_0_clk (net)
                  0.11    0.00   10.28 ^ clkbuf_3_1__f_clk/A (sky130_fd_sc_hd__clkbuf_16)
                  0.06    0.15   10.43 ^ clkbuf_3_1__f_clk/X (sky130_fd_sc_hd__clkbuf_16)
    10    0.03                           clknet_3_1__leaf_clk (net)
                  0.06    0.00   10.43 ^ _530_/CLK (sky130_fd_sc_hd__dfrtp_1)
                         -0.25   10.18   clock uncertainty
                          0.00   10.18   clock reconvergence pessimism
                         -0.10   10.08   library setup time
                                 10.08   data required time
-----------------------------------------------------------------------------
                                 10.08   data required time
                                 -3.41   data arrival time
-----------------------------------------------------------------------------
                                  6.67   slack (MET)


Startpoint: cfg_idx[0] (input port clocked by clk)
Endpoint: _529_ (rising edge-triggered flip-flop clocked by clk)
Path Group: clk
Path Type: max

Fanout     Cap    Slew   Delay    Time   Description
-----------------------------------------------------------------------------
                          0.00    0.00   clock clk (rise edge)
                          0.00    0.00   clock network delay (propagated)
                          2.00    2.00 ^ input external delay
                  0.03    0.02    2.02 ^ cfg_idx[0] (in)
     1    0.00                           cfg_idx[0] (net)
                  0.03    0.00    2.02 ^ input2/A (sky130_fd_sc_hd__buf_1)
                  0.21    0.20    2.22 ^ input2/X (sky130_fd_sc_hd__buf_1)
     4    0.02                           net2 (net)
                  0.21    0.00    2.22 ^ _354_/B (sky130_fd_sc_hd__and3_1)
                  0.06    0.20    2.42 ^ _354_/X (sky130_fd_sc_hd__and3_1)
     1    0.00                           _173_ (net)
                  0.06    0.00    2.42 ^ _355_/A (sky130_fd_sc_hd__buf_4)
                  0.19    0.23    2.65 ^ _355_/X (sky130_fd_sc_hd__buf_4)
     8    0.07                           _174_ (net)
                  0.19    0.00    2.65 ^ _356_/A (sky130_fd_sc_hd__buf_4)
                  0.22    0.30    2.95 ^ _356_/X (sky130_fd_sc_hd__buf_4)
    10    0.08                           _175_ (net)
                  0.22    0.00    2.96 ^ _419_/S (sky130_fd_sc_hd__mux2_1)
                  0.05    0.36    3.31 v _419_/X (sky130_fd_sc_hd__mux2_1)
     1    0.00                           _207_ (net)
                  0.05    0.00    3.31 v _420_/A (sky130_fd_sc_hd__clkbuf_1)
                  0.02    0.09    3.40 v _420_/X (sky130_fd_sc_hd__clkbuf_1)
     1    0.00                           _042_ (net)
                  0.02    0.00    3.40 v _529_/D (sky130_fd_sc_hd__dfrtp_1)
                                  3.40   data arrival time

                         10.00   10.00   clock clk (rise edge)
                          0.00   10.00   clock source latency
                  0.12    0.08   10.08 ^ clk (in)
     1    0.03                           clk (net)
                  0.12    0.00   10.08 ^ clkbuf_0_clk/A (sky130_fd_sc_hd__clkbuf_16)
                  0.11    0.20   10.28 ^ clkbuf_0_clk/X (sky130_fd_sc_hd__clkbuf_16)
     8    0.09                           clknet_0_clk (net)
                  0.11    0.00   10.28 ^ clkbuf_3_3__f_clk/A (sky130_fd_sc_hd__clkbuf_16)
                  0.06    0.15   10.43 ^ clkbuf_3_3__f_clk/X (sky130_fd_sc_hd__clkbuf_16)
    11    0.04                           clknet_3_3__leaf_clk (net)
                  0.06    0.00   10.43 ^ _529_/CLK (sky130_fd_sc_hd__dfrtp_1)
                         -0.25   10.18   clock uncertainty
                          0.00   10.18   clock reconvergence pessimism
                         -0.10   10.08   library setup time
                                 10.08   data required time
-----------------------------------------------------------------------------
                                 10.08   data required time
                                 -3.40   data arrival time
-----------------------------------------------------------------------------
                                  6.68   slack (MET)


Startpoint: cfg_idx[0] (input port clocked by clk)
Endpoint: _517_ (rising edge-triggered flip-flop clocked by clk)
Path Group: clk
Path Type: max

Fanout     Cap    Slew   Delay    Time   Description
-----------------------------------------------------------------------------
                          0.00    0.00   clock clk (rise edge)
                          0.00    0.00   clock network delay (propagated)
                          2.00    2.00 v input external delay
                  0.01    0.01    2.01 v cfg_idx[0] (in)
     1    0.00                           cfg_idx[0] (net)
                  0.01    0.00    2.01 v input2/A (sky130_fd_sc_hd__buf_1)
                  0.11    0.14    2.15 v input2/X (sky130_fd_sc_hd__buf_1)
     4    0.02                           net2 (net)
                  0.11    0.00    2.15 v _349_/A_N (sky130_fd_sc_hd__and3b_1)
                  0.05    0.23    2.39 ^ _349_/X (sky130_fd_sc_hd__and3b_1)
     1    0.00                           _169_ (net)
                  0.05    0.00    2.39 ^ _350_/A (sky130_fd_sc_hd__buf_4)
                  0.18    0.22    2.61 ^ _350_/X (sky130_fd_sc_hd__buf_4)
     8    0.06                           _170_ (net)
                  0.18    0.00    2.61 ^ _351_/A (sky130_fd_sc_hd__buf_4)
                  0.21    0.29    2.90 ^ _351_/X (sky130_fd_sc_hd__buf_4)
    10    0.08                           _171_ (net)
                  0.21    0.00    2.91 ^ _395_/S (sky130_fd_sc_hd__mux2_1)
                  0.06    0.37    3.28 v _395_/X (sky130_fd_sc_hd__mux2_1)
     1    0.00                           _195_ (net)
                  0.06    0.00    3.28 v _396_/A (sky130_fd_sc_hd__clkbuf_1)
                  0.02    0.10    3.37 v _396_/X (sky130_fd_sc_hd__clkbuf_1)
     1    0.00                           _030_ (net)
                  0.02    0.00    3.37 v _517_/D (sky130_fd_sc_hd__dfrtp_1)
                                  3.37   data arrival time

                         10.00   10.00   clock clk (rise edge)
                          0.00   10.00   clock source latency
                  0.12    0.08   10.08 ^ clk (in)
     1    0.03                           clk (net)
                  0.12    0.00   10.08 ^ clkbuf_0_clk/A (sky130_fd_sc_hd__clkbuf_16)
                  0.11    0.20   10.28 ^ clkbuf_0_clk/X (sky130_fd_sc_hd__clkbuf_16)
     8    0.09                           clknet_0_clk (net)
                  0.11    0.00   10.28 ^ clkbuf_3_5__f_clk/A (sky130_fd_sc_hd__clkbuf_16)
                  0.05    0.15   10.43 ^ clkbuf_3_5__f_clk/X (sky130_fd_sc_hd__clkbuf_16)
    10    0.03                           clknet_3_5__leaf_clk (net)
                  0.05    0.00   10.43 ^ _517_/CLK (sky130_fd_sc_hd__dfrtp_1)
                         -0.25   10.18   clock uncertainty
                          0.00   10.18   clock reconvergence pessimism
                         -0.10   10.08   library setup time
                                 10.08   data required time
-----------------------------------------------------------------------------
                                 10.08   data required time
                                 -3.37   data arrival time
-----------------------------------------------------------------------------
                                  6.70   slack (MET)


Startpoint: cfg_idx[0] (input port clocked by clk)
Endpoint: _521_ (rising edge-triggered flip-flop clocked by clk)
Path Group: clk
Path Type: max

Fanout     Cap    Slew   Delay    Time   Description
-----------------------------------------------------------------------------
                          0.00    0.00   clock clk (rise edge)
                          0.00    0.00   clock network delay (propagated)
                          2.00    2.00 v input external delay
                  0.01    0.01    2.01 v cfg_idx[0] (in)
     1    0.00                           cfg_idx[0] (net)
                  0.01    0.00    2.01 v input2/A (sky130_fd_sc_hd__buf_1)
                  0.11    0.14    2.15 v input2/X (sky130_fd_sc_hd__buf_1)
     4    0.02                           net2 (net)
                  0.11    0.00    2.15 v _349_/A_N (sky130_fd_sc_hd__and3b_1)
                  0.05    0.23    2.39 ^ _349_/X (sky130_fd_sc_hd__and3b_1)
     1    0.00                           _169_ (net)
                  0.05    0.00    2.39 ^ _350_/A (sky130_fd_sc_hd__buf_4)
                  0.18    0.22    2.61 ^ _350_/X (sky130_fd_sc_hd__buf_4)
     8    0.06                           _170_ (net)
                  0.18    0.00    2.61 ^ _351_/A (sky130_fd_sc_hd__buf_4)
                  0.21    0.29    2.90 ^ _351_/X (sky130_fd_sc_hd__buf_4)
    10    0.08                           _171_ (net)
                  0.21    0.00    2.91 ^ _403_/S (sky130_fd_sc_hd__mux2_1)
                  0.06    0.37    3.28 v _403_/X (sky130_fd_sc_hd__mux2_1)
     1    0.00                           _199_ (net)
                  0.06    0.00    3.28 v _404_/A (sky130_fd_sc_hd__clkbuf_1)
                  0.02    0.10    3.37 v _404_/X (sky130_fd_sc_hd__clkbuf_1)
     1    0.00                           _034_ (net)
                  0.02    0.00    3.37 v _521_/D (sky130_fd_sc_hd__dfrtp_1)
                                  3.37   data arrival time

                         10.00   10.00   clock clk (rise edge)
                          0.00   10.00   clock source latency
                  0.12    0.08   10.08 ^ clk (in)
     1    0.03                           clk (net)
                  0.12    0.00   10.08 ^ clkbuf_0_clk/A (sky130_fd_sc_hd__clkbuf_16)
                  0.11    0.20   10.28 ^ clkbuf_0_clk/X (sky130_fd_sc_hd__clkbuf_16)
     8    0.09                           clknet_0_clk (net)
                  0.11    0.00   10.28 ^ clkbuf_3_6__f_clk/A (sky130_fd_sc_hd__clkbuf_16)
                  0.05    0.15   10.43 ^ clkbuf_3_6__f_clk/X (sky130_fd_sc_hd__clkbuf_16)
     9    0.03                           clknet_3_6__leaf_clk (net)
                  0.05    0.00   10.43 ^ _521_/CLK (sky130_fd_sc_hd__dfrtp_1)
                         -0.25   10.18   clock uncertainty
                          0.00   10.18   clock reconvergence pessimism
                         -0.10   10.08   library setup time
                                 10.08   data required time
-----------------------------------------------------------------------------
                                 10.08   data required time
                                 -3.37   data arrival time
-----------------------------------------------------------------------------
                                  6.71   slack (MET)


Startpoint: cfg_idx[0] (input port clocked by clk)
Endpoint: _520_ (rising edge-triggered flip-flop clocked by clk)
Path Group: clk
Path Type: max

Fanout     Cap    Slew   Delay    Time   Description
-----------------------------------------------------------------------------
                          0.00    0.00   clock clk (rise edge)
                          0.00    0.00   clock network delay (propagated)
                          2.00    2.00 v input external delay
                  0.01    0.01    2.01 v cfg_idx[0] (in)
     1    0.00                           cfg_idx[0] (net)
                  0.01    0.00    2.01 v input2/A (sky130_fd_sc_hd__buf_1)
                  0.11    0.14    2.15 v input2/X (sky130_fd_sc_hd__buf_1)
     4    0.02                           net2 (net)
                  0.11    0.00    2.15 v _349_/A_N (sky130_fd_sc_hd__and3b_1)
                  0.05    0.23    2.39 ^ _349_/X (sky130_fd_sc_hd__and3b_1)
     1    0.00                           _169_ (net)
                  0.05    0.00    2.39 ^ _350_/A (sky130_fd_sc_hd__buf_4)
                  0.18    0.22    2.61 ^ _350_/X (sky130_fd_sc_hd__buf_4)
     8    0.06                           _170_ (net)
                  0.18    0.00    2.61 ^ _351_/A (sky130_fd_sc_hd__buf_4)
                  0.21    0.29    2.90 ^ _351_/X (sky130_fd_sc_hd__buf_4)
    10    0.08                           _171_ (net)
                  0.21    0.00    2.90 ^ _401_/S (sky130_fd_sc_hd__mux2_1)
                  0.06    0.36    3.27 v _401_/X (sky130_fd_sc_hd__mux2_1)
     1    0.00                           _198_ (net)
                  0.06    0.00    3.27 v _402_/A (sky130_fd_sc_hd__clkbuf_1)
                  0.02    0.09    3.36 v _402_/X (sky130_fd_sc_hd__clkbuf_1)
     1    0.00                           _033_ (net)
                  0.02    0.00    3.36 v _520_/D (sky130_fd_sc_hd__dfrtp_1)
                                  3.36   data arrival time

                         10.00   10.00   clock clk (rise edge)
                          0.00   10.00   clock source latency
                  0.12    0.08   10.08 ^ clk (in)
     1    0.03                           clk (net)
                  0.12    0.00   10.08 ^ clkbuf_0_clk/A (sky130_fd_sc_hd__clkbuf_16)
                  0.11    0.20   10.28 ^ clkbuf_0_clk/X (sky130_fd_sc_hd__clkbuf_16)
     8    0.09                           clknet_0_clk (net)
                  0.11    0.00   10.28 ^ clkbuf_3_0__f_clk/A (sky130_fd_sc_hd__clkbuf_16)
                  0.04    0.14   10.42 ^ clkbuf_3_0__f_clk/X (sky130_fd_sc_hd__clkbuf_16)
     7    0.02                           clknet_3_0__leaf_clk (net)
                  0.04    0.00   10.42 ^ _520_/CLK (sky130_fd_sc_hd__dfrtp_1)
                         -0.25   10.17   clock uncertainty
                          0.00   10.17   clock reconvergence pessimism
                         -0.11   10.07   library setup time
                                 10.07   data required time
-----------------------------------------------------------------------------
                                 10.07   data required time
                                 -3.36   data arrival time
-----------------------------------------------------------------------------
                                  6.71   slack (MET)


Startpoint: cfg_idx[0] (input port clocked by clk)
Endpoint: _514_ (rising edge-triggered flip-flop clocked by clk)
Path Group: clk
Path Type: max

Fanout     Cap    Slew   Delay    Time   Description
-----------------------------------------------------------------------------
                          0.00    0.00   clock clk (rise edge)
                          0.00    0.00   clock network delay (propagated)
                          2.00    2.00 ^ input external delay
                  0.03    0.02    2.02 ^ cfg_idx[0] (in)
     1    0.00                           cfg_idx[0] (net)
                  0.03    0.00    2.02 ^ input2/A (sky130_fd_sc_hd__buf_1)
                  0.21    0.20    2.22 ^ input2/X (sky130_fd_sc_hd__buf_1)
     4    0.02                           net2 (net)
                  0.21    0.00    2.22 ^ _344_/B (sky130_fd_sc_hd__and3b_1)
                  0.05    0.20    2.41 ^ _344_/X (sky130_fd_sc_hd__and3b_1)
     1    0.00                           _165_ (net)
                  0.05    0.00    2.41 ^ _345_/A (sky130_fd_sc_hd__buf_4)
                  0.18    0.22    2.63 ^ _345_/X (sky130_fd_sc_hd__buf_4)
     8    0.06                           _166_ (net)
                  0.18    0.00    2.64 ^ _346_/A (sky130_fd_sc_hd__buf_4)
                  0.18    0.27    2.90 ^ _346_/X (sky130_fd_sc_hd__buf_4)
    10    0.06                           _167_ (net)
                  0.18    0.00    2.91 ^ _389_/S (sky130_fd_sc_hd__mux2_1)
                  0.06    0.36    3.27 v _389_/X (sky130_fd_sc_hd__mux2_1)
     1    0.00                           _192_ (net)
                  0.06    0.00    3.27 v _390_/A (sky130_fd_sc_hd__clkbuf_1)
                  0.03    0.10    3.37 v _390_/X (sky130_fd_sc_hd__clkbuf_1)
     1    0.00                           _027_ (net)
                  0.03    0.00    3.37 v _514_/D (sky130_fd_sc_hd__dfrtp_1)
                                  3.37   data arrival time

                         10.00   10.00   clock clk (rise edge)
                          0.00   10.00   clock source latency
                  0.12    0.08   10.08 ^ clk (in)
     1    0.03                           clk (net)
                  0.12    0.00   10.08 ^ clkbuf_0_clk/A (sky130_fd_sc_hd__clkbuf_16)
                  0.11    0.20   10.28 ^ clkbuf_0_clk/X (sky130_fd_sc_hd__clkbuf_16)
     8    0.09                           clknet_0_clk (net)
                  0.11    0.00   10.28 ^ clkbuf_3_4__f_clk/A (sky130_fd_sc_hd__clkbuf_16)
                  0.05    0.15   10.43 ^ clkbuf_3_4__f_clk/X (sky130_fd_sc_hd__clkbuf_16)
     9    0.03                           clknet_3_4__leaf_clk (net)
                  0.05    0.00   10.43 ^ _514_/CLK (sky130_fd_sc_hd__dfrtp_1)
                         -0.25   10.18   clock uncertainty
                          0.00   10.18   clock reconvergence pessimism
                         -0.10   10.07   library setup time
                                 10.07   data required time
-----------------------------------------------------------------------------
                                 10.07   data required time
                                 -3.37   data arrival time
-----------------------------------------------------------------------------
                                  6.71   slack (MET)


Startpoint: cfg_idx[0] (input port clocked by clk)
Endpoint: _510_ (rising edge-triggered flip-flop clocked by clk)
Path Group: clk
Path Type: max

Fanout     Cap    Slew   Delay    Time   Description
-----------------------------------------------------------------------------
                          0.00    0.00   clock clk (rise edge)
                          0.00    0.00   clock network delay (propagated)
                          2.00    2.00 ^ input external delay
                  0.03    0.02    2.02 ^ cfg_idx[0] (in)
     1    0.00                           cfg_idx[0] (net)
                  0.03    0.00    2.02 ^ input2/A (sky130_fd_sc_hd__buf_1)
                  0.21    0.20    2.22 ^ input2/X (sky130_fd_sc_hd__buf_1)
     4    0.02                           net2 (net)
                  0.21    0.00    2.22 ^ _344_/B (sky130_fd_sc_hd__and3b_1)
                  0.05    0.20    2.41 ^ _344_/X (sky130_fd_sc_hd__and3b_1)
     1    0.00                           _165_ (net)
                  0.05    0.00    2.41 ^ _345_/A (sky130_fd_sc_hd__buf_4)
                  0.18    0.22    2.63 ^ _345_/X (sky130_fd_sc_hd__buf_4)
     8    0.06                           _166_ (net)
                  0.18    0.00    2.64 ^ _346_/A (sky130_fd_sc_hd__buf_4)
                  0.18    0.27    2.90 ^ _346_/X (sky130_fd_sc_hd__buf_4)
    10    0.06                           _167_ (net)
                  0.18    0.00    2.91 ^ _381_/S (sky130_fd_sc_hd__mux2_1)
                  0.06    0.36    3.27 v _381_/X (sky130_fd_sc_hd__mux2_1)
     1    0.00                           _188_ (net)
                  0.06    0.00    3.27 v _382_/A (sky130_fd_sc_hd__clkbuf_1)
                  0.03    0.10    3.37 v _382_/X (sky130_fd_sc_hd__clkbuf_1)
     1    0.00                           _023_ (net)
                  0.03    0.00    3.37 v _510_/D (sky130_fd_sc_hd__dfrtp_1)
                                  3.37   data arrival time

                         10.00   10.00   clock clk (rise edge)
                          0.00   10.00   clock source latency
                  0.12    0.08   10.08 ^ clk (in)
     1    0.03                           clk (net)
                  0.12    0.00   10.08 ^ clkbuf_0_clk/A (sky130_fd_sc_hd__clkbuf_16)
                  0.11    0.20   10.28 ^ clkbuf_0_clk/X (sky130_fd_sc_hd__clkbuf_16)
     8    0.09                           clknet_0_clk (net)
                  0.11    0.00   10.28 ^ clkbuf_3_5__f_clk/A (sky130_fd_sc_hd__clkbuf_16)
                  0.05    0.15   10.43 ^ clkbuf_3_5__f_clk/X (sky130_fd_sc_hd__clkbuf_16)
    10    0.03                           clknet_3_5__leaf_clk (net)
                  0.05    0.00   10.43 ^ _510_/CLK (sky130_fd_sc_hd__dfrtp_1)
                         -0.25   10.18   clock uncertainty
                          0.00   10.18   clock reconvergence pessimism
                         -0.10   10.08   library setup time
                                 10.08   data required time
-----------------------------------------------------------------------------
                                 10.08   data required time
                                 -3.37   data arrival time
-----------------------------------------------------------------------------
                                  6.71   slack (MET)


Startpoint: cfg_idx[0] (input port clocked by clk)
Endpoint: _513_ (rising edge-triggered flip-flop clocked by clk)
Path Group: clk
Path Type: max

Fanout     Cap    Slew   Delay    Time   Description
-----------------------------------------------------------------------------
                          0.00    0.00   clock clk (rise edge)
                          0.00    0.00   clock network delay (propagated)
                          2.00    2.00 ^ input external delay
                  0.03    0.02    2.02 ^ cfg_idx[0] (in)
     1    0.00                           cfg_idx[0] (net)
                  0.03    0.00    2.02 ^ input2/A (sky130_fd_sc_hd__buf_1)
                  0.21    0.20    2.22 ^ input2/X (sky130_fd_sc_hd__buf_1)
     4    0.02                           net2 (net)
                  0.21    0.00    2.22 ^ _344_/B (sky130_fd_sc_hd__and3b_1)
                  0.05    0.20    2.41 ^ _344_/X (sky130_fd_sc_hd__and3b_1)
     1    0.00                           _165_ (net)
                  0.05    0.00    2.41 ^ _345_/A (sky130_fd_sc_hd__buf_4)
                  0.18    0.22    2.63 ^ _345_/X (sky130_fd_sc_hd__buf_4)
     8    0.06                           _166_ (net)
                  0.18    0.00    2.64 ^ _346_/A (sky130_fd_sc_hd__buf_4)
                  0.18    0.27    2.90 ^ _346_/X (sky130_fd_sc_hd__buf_4)
    10    0.06                           _167_ (net)
                  0.18    0.00    2.91 ^ _387_/S (sky130_fd_sc_hd__mux2_1)
                  0.06    0.36    3.27 v _387_/X (sky130_fd_sc_hd__mux2_1)
     1    0.00                           _191_ (net)
                  0.06    0.00    3.27 v _388_/A (sky130_fd_sc_hd__clkbuf_1)
                  0.03    0.10    3.37 v _388_/X (sky130_fd_sc_hd__clkbuf_1)
     1    0.00                           _026_ (net)
                  0.03    0.00    3.37 v _513_/D (sky130_fd_sc_hd__dfrtp_1)
                                  3.37   data arrival time

                         10.00   10.00   clock clk (rise edge)
                          0.00   10.00   clock source latency
                  0.12    0.08   10.08 ^ clk (in)
     1    0.03                           clk (net)
                  0.12    0.00   10.08 ^ clkbuf_0_clk/A (sky130_fd_sc_hd__clkbuf_16)
                  0.11    0.20   10.28 ^ clkbuf_0_clk/X (sky130_fd_sc_hd__clkbuf_16)
     8    0.09                           clknet_0_clk (net)
                  0.11    0.00   10.28 ^ clkbuf_3_6__f_clk/A (sky130_fd_sc_hd__clkbuf_16)
                  0.05    0.15   10.43 ^ clkbuf_3_6__f_clk/X (sky130_fd_sc_hd__clkbuf_16)
     9    0.03                           clknet_3_6__leaf_clk (net)
                  0.05    0.00   10.43 ^ _513_/CLK (sky130_fd_sc_hd__dfrtp_1)
                         -0.25   10.18   clock uncertainty
                          0.00   10.18   clock reconvergence pessimism
                         -0.10   10.08   library setup time
                                 10.08   data required time
-----------------------------------------------------------------------------
                                 10.08   data required time
                                 -3.37   data arrival time
-----------------------------------------------------------------------------
                                  6.71   slack (MET)


Startpoint: cfg_idx[0] (input port clocked by clk)
Endpoint: _516_ (rising edge-triggered flip-flop clocked by clk)
Path Group: clk
Path Type: max

Fanout     Cap    Slew   Delay    Time   Description
-----------------------------------------------------------------------------
                          0.00    0.00   clock clk (rise edge)
                          0.00    0.00   clock network delay (propagated)
                          2.00    2.00 v input external delay
                  0.01    0.01    2.01 v cfg_idx[0] (in)
     1    0.00                           cfg_idx[0] (net)
                  0.01    0.00    2.01 v input2/A (sky130_fd_sc_hd__buf_1)
                  0.11    0.14    2.15 v input2/X (sky130_fd_sc_hd__buf_1)
     4    0.02                           net2 (net)
                  0.11    0.00    2.15 v _349_/A_N (sky130_fd_sc_hd__and3b_1)
                  0.05    0.23    2.39 ^ _349_/X (sky130_fd_sc_hd__and3b_1)
     1    0.00                           _169_ (net)
                  0.05    0.00    2.39 ^ _350_/A (sky130_fd_sc_hd__buf_4)
                  0.18    0.22    2.61 ^ _350_/X (sky130_fd_sc_hd__buf_4)
     8    0.06                           _170_ (net)
                  0.18    0.00    2.61 ^ _351_/A (sky130_fd_sc_hd__buf_4)
                  0.21    0.29    2.90 ^ _351_/X (sky130_fd_sc_hd__buf_4)
    10    0.08                           _171_ (net)
                  0.21    0.00    2.90 ^ _393_/S (sky130_fd_sc_hd__mux2_1)
                  0.05    0.35    3.26 v _393_/X (sky130_fd_sc_hd__mux2_1)
     1    0.00                           _194_ (net)
                  0.05    0.00    3.26 v _394_/A (sky130_fd_sc_hd__clkbuf_1)
                  0.02    0.09    3.35 v _394_/X (sky130_fd_sc_hd__clkbuf_1)
     1    0.00                           _029_ (net)
                  0.02    0.00    3.35 v _516_/D (sky130_fd_sc_hd__dfrtp_1)
                                  3.35   data arrival time

                         10.00   10.00   clock clk (rise edge)
                          0.00   10.00   clock source latency
                  0.12    0.08   10.08 ^ clk (in)
     1    0.03                           clk (net)
                  0.12    0.00   10.08 ^ clkbuf_0_clk/A (sky130_fd_sc_hd__clkbuf_16)
                  0.11    0.20   10.28 ^ clkbuf_0_clk/X (sky130_fd_sc_hd__clkbuf_16)
     8    0.09                           clknet_0_clk (net)
                  0.11    0.00   10.28 ^ clkbuf_3_0__f_clk/A (sky130_fd_sc_hd__clkbuf_16)
                  0.04    0.14   10.42 ^ clkbuf_3_0__f_clk/X (sky130_fd_sc_hd__clkbuf_16)
     7    0.02                           clknet_3_0__leaf_clk (net)
                  0.04    0.00   10.42 ^ _516_/CLK (sky130_fd_sc_hd__dfrtp_1)
                         -0.25   10.17   clock uncertainty
                          0.00   10.17   clock reconvergence pessimism
                         -0.11   10.07   library setup time
                                 10.07   data required time
-----------------------------------------------------------------------------
                                 10.07   data required time
                                 -3.35   data arrival time
-----------------------------------------------------------------------------
                                  6.71   slack (MET)


Startpoint: cfg_idx[0] (input port clocked by clk)
Endpoint: _518_ (rising edge-triggered flip-flop clocked by clk)
Path Group: clk
Path Type: max

Fanout     Cap    Slew   Delay    Time   Description
-----------------------------------------------------------------------------
                          0.00    0.00   clock clk (rise edge)
                          0.00    0.00   clock network delay (propagated)
                          2.00    2.00 v input external delay
                  0.01    0.01    2.01 v cfg_idx[0] (in)
     1    0.00                           cfg_idx[0] (net)
                  0.01    0.00    2.01 v input2/A (sky130_fd_sc_hd__buf_1)
                  0.11    0.14    2.15 v input2/X (sky130_fd_sc_hd__buf_1)
     4    0.02                           net2 (net)
                  0.11    0.00    2.15 v _349_/A_N (sky130_fd_sc_hd__and3b_1)
                  0.05    0.23    2.39 ^ _349_/X (sky130_fd_sc_hd__and3b_1)
     1    0.00                           _169_ (net)
                  0.05    0.00    2.39 ^ _350_/A (sky130_fd_sc_hd__buf_4)
                  0.18    0.22    2.61 ^ _350_/X (sky130_fd_sc_hd__buf_4)
     8    0.06                           _170_ (net)
                  0.18    0.00    2.61 ^ _351_/A (sky130_fd_sc_hd__buf_4)
                  0.21    0.29    2.90 ^ _351_/X (sky130_fd_sc_hd__buf_4)
    10    0.08                           _171_ (net)
                  0.21    0.01    2.91 ^ _397_/S (sky130_fd_sc_hd__mux2_1)
                  0.06    0.36    3.27 v _397_/X (sky130_fd_sc_hd__mux2_1)
     1    0.00                           _196_ (net)
                  0.06    0.00    3.27 v _398_/A (sky130_fd_sc_hd__clkbuf_1)
                  0.02    0.09    3.36 v _398_/X (sky130_fd_sc_hd__clkbuf_1)
     1    0.00                           _031_ (net)
                  0.02    0.00    3.36 v _518_/D (sky130_fd_sc_hd__dfrtp_1)
                                  3.36   data arrival time

                         10.00   10.00   clock clk (rise edge)
                          0.00   10.00   clock source latency
                  0.12    0.08   10.08 ^ clk (in)
     1    0.03                           clk (net)
                  0.12    0.00   10.08 ^ clkbuf_0_clk/A (sky130_fd_sc_hd__clkbuf_16)
                  0.11    0.20   10.28 ^ clkbuf_0_clk/X (sky130_fd_sc_hd__clkbuf_16)
     8    0.09                           clknet_0_clk (net)
                  0.11    0.00   10.28 ^ clkbuf_3_7__f_clk/A (sky130_fd_sc_hd__clkbuf_16)
                  0.06    0.15   10.43 ^ clkbuf_3_7__f_clk/X (sky130_fd_sc_hd__clkbuf_16)
    11    0.04                           clknet_3_7__leaf_clk (net)
                  0.06    0.00   10.43 ^ _518_/CLK (sky130_fd_sc_hd__dfrtp_1)
                         -0.25   10.18   clock uncertainty
                          0.00   10.18   clock reconvergence pessimism
                         -0.10   10.08   library setup time
                                 10.08   data required time
-----------------------------------------------------------------------------
                                 10.08   data required time
                                 -3.36   data arrival time
-----------------------------------------------------------------------------
                                  6.72   slack (MET)


Startpoint: cfg_idx[0] (input port clocked by clk)
Endpoint: _511_ (rising edge-triggered flip-flop clocked by clk)
Path Group: clk
Path Type: max

Fanout     Cap    Slew   Delay    Time   Description
-----------------------------------------------------------------------------
                          0.00    0.00   clock clk (rise edge)
                          0.00    0.00   clock network delay (propagated)
                          2.00    2.00 ^ input external delay
                  0.03    0.02    2.02 ^ cfg_idx[0] (in)
     1    0.00                           cfg_idx[0] (net)
                  0.03    0.00    2.02 ^ input2/A (sky130_fd_sc_hd__buf_1)
                  0.21    0.20    2.22 ^ input2/X (sky130_fd_sc_hd__buf_1)
     4    0.02                           net2 (net)
                  0.21    0.00    2.22 ^ _344_/B (sky130_fd_sc_hd__and3b_1)
                  0.05    0.20    2.41 ^ _344_/X (sky130_fd_sc_hd__and3b_1)
     1    0.00                           _165_ (net)
                  0.05    0.00    2.41 ^ _345_/A (sky130_fd_sc_hd__buf_4)
                  0.18    0.22    2.63 ^ _345_/X (sky130_fd_sc_hd__buf_4)
     8    0.06                           _166_ (net)
                  0.18    0.00    2.64 ^ _346_/A (sky130_fd_sc_hd__buf_4)
                  0.18    0.27    2.90 ^ _346_/X (sky130_fd_sc_hd__buf_4)
    10    0.06                           _167_ (net)
                  0.18    0.00    2.91 ^ _383_/S (sky130_fd_sc_hd__mux2_1)
                  0.06    0.36    3.26 v _383_/X (sky130_fd_sc_hd__mux2_1)
     1    0.00                           _189_ (net)
                  0.06    0.00    3.26 v _384_/A (sky130_fd_sc_hd__clkbuf_1)
                  0.03    0.10    3.36 v _384_/X (sky130_fd_sc_hd__clkbuf_1)
     1    0.00                           _024_ (net)
                  0.03    0.00    3.36 v _511_/D (sky130_fd_sc_hd__dfrtp_1)
                                  3.36   data arrival time

                         10.00   10.00   clock clk (rise edge)
                          0.00   10.00   clock source latency
                  0.12    0.08   10.08 ^ clk (in)
     1    0.03                           clk (net)
                  0.12    0.00   10.08 ^ clkbuf_0_clk/A (sky130_fd_sc_hd__clkbuf_16)
                  0.11    0.20   10.28 ^ clkbuf_0_clk/X (sky130_fd_sc_hd__clkbuf_16)
     8    0.09                           clknet_0_clk (net)
                  0.11    0.00   10.28 ^ clkbuf_3_2__f_clk/A (sky130_fd_sc_hd__clkbuf_16)
                  0.05    0.15   10.43 ^ clkbuf_3_2__f_clk/X (sky130_fd_sc_hd__clkbuf_16)
     9    0.03                           clknet_3_2__leaf_clk (net)
                  0.05    0.00   10.43 ^ _511_/CLK (sky130_fd_sc_hd__dfrtp_1)
                         -0.25   10.18   clock uncertainty
                          0.00   10.18   clock reconvergence pessimism
                         -0.10   10.08   library setup time
                                 10.08   data required time
-----------------------------------------------------------------------------
                                 10.08   data required time
                                 -3.36   data arrival time
-----------------------------------------------------------------------------
                                  6.72   slack (MET)


Startpoint: cfg_idx[0] (input port clocked by clk)
Endpoint: _522_ (rising edge-triggered flip-flop clocked by clk)
Path Group: clk
Path Type: max

Fanout     Cap    Slew   Delay    Time   Description
-----------------------------------------------------------------------------
                          0.00    0.00   clock clk (rise edge)
                          0.00    0.00   clock network delay (propagated)
                          2.00    2.00 v input external delay
                  0.01    0.01    2.01 v cfg_idx[0] (in)
     1    0.00                           cfg_idx[0] (net)
                  0.01    0.00    2.01 v input2/A (sky130_fd_sc_hd__buf_1)
                  0.11    0.14    2.15 v input2/X (sky130_fd_sc_hd__buf_1)
     4    0.02                           net2 (net)
                  0.11    0.00    2.15 v _349_/A_N (sky130_fd_sc_hd__and3b_1)
                  0.05    0.23    2.39 ^ _349_/X (sky130_fd_sc_hd__and3b_1)
     1    0.00                           _169_ (net)
                  0.05    0.00    2.39 ^ _350_/A (sky130_fd_sc_hd__buf_4)
                  0.18    0.22    2.61 ^ _350_/X (sky130_fd_sc_hd__buf_4)
     8    0.06                           _170_ (net)
                  0.18    0.00    2.61 ^ _351_/A (sky130_fd_sc_hd__buf_4)
                  0.21    0.29    2.90 ^ _351_/X (sky130_fd_sc_hd__buf_4)
    10    0.08                           _171_ (net)
                  0.21    0.00    2.91 ^ _405_/S (sky130_fd_sc_hd__mux2_1)
                  0.06    0.36    3.27 v _405_/X (sky130_fd_sc_hd__mux2_1)
     1    0.00                           _200_ (net)
                  0.06    0.00    3.27 v _406_/A (sky130_fd_sc_hd__clkbuf_1)
                  0.02    0.10    3.36 v _406_/X (sky130_fd_sc_hd__clkbuf_1)
     1    0.00                           _035_ (net)
                  0.02    0.00    3.36 v _522_/D (sky130_fd_sc_hd__dfrtp_1)
                                  3.36   data arrival time

                         10.00   10.00   clock clk (rise edge)
                          0.00   10.00   clock source latency
                  0.12    0.08   10.08 ^ clk (in)
     1    0.03                           clk (net)
                  0.12    0.00   10.08 ^ clkbuf_0_clk/A (sky130_fd_sc_hd__clkbuf_16)
                  0.11    0.20   10.28 ^ clkbuf_0_clk/X (sky130_fd_sc_hd__clkbuf_16)
     8    0.09                           clknet_0_clk (net)
                  0.11    0.00   10.28 ^ clkbuf_3_1__f_clk/A (sky130_fd_sc_hd__clkbuf_16)
                  0.06    0.15   10.43 ^ clkbuf_3_1__f_clk/X (sky130_fd_sc_hd__clkbuf_16)
    10    0.03                           clknet_3_1__leaf_clk (net)
                  0.06    0.00   10.43 ^ _522_/CLK (sky130_fd_sc_hd__dfrtp_1)
                         -0.25   10.18   clock uncertainty
                          0.00   10.18   clock reconvergence pessimism
                         -0.10   10.08   library setup time
                                 10.08   data required time
-----------------------------------------------------------------------------
                                 10.08   data required time
                                 -3.36   data arrival time
-----------------------------------------------------------------------------
                                  6.72   slack (MET)


Startpoint: cfg_idx[0] (input port clocked by clk)
Endpoint: _508_ (rising edge-triggered flip-flop clocked by clk)
Path Group: clk
Path Type: max

Fanout     Cap    Slew   Delay    Time   Description
-----------------------------------------------------------------------------
                          0.00    0.00   clock clk (rise edge)
                          0.00    0.00   clock network delay (propagated)
                          2.00    2.00 ^ input external delay
                  0.03    0.02    2.02 ^ cfg_idx[0] (in)
     1    0.00                           cfg_idx[0] (net)
                  0.03    0.00    2.02 ^ input2/A (sky130_fd_sc_hd__buf_1)
                  0.21    0.20    2.22 ^ input2/X (sky130_fd_sc_hd__buf_1)
     4    0.02                           net2 (net)
                  0.21    0.00    2.22 ^ _344_/B (sky130_fd_sc_hd__and3b_1)
                  0.05    0.20    2.41 ^ _344_/X (sky130_fd_sc_hd__and3b_1)
     1    0.00                           _165_ (net)
                  0.05    0.00    2.41 ^ _345_/A (sky130_fd_sc_hd__buf_4)
                  0.18    0.22    2.63 ^ _345_/X (sky130_fd_sc_hd__buf_4)
     8    0.06                           _166_ (net)
                  0.18    0.00    2.64 ^ _346_/A (sky130_fd_sc_hd__buf_4)
                  0.18    0.27    2.90 ^ _346_/X (sky130_fd_sc_hd__buf_4)
    10    0.06                           _167_ (net)
                  0.18    0.00    2.91 ^ _377_/S (sky130_fd_sc_hd__mux2_1)
                  0.06    0.36    3.26 v _377_/X (sky130_fd_sc_hd__mux2_1)
     1    0.00                           _186_ (net)
                  0.06    0.00    3.26 v _378_/A (sky130_fd_sc_hd__clkbuf_1)
                  0.03    0.10    3.36 v _378_/X (sky130_fd_sc_hd__clkbuf_1)
     1    0.00                           _021_ (net)
                  0.03    0.00    3.36 v _508_/D (sky130_fd_sc_hd__dfrtp_1)
                                  3.36   data arrival time

                         10.00   10.00   clock clk (rise edge)
                          0.00   10.00   clock source latency
                  0.12    0.08   10.08 ^ clk (in)
     1    0.03                           clk (net)
                  0.12    0.00   10.08 ^ clkbuf_0_clk/A (sky130_fd_sc_hd__clkbuf_16)
                  0.11    0.20   10.28 ^ clkbuf_0_clk/X (sky130_fd_sc_hd__clkbuf_16)
     8    0.09                           clknet_0_clk (net)
                  0.11    0.00   10.28 ^ clkbuf_3_1__f_clk/A (sky130_fd_sc_hd__clkbuf_16)
                  0.06    0.15   10.43 ^ clkbuf_3_1__f_clk/X (sky130_fd_sc_hd__clkbuf_16)
    10    0.03                           clknet_3_1__leaf_clk (net)
                  0.06    0.00   10.43 ^ _508_/CLK (sky130_fd_sc_hd__dfrtp_1)
                         -0.25   10.18   clock uncertainty
                          0.00   10.18   clock reconvergence pessimism
                         -0.10   10.08   library setup time
                                 10.08   data required time
-----------------------------------------------------------------------------
                                 10.08   data required time
                                 -3.36   data arrival time
-----------------------------------------------------------------------------
                                  6.72   slack (MET)


Startpoint: cfg_idx[0] (input port clocked by clk)
Endpoint: _547_ (rising edge-triggered flip-flop clocked by clk)
Path Group: clk
Path Type: max

Fanout     Cap    Slew   Delay    Time   Description
-----------------------------------------------------------------------------
                          0.00    0.00   clock clk (rise edge)
                          0.00    0.00   clock network delay (propagated)
                          2.00    2.00 v input external delay
                  0.01    0.01    2.01 v cfg_idx[0] (in)
     1    0.00                           cfg_idx[0] (net)
                  0.01    0.00    2.01 v input2/A (sky130_fd_sc_hd__buf_1)
                  0.11    0.14    2.15 v input2/X (sky130_fd_sc_hd__buf_1)
     4    0.02                           net2 (net)
                  0.11    0.00    2.15 v _349_/A_N (sky130_fd_sc_hd__and3b_1)
                  0.05    0.23    2.39 ^ _349_/X (sky130_fd_sc_hd__and3b_1)
     1    0.00                           _169_ (net)
                  0.05    0.00    2.39 ^ _350_/A (sky130_fd_sc_hd__buf_4)
                  0.18    0.22    2.61 ^ _350_/X (sky130_fd_sc_hd__buf_4)
     8    0.06                           _170_ (net)
                  0.18    0.00    2.61 ^ _351_/A (sky130_fd_sc_hd__buf_4)
                  0.21    0.29    2.90 ^ _351_/X (sky130_fd_sc_hd__buf_4)
    10    0.08                           _171_ (net)
                  0.21    0.01    2.91 ^ _455_/S (sky130_fd_sc_hd__mux2_1)
                  0.05    0.36    3.27 v _455_/X (sky130_fd_sc_hd__mux2_1)
     1    0.00                           _225_ (net)
                  0.05    0.00    3.27 v _456_/A (sky130_fd_sc_hd__clkbuf_1)
                  0.02    0.09    3.36 v _456_/X (sky130_fd_sc_hd__clkbuf_1)
     1    0.00                           _060_ (net)
                  0.02    0.00    3.36 v _547_/D (sky130_fd_sc_hd__dfrtp_1)
                                  3.36   data arrival time

                         10.00   10.00   clock clk (rise edge)
                          0.00   10.00   clock source latency
                  0.12    0.08   10.08 ^ clk (in)
     1    0.03                           clk (net)
                  0.12    0.00   10.08 ^ clkbuf_0_clk/A (sky130_fd_sc_hd__clkbuf_16)
                  0.11    0.20   10.28 ^ clkbuf_0_clk/X (sky130_fd_sc_hd__clkbuf_16)
     8    0.09                           clknet_0_clk (net)
                  0.11    0.00   10.28 ^ clkbuf_3_7__f_clk/A (sky130_fd_sc_hd__clkbuf_16)
                  0.06    0.15   10.43 ^ clkbuf_3_7__f_clk/X (sky130_fd_sc_hd__clkbuf_16)
    11    0.04                           clknet_3_7__leaf_clk (net)
                  0.06    0.00   10.43 ^ _547_/CLK (sky130_fd_sc_hd__dfrtp_1)
                         -0.25   10.18   clock uncertainty
                          0.00   10.18   clock reconvergence pessimism
                         -0.10   10.08   library setup time
                                 10.08   data required time
-----------------------------------------------------------------------------
                                 10.08   data required time
                                 -3.36   data arrival time
-----------------------------------------------------------------------------
                                  6.72   slack (MET)


Startpoint: cfg_idx[0] (input port clocked by clk)
Endpoint: _539_ (rising edge-triggered flip-flop clocked by clk)
Path Group: clk
Path Type: max

Fanout     Cap    Slew   Delay    Time   Description
-----------------------------------------------------------------------------
                          0.00    0.00   clock clk (rise edge)
                          0.00    0.00   clock network delay (propagated)
                          2.00    2.00 ^ input external delay
                  0.03    0.02    2.02 ^ cfg_idx[0] (in)
     1    0.00                           cfg_idx[0] (net)
                  0.03    0.00    2.02 ^ input2/A (sky130_fd_sc_hd__buf_1)
                  0.21    0.20    2.22 ^ input2/X (sky130_fd_sc_hd__buf_1)
     4    0.02                           net2 (net)
                  0.21    0.00    2.22 ^ _344_/B (sky130_fd_sc_hd__and3b_1)
                  0.05    0.20    2.41 ^ _344_/X (sky130_fd_sc_hd__and3b_1)
     1    0.00                           _165_ (net)
                  0.05    0.00    2.41 ^ _345_/A (sky130_fd_sc_hd__buf_4)
                  0.18    0.22    2.63 ^ _345_/X (sky130_fd_sc_hd__buf_4)
     8    0.06                           _166_ (net)
                  0.18    0.00    2.64 ^ _346_/A (sky130_fd_sc_hd__buf_4)
                  0.18    0.27    2.90 ^ _346_/X (sky130_fd_sc_hd__buf_4)
    10    0.06                           _167_ (net)
                  0.18    0.00    2.91 ^ _439_/S (sky130_fd_sc_hd__mux2_1)
                  0.06    0.36    3.26 v _439_/X (sky130_fd_sc_hd__mux2_1)
     1    0.00                           _217_ (net)
                  0.06    0.00    3.26 v _440_/A (sky130_fd_sc_hd__clkbuf_1)
                  0.02    0.09    3.36 v _440_/X (sky130_fd_sc_hd__clkbuf_1)
     1    0.00                           _052_ (net)
                  0.02    0.00    3.36 v _539_/D (sky130_fd_sc_hd__dfrtp_1)
                                  3.36   data arrival time

                         10.00   10.00   clock clk (rise edge)
                          0.00   10.00   clock source latency
                  0.12    0.08   10.08 ^ clk (in)
     1    0.03                           clk (net)
                  0.12    0.00   10.08 ^ clkbuf_0_clk/A (sky130_fd_sc_hd__clkbuf_16)
                  0.11    0.20   10.28 ^ clkbuf_0_clk/X (sky130_fd_sc_hd__clkbuf_16)
     8    0.09                           clknet_0_clk (net)
                  0.11    0.00   10.28 ^ clkbuf_3_5__f_clk/A (sky130_fd_sc_hd__clkbuf_16)
                  0.05    0.15   10.43 ^ clkbuf_3_5__f_clk/X (sky130_fd_sc_hd__clkbuf_16)
    10    0.03                           clknet_3_5__leaf_clk (net)
                  0.05    0.00   10.43 ^ _539_/CLK (sky130_fd_sc_hd__dfrtp_1)
                         -0.25   10.18   clock uncertainty
                          0.00   10.18   clock reconvergence pessimism
                         -0.10   10.08   library setup time
                                 10.08   data required time
-----------------------------------------------------------------------------
                                 10.08   data required time
                                 -3.36   data arrival time
-----------------------------------------------------------------------------
                                  6.72   slack (MET)


Startpoint: cfg_idx[0] (input port clocked by clk)
Endpoint: _496_ (rising edge-triggered flip-flop clocked by clk)
Path Group: clk
Path Type: max

Fanout     Cap    Slew   Delay    Time   Description
-----------------------------------------------------------------------------
                          0.00    0.00   clock clk (rise edge)
                          0.00    0.00   clock network delay (propagated)
                          2.00    2.00 ^ input external delay
                  0.03    0.02    2.02 ^ cfg_idx[0] (in)
     1    0.00                           cfg_idx[0] (net)
                  0.03    0.00    2.02 ^ input2/A (sky130_fd_sc_hd__buf_1)
                  0.21    0.20    2.22 ^ input2/X (sky130_fd_sc_hd__buf_1)
     4    0.02                           net2 (net)
                  0.21    0.00    2.22 ^ _344_/B (sky130_fd_sc_hd__and3b_1)
                  0.05    0.20    2.41 ^ _344_/X (sky130_fd_sc_hd__and3b_1)
     1    0.00                           _165_ (net)
                  0.05    0.00    2.41 ^ _345_/A (sky130_fd_sc_hd__buf_4)
                  0.18    0.22    2.63 ^ _345_/X (sky130_fd_sc_hd__buf_4)
     8    0.06                           _166_ (net)
                  0.18    0.00    2.64 ^ _346_/A (sky130_fd_sc_hd__buf_4)
                  0.18    0.27    2.90 ^ _346_/X (sky130_fd_sc_hd__buf_4)
    10    0.06                           _167_ (net)
                  0.18    0.00    2.91 ^ _347_/S (sky130_fd_sc_hd__mux2_1)
                  0.06    0.36    3.26 v _347_/X (sky130_fd_sc_hd__mux2_1)
     1    0.00                           _168_ (net)
                  0.06    0.00    3.26 v _348_/A (sky130_fd_sc_hd__clkbuf_1)
                  0.02    0.09    3.36 v _348_/X (sky130_fd_sc_hd__clkbuf_1)
     1    0.00                           _009_ (net)
                  0.02    0.00    3.36 v _496_/D (sky130_fd_sc_hd__dfrtp_1)
                                  3.36   data arrival time

                         10.00   10.00   clock clk (rise edge)
                          0.00   10.00   clock source latency
                  0.12    0.08   10.08 ^ clk (in)
     1    0.03                           clk (net)
                  0.12    0.00   10.08 ^ clkbuf_0_clk/A (sky130_fd_sc_hd__clkbuf_16)
                  0.11    0.20   10.28 ^ clkbuf_0_clk/X (sky130_fd_sc_hd__clkbuf_16)
     8    0.09                           clknet_0_clk (net)
                  0.11    0.00   10.28 ^ clkbuf_3_3__f_clk/A (sky130_fd_sc_hd__clkbuf_16)
                  0.06    0.15   10.43 ^ clkbuf_3_3__f_clk/X (sky130_fd_sc_hd__clkbuf_16)
    11    0.04                           clknet_3_3__leaf_clk (net)
                  0.06    0.00   10.43 ^ _496_/CLK (sky130_fd_sc_hd__dfrtp_1)
                         -0.25   10.18   clock uncertainty
                          0.00   10.18   clock reconvergence pessimism
                         -0.10   10.08   library setup time
                                 10.08   data required time
-----------------------------------------------------------------------------
                                 10.08   data required time
                                 -3.36   data arrival time
-----------------------------------------------------------------------------
                                  6.72   slack (MET)


Startpoint: cfg_idx[0] (input port clocked by clk)
Endpoint: _507_ (rising edge-triggered flip-flop clocked by clk)
Path Group: clk
Path Type: max

Fanout     Cap    Slew   Delay    Time   Description
-----------------------------------------------------------------------------
                          0.00    0.00   clock clk (rise edge)
                          0.00    0.00   clock network delay (propagated)
                          2.00    2.00 ^ input external delay
                  0.03    0.02    2.02 ^ cfg_idx[0] (in)
     1    0.00                           cfg_idx[0] (net)
                  0.03    0.00    2.02 ^ input2/A (sky130_fd_sc_hd__buf_1)
                  0.21    0.20    2.22 ^ input2/X (sky130_fd_sc_hd__buf_1)
     4    0.02                           net2 (net)
                  0.21    0.00    2.22 ^ _344_/B (sky130_fd_sc_hd__and3b_1)
                  0.05    0.20    2.41 ^ _344_/X (sky130_fd_sc_hd__and3b_1)
     1    0.00                           _165_ (net)
                  0.05    0.00    2.41 ^ _345_/A (sky130_fd_sc_hd__buf_4)
                  0.18    0.22    2.63 ^ _345_/X (sky130_fd_sc_hd__buf_4)
     8    0.06                           _166_ (net)
                  0.18    0.00    2.64 ^ _346_/A (sky130_fd_sc_hd__buf_4)
                  0.18    0.27    2.90 ^ _346_/X (sky130_fd_sc_hd__buf_4)
    10    0.06                           _167_ (net)
                  0.18    0.00    2.91 ^ _375_/S (sky130_fd_sc_hd__mux2_1)
                  0.05    0.35    3.26 v _375_/X (sky130_fd_sc_hd__mux2_1)
     1    0.00                           _185_ (net)
                  0.05    0.00    3.26 v _376_/A (sky130_fd_sc_hd__clkbuf_1)
                  0.03    0.10    3.35 v _376_/X (sky130_fd_sc_hd__clkbuf_1)
     1    0.00                           _020_ (net)
                  0.03    0.00    3.35 v _507_/D (sky130_fd_sc_hd__dfrtp_1)
                                  3.35   data arrival time

                         10.00   10.00   clock clk (rise edge)
                          0.00   10.00   clock source latency
                  0.12    0.08   10.08 ^ clk (in)
     1    0.03                           clk (net)
                  0.12    0.00   10.08 ^ clkbuf_0_clk/A (sky130_fd_sc_hd__clkbuf_16)
                  0.11    0.20   10.28 ^ clkbuf_0_clk/X (sky130_fd_sc_hd__clkbuf_16)
     8    0.09                           clknet_0_clk (net)
                  0.11    0.00   10.28 ^ clkbuf_3_5__f_clk/A (sky130_fd_sc_hd__clkbuf_16)
                  0.05    0.15   10.43 ^ clkbuf_3_5__f_clk/X (sky130_fd_sc_hd__clkbuf_16)
    10    0.03                           clknet_3_5__leaf_clk (net)
                  0.05    0.00   10.43 ^ _507_/CLK (sky130_fd_sc_hd__dfrtp_1)
                         -0.25   10.18   clock uncertainty
                          0.00   10.18   clock reconvergence pessimism
                         -0.10   10.08   library setup time
                                 10.08   data required time
-----------------------------------------------------------------------------
                                 10.08   data required time
                                 -3.35   data arrival time
-----------------------------------------------------------------------------
                                  6.72   slack (MET)


Startpoint: cfg_idx[0] (input port clocked by clk)
Endpoint: _515_ (rising edge-triggered flip-flop clocked by clk)
Path Group: clk
Path Type: max

Fanout     Cap    Slew   Delay    Time   Description
-----------------------------------------------------------------------------
                          0.00    0.00   clock clk (rise edge)
                          0.00    0.00   clock network delay (propagated)
                          2.00    2.00 v input external delay
                  0.01    0.01    2.01 v cfg_idx[0] (in)
     1    0.00                           cfg_idx[0] (net)
                  0.01    0.00    2.01 v input2/A (sky130_fd_sc_hd__buf_1)
                  0.11    0.14    2.15 v input2/X (sky130_fd_sc_hd__buf_1)
     4    0.02                           net2 (net)
                  0.11    0.00    2.15 v _349_/A_N (sky130_fd_sc_hd__and3b_1)
                  0.05    0.23    2.39 ^ _349_/X (sky130_fd_sc_hd__and3b_1)
     1    0.00                           _169_ (net)
                  0.05    0.00    2.39 ^ _350_/A (sky130_fd_sc_hd__buf_4)
                  0.18    0.22    2.61 ^ _350_/X (sky130_fd_sc_hd__buf_4)
     8    0.06                           _170_ (net)
                  0.18    0.00    2.61 ^ _351_/A (sky130_fd_sc_hd__buf_4)
                  0.21    0.29    2.90 ^ _351_/X (sky130_fd_sc_hd__buf_4)
    10    0.08                           _171_ (net)
                  0.21    0.01    2.91 ^ _391_/S (sky130_fd_sc_hd__mux2_1)
                  0.05    0.35    3.26 v _391_/X (sky130_fd_sc_hd__mux2_1)
     1    0.00                           _193_ (net)
                  0.05    0.00    3.26 v _392_/A (sky130_fd_sc_hd__clkbuf_1)
                  0.02    0.09    3.36 v _392_/X (sky130_fd_sc_hd__clkbuf_1)
     1    0.00                           _028_ (net)
                  0.02    0.00    3.36 v _515_/D (sky130_fd_sc_hd__dfrtp_1)
                                  3.36   data arrival time

                         10.00   10.00   clock clk (rise edge)
                          0.00   10.00   clock source latency
                  0.12    0.08   10.08 ^ clk (in)
     1    0.03                           clk (net)
                  0.12    0.00   10.08 ^ clkbuf_0_clk/A (sky130_fd_sc_hd__clkbuf_16)
                  0.11    0.20   10.28 ^ clkbuf_0_clk/X (sky130_fd_sc_hd__clkbuf_16)
     8    0.09                           clknet_0_clk (net)
                  0.11    0.00   10.28 ^ clkbuf_3_7__f_clk/A (sky130_fd_sc_hd__clkbuf_16)
                  0.06    0.15   10.43 ^ clkbuf_3_7__f_clk/X (sky130_fd_sc_hd__clkbuf_16)
    11    0.04                           clknet_3_7__leaf_clk (net)
                  0.06    0.00   10.43 ^ _515_/CLK (sky130_fd_sc_hd__dfrtp_1)
                         -0.25   10.18   clock uncertainty
                          0.00   10.18   clock reconvergence pessimism
                         -0.10   10.08   library setup time
                                 10.08   data required time
-----------------------------------------------------------------------------
                                 10.08   data required time
                                 -3.36   data arrival time
-----------------------------------------------------------------------------
                                  6.72   slack (MET)


Startpoint: cfg_idx[0] (input port clocked by clk)
Endpoint: _519_ (rising edge-triggered flip-flop clocked by clk)
Path Group: clk
Path Type: max

Fanout     Cap    Slew   Delay    Time   Description
-----------------------------------------------------------------------------
                          0.00    0.00   clock clk (rise edge)
                          0.00    0.00   clock network delay (propagated)
                          2.00    2.00 v input external delay
                  0.01    0.01    2.01 v cfg_idx[0] (in)
     1    0.00                           cfg_idx[0] (net)
                  0.01    0.00    2.01 v input2/A (sky130_fd_sc_hd__buf_1)
                  0.11    0.14    2.15 v input2/X (sky130_fd_sc_hd__buf_1)
     4    0.02                           net2 (net)
                  0.11    0.00    2.15 v _349_/A_N (sky130_fd_sc_hd__and3b_1)
                  0.05    0.23    2.39 ^ _349_/X (sky130_fd_sc_hd__and3b_1)
     1    0.00                           _169_ (net)
                  0.05    0.00    2.39 ^ _350_/A (sky130_fd_sc_hd__buf_4)
                  0.18    0.22    2.61 ^ _350_/X (sky130_fd_sc_hd__buf_4)
     8    0.06                           _170_ (net)
                  0.18    0.00    2.61 ^ _351_/A (sky130_fd_sc_hd__buf_4)
                  0.21    0.29    2.90 ^ _351_/X (sky130_fd_sc_hd__buf_4)
    10    0.08                           _171_ (net)
                  0.21    0.00    2.91 ^ _399_/S (sky130_fd_sc_hd__mux2_1)
                  0.05    0.35    3.26 v _399_/X (sky130_fd_sc_hd__mux2_1)
     1    0.00                           _197_ (net)
                  0.05    0.00    3.26 v _400_/A (sky130_fd_sc_hd__clkbuf_1)
                  0.02    0.09    3.35 v _400_/X (sky130_fd_sc_hd__clkbuf_1)
     1    0.00                           _032_ (net)
                  0.02    0.00    3.35 v _519_/D (sky130_fd_sc_hd__dfrtp_1)
                                  3.35   data arrival time

                         10.00   10.00   clock clk (rise edge)
                          0.00   10.00   clock source latency
                  0.12    0.08   10.08 ^ clk (in)
     1    0.03                           clk (net)
                  0.12    0.00   10.08 ^ clkbuf_0_clk/A (sky130_fd_sc_hd__clkbuf_16)
                  0.11    0.20   10.28 ^ clkbuf_0_clk/X (sky130_fd_sc_hd__clkbuf_16)
     8    0.09                           clknet_0_clk (net)
                  0.11    0.00   10.28 ^ clkbuf_3_2__f_clk/A (sky130_fd_sc_hd__clkbuf_16)
                  0.05    0.15   10.43 ^ clkbuf_3_2__f_clk/X (sky130_fd_sc_hd__clkbuf_16)
     9    0.03                           clknet_3_2__leaf_clk (net)
                  0.05    0.00   10.43 ^ _519_/CLK (sky130_fd_sc_hd__dfrtp_1)
                         -0.25   10.18   clock uncertainty
                          0.00   10.18   clock reconvergence pessimism
                         -0.10   10.08   library setup time
                                 10.08   data required time
-----------------------------------------------------------------------------
                                 10.08   data required time
                                 -3.35   data arrival time
-----------------------------------------------------------------------------
                                  6.72   slack (MET)


Startpoint: cfg_idx[0] (input port clocked by clk)
Endpoint: _497_ (rising edge-triggered flip-flop clocked by clk)
Path Group: clk
Path Type: max

Fanout     Cap    Slew   Delay    Time   Description
-----------------------------------------------------------------------------
                          0.00    0.00   clock clk (rise edge)
                          0.00    0.00   clock network delay (propagated)
                          2.00    2.00 v input external delay
                  0.01    0.01    2.01 v cfg_idx[0] (in)
     1    0.00                           cfg_idx[0] (net)
                  0.01    0.00    2.01 v input2/A (sky130_fd_sc_hd__buf_1)
                  0.11    0.14    2.15 v input2/X (sky130_fd_sc_hd__buf_1)
     4    0.02                           net2 (net)
                  0.11    0.00    2.15 v _349_/A_N (sky130_fd_sc_hd__and3b_1)
                  0.05    0.23    2.39 ^ _349_/X (sky130_fd_sc_hd__and3b_1)
     1    0.00                           _169_ (net)
                  0.05    0.00    2.39 ^ _350_/A (sky130_fd_sc_hd__buf_4)
                  0.18    0.22    2.61 ^ _350_/X (sky130_fd_sc_hd__buf_4)
     8    0.06                           _170_ (net)
                  0.18    0.00    2.61 ^ _351_/A (sky130_fd_sc_hd__buf_4)
                  0.21    0.29    2.90 ^ _351_/X (sky130_fd_sc_hd__buf_4)
    10    0.08                           _171_ (net)
                  0.21    0.00    2.91 ^ _352_/S (sky130_fd_sc_hd__mux2_1)
                  0.05    0.35    3.26 v _352_/X (sky130_fd_sc_hd__mux2_1)
     1    0.00                           _172_ (net)
                  0.05    0.00    3.26 v _353_/A (sky130_fd_sc_hd__clkbuf_1)
                  0.02    0.09    3.35 v _353_/X (sky130_fd_sc_hd__clkbuf_1)
     1    0.00                           _010_ (net)
                  0.02    0.00    3.35 v _497_/D (sky130_fd_sc_hd__dfrtp_1)
                                  3.35   data arrival time

                         10.00   10.00   clock clk (rise edge)
                          0.00   10.00   clock source latency
                  0.12    0.08   10.08 ^ clk (in)
     1    0.03                           clk (net)
                  0.12    0.00   10.08 ^ clkbuf_0_clk/A (sky130_fd_sc_hd__clkbuf_16)
                  0.11    0.20   10.28 ^ clkbuf_0_clk/X (sky130_fd_sc_hd__clkbuf_16)
     8    0.09                           clknet_0_clk (net)
                  0.11    0.00   10.28 ^ clkbuf_3_2__f_clk/A (sky130_fd_sc_hd__clkbuf_16)
                  0.05    0.15   10.43 ^ clkbuf_3_2__f_clk/X (sky130_fd_sc_hd__clkbuf_16)
     9    0.03                           clknet_3_2__leaf_clk (net)
                  0.05    0.00   10.43 ^ _497_/CLK (sky130_fd_sc_hd__dfrtp_1)
                         -0.25   10.18   clock uncertainty
                          0.00   10.18   clock reconvergence pessimism
                         -0.10   10.08   library setup time
                                 10.08   data required time
-----------------------------------------------------------------------------
                                 10.08   data required time
                                 -3.35   data arrival time
-----------------------------------------------------------------------------
                                  6.73   slack (MET)


Startpoint: cfg_idx[0] (input port clocked by clk)
Endpoint: _512_ (rising edge-triggered flip-flop clocked by clk)
Path Group: clk
Path Type: max

Fanout     Cap    Slew   Delay    Time   Description
-----------------------------------------------------------------------------
                          0.00    0.00   clock clk (rise edge)
                          0.00    0.00   clock network delay (propagated)
                          2.00    2.00 ^ input external delay
                  0.03    0.02    2.02 ^ cfg_idx[0] (in)
     1    0.00                           cfg_idx[0] (net)
                  0.03    0.00    2.02 ^ input2/A (sky130_fd_sc_hd__buf_1)
                  0.21    0.20    2.22 ^ input2/X (sky130_fd_sc_hd__buf_1)
     4    0.02                           net2 (net)
                  0.21    0.00    2.22 ^ _344_/B (sky130_fd_sc_hd__and3b_1)
                  0.05    0.20    2.41 ^ _344_/X (sky130_fd_sc_hd__and3b_1)
     1    0.00                           _165_ (net)
                  0.05    0.00    2.41 ^ _345_/A (sky130_fd_sc_hd__buf_4)
                  0.18    0.22    2.63 ^ _345_/X (sky130_fd_sc_hd__buf_4)
     8    0.06                           _166_ (net)
                  0.18    0.00    2.64 ^ _346_/A (sky130_fd_sc_hd__buf_4)
                  0.18    0.27    2.90 ^ _346_/X (sky130_fd_sc_hd__buf_4)
    10    0.06                           _167_ (net)
                  0.18    0.00    2.91 ^ _385_/S (sky130_fd_sc_hd__mux2_1)
                  0.05    0.35    3.26 v _385_/X (sky130_fd_sc_hd__mux2_1)
     1    0.00                           _190_ (net)
                  0.05    0.00    3.26 v _386_/A (sky130_fd_sc_hd__clkbuf_1)
                  0.03    0.10    3.35 v _386_/X (sky130_fd_sc_hd__clkbuf_1)
     1    0.00                           _025_ (net)
                  0.03    0.00    3.35 v _512_/D (sky130_fd_sc_hd__dfrtp_1)
                                  3.35   data arrival time

                         10.00   10.00   clock clk (rise edge)
                          0.00   10.00   clock source latency
                  0.12    0.08   10.08 ^ clk (in)
     1    0.03                           clk (net)
                  0.12    0.00   10.08 ^ clkbuf_0_clk/A (sky130_fd_sc_hd__clkbuf_16)
                  0.11    0.20   10.28 ^ clkbuf_0_clk/X (sky130_fd_sc_hd__clkbuf_16)
     8    0.09                           clknet_0_clk (net)
                  0.11    0.00   10.28 ^ clkbuf_3_1__f_clk/A (sky130_fd_sc_hd__clkbuf_16)
                  0.06    0.15   10.43 ^ clkbuf_3_1__f_clk/X (sky130_fd_sc_hd__clkbuf_16)
    10    0.03                           clknet_3_1__leaf_clk (net)
                  0.06    0.00   10.43 ^ _512_/CLK (sky130_fd_sc_hd__dfrtp_1)
                         -0.25   10.18   clock uncertainty
                          0.00   10.18   clock reconvergence pessimism
                         -0.10   10.08   library setup time
                                 10.08   data required time
-----------------------------------------------------------------------------
                                 10.08   data required time
                                 -3.35   data arrival time
-----------------------------------------------------------------------------
                                  6.73   slack (MET)


Startpoint: cfg_idx[0] (input port clocked by clk)
Endpoint: _509_ (rising edge-triggered flip-flop clocked by clk)
Path Group: clk
Path Type: max

Fanout     Cap    Slew   Delay    Time   Description
-----------------------------------------------------------------------------
                          0.00    0.00   clock clk (rise edge)
                          0.00    0.00   clock network delay (propagated)
                          2.00    2.00 ^ input external delay
                  0.03    0.02    2.02 ^ cfg_idx[0] (in)
     1    0.00                           cfg_idx[0] (net)
                  0.03    0.00    2.02 ^ input2/A (sky130_fd_sc_hd__buf_1)
                  0.21    0.20    2.22 ^ input2/X (sky130_fd_sc_hd__buf_1)
     4    0.02                           net2 (net)
                  0.21    0.00    2.22 ^ _344_/B (sky130_fd_sc_hd__and3b_1)
                  0.05    0.20    2.41 ^ _344_/X (sky130_fd_sc_hd__and3b_1)
     1    0.00                           _165_ (net)
                  0.05    0.00    2.41 ^ _345_/A (sky130_fd_sc_hd__buf_4)
                  0.18    0.22    2.63 ^ _345_/X (sky130_fd_sc_hd__buf_4)
     8    0.06                           _166_ (net)
                  0.18    0.00    2.64 ^ _346_/A (sky130_fd_sc_hd__buf_4)
                  0.18    0.27    2.90 ^ _346_/X (sky130_fd_sc_hd__buf_4)
    10    0.06                           _167_ (net)
                  0.18    0.00    2.91 ^ _379_/S (sky130_fd_sc_hd__mux2_1)
                  0.05    0.35    3.26 v _379_/X (sky130_fd_sc_hd__mux2_1)
     1    0.00                           _187_ (net)
                  0.05    0.00    3.26 v _380_/A (sky130_fd_sc_hd__clkbuf_1)
                  0.02    0.09    3.35 v _380_/X (sky130_fd_sc_hd__clkbuf_1)
     1    0.00                           _022_ (net)
                  0.02    0.00    3.35 v _509_/D (sky130_fd_sc_hd__dfrtp_1)
                                  3.35   data arrival time

                         10.00   10.00   clock clk (rise edge)
                          0.00   10.00   clock source latency
                  0.12    0.08   10.08 ^ clk (in)
     1    0.03                           clk (net)
                  0.12    0.00   10.08 ^ clkbuf_0_clk/A (sky130_fd_sc_hd__clkbuf_16)
                  0.11    0.20   10.28 ^ clkbuf_0_clk/X (sky130_fd_sc_hd__clkbuf_16)
     8    0.09                           clknet_0_clk (net)
                  0.11    0.00   10.28 ^ clkbuf_3_4__f_clk/A (sky130_fd_sc_hd__clkbuf_16)
                  0.05    0.15   10.43 ^ clkbuf_3_4__f_clk/X (sky130_fd_sc_hd__clkbuf_16)
     9    0.03                           clknet_3_4__leaf_clk (net)
                  0.05    0.00   10.43 ^ _509_/CLK (sky130_fd_sc_hd__dfrtp_1)
                         -0.25   10.18   clock uncertainty
                          0.00   10.18   clock reconvergence pessimism
                         -0.10   10.08   library setup time
                                 10.08   data required time
-----------------------------------------------------------------------------
                                 10.08   data required time
                                 -3.35   data arrival time
-----------------------------------------------------------------------------
                                  6.73   slack (MET)


Startpoint: cfg_idx[1] (input port clocked by clk)
Endpoint: _536_ (rising edge-triggered flip-flop clocked by clk)
Path Group: clk
Path Type: max

Fanout     Cap    Slew   Delay    Time   Description
-----------------------------------------------------------------------------
                          0.00    0.00   clock clk (rise edge)
                          0.00    0.00   clock network delay (propagated)
                          2.00    2.00 v input external delay
                  0.01    0.01    2.01 v cfg_idx[1] (in)
     1    0.00                           cfg_idx[1] (net)
                  0.01    0.00    2.01 v input3/A (sky130_fd_sc_hd__clkbuf_2)
                  0.09    0.15    2.16 v input3/X (sky130_fd_sc_hd__clkbuf_2)
     4    0.02                           net3 (net)
                  0.09    0.00    2.16 v _339_/A (sky130_fd_sc_hd__or3b_1)
                  0.07    0.40    2.56 v _339_/X (sky130_fd_sc_hd__or3b_1)
     1    0.00                           _161_ (net)
                  0.07    0.00    2.56 v _340_/A (sky130_fd_sc_hd__clkbuf_4)
                  0.12    0.24    2.80 v _340_/X (sky130_fd_sc_hd__clkbuf_4)
     8    0.06                           _162_ (net)
                  0.12    0.00    2.80 v _433_/S (sky130_fd_sc_hd__mux2_1)
                  0.06    0.35    3.15 v _433_/X (sky130_fd_sc_hd__mux2_1)
     1    0.00                           _214_ (net)
                  0.06    0.00    3.15 v _434_/A (sky130_fd_sc_hd__clkbuf_1)
                  0.02    0.10    3.25 v _434_/X (sky130_fd_sc_hd__clkbuf_1)
     1    0.00                           _049_ (net)
                  0.02    0.00    3.25 v _536_/D (sky130_fd_sc_hd__dfrtp_1)
                                  3.25   data arrival time

                         10.00   10.00   clock clk (rise edge)
                          0.00   10.00   clock source latency
                  0.12    0.08   10.08 ^ clk (in)
     1    0.03                           clk (net)
                  0.12    0.00   10.08 ^ clkbuf_0_clk/A (sky130_fd_sc_hd__clkbuf_16)
                  0.11    0.20   10.28 ^ clkbuf_0_clk/X (sky130_fd_sc_hd__clkbuf_16)
     8    0.09                           clknet_0_clk (net)
                  0.11    0.00   10.28 ^ clkbuf_3_1__f_clk/A (sky130_fd_sc_hd__clkbuf_16)
                  0.06    0.15   10.43 ^ clkbuf_3_1__f_clk/X (sky130_fd_sc_hd__clkbuf_16)
    10    0.03                           clknet_3_1__leaf_clk (net)
                  0.06    0.00   10.43 ^ _536_/CLK (sky130_fd_sc_hd__dfrtp_1)
                         -0.25   10.18   clock uncertainty
                          0.00   10.18   clock reconvergence pessimism
                         -0.10   10.08   library setup time
                                 10.08   data required time
-----------------------------------------------------------------------------
                                 10.08   data required time
                                 -3.25   data arrival time
-----------------------------------------------------------------------------
                                  6.83   slack (MET)


Startpoint: cfg_idx[1] (input port clocked by clk)
Endpoint: _534_ (rising edge-triggered flip-flop clocked by clk)
Path Group: clk
Path Type: max

Fanout     Cap    Slew   Delay    Time   Description
-----------------------------------------------------------------------------
                          0.00    0.00   clock clk (rise edge)
                          0.00    0.00   clock network delay (propagated)
                          2.00    2.00 v input external delay
                  0.01    0.01    2.01 v cfg_idx[1] (in)
     1    0.00                           cfg_idx[1] (net)
                  0.01    0.00    2.01 v input3/A (sky130_fd_sc_hd__clkbuf_2)
                  0.09    0.15    2.16 v input3/X (sky130_fd_sc_hd__clkbuf_2)
     4    0.02                           net3 (net)
                  0.09    0.00    2.16 v _339_/A (sky130_fd_sc_hd__or3b_1)
                  0.07    0.40    2.56 v _339_/X (sky130_fd_sc_hd__or3b_1)
     1    0.00                           _161_ (net)
                  0.07    0.00    2.56 v _340_/A (sky130_fd_sc_hd__clkbuf_4)
                  0.12    0.24    2.80 v _340_/X (sky130_fd_sc_hd__clkbuf_4)
     8    0.06                           _162_ (net)
                  0.12    0.01    2.80 v _429_/S (sky130_fd_sc_hd__mux2_1)
                  0.05    0.35    3.15 v _429_/X (sky130_fd_sc_hd__mux2_1)
     1    0.00                           _212_ (net)
                  0.05    0.00    3.15 v _430_/A (sky130_fd_sc_hd__clkbuf_1)
                  0.03    0.09    3.25 v _430_/X (sky130_fd_sc_hd__clkbuf_1)
     1    0.00                           _047_ (net)
                  0.03    0.00    3.25 v _534_/D (sky130_fd_sc_hd__dfrtp_1)
                                  3.25   data arrival time

                         10.00   10.00   clock clk (rise edge)
                          0.00   10.00   clock source latency
                  0.12    0.08   10.08 ^ clk (in)
     1    0.03                           clk (net)
                  0.12    0.00   10.08 ^ clkbuf_0_clk/A (sky130_fd_sc_hd__clkbuf_16)
                  0.11    0.20   10.28 ^ clkbuf_0_clk/X (sky130_fd_sc_hd__clkbuf_16)
     8    0.09                           clknet_0_clk (net)
                  0.11    0.00   10.28 ^ clkbuf_3_6__f_clk/A (sky130_fd_sc_hd__clkbuf_16)
                  0.05    0.15   10.43 ^ clkbuf_3_6__f_clk/X (sky130_fd_sc_hd__clkbuf_16)
     9    0.03                           clknet_3_6__leaf_clk (net)
                  0.05    0.00   10.43 ^ _534_/CLK (sky130_fd_sc_hd__dfrtp_1)
                         -0.25   10.18   clock uncertainty
                          0.00   10.18   clock reconvergence pessimism
                         -0.10   10.08   library setup time
                                 10.08   data required time
-----------------------------------------------------------------------------
                                 10.08   data required time
                                 -3.25   data arrival time
-----------------------------------------------------------------------------
                                  6.83   slack (MET)


Startpoint: cfg_idx[1] (input port clocked by clk)
Endpoint: _533_ (rising edge-triggered flip-flop clocked by clk)
Path Group: clk
Path Type: max

Fanout     Cap    Slew   Delay    Time   Description
-----------------------------------------------------------------------------
                          0.00    0.00   clock clk (rise edge)
                          0.00    0.00   clock network delay (propagated)
                          2.00    2.00 v input external delay
                  0.01    0.01    2.01 v cfg_idx[1] (in)
     1    0.00                           cfg_idx[1] (net)
                  0.01    0.00    2.01 v input3/A (sky130_fd_sc_hd__clkbuf_2)
                  0.09    0.15    2.16 v input3/X (sky130_fd_sc_hd__clkbuf_2)
     4    0.02                           net3 (net)
                  0.09    0.00    2.16 v _339_/A (sky130_fd_sc_hd__or3b_1)
                  0.07    0.40    2.56 v _339_/X (sky130_fd_sc_hd__or3b_1)
     1    0.00                           _161_ (net)
                  0.07    0.00    2.56 v _340_/A (sky130_fd_sc_hd__clkbuf_4)
                  0.12    0.24    2.80 v _340_/X (sky130_fd_sc_hd__clkbuf_4)
     8    0.06                           _162_ (net)
                  0.12    0.00    2.80 v _427_/S (sky130_fd_sc_hd__mux2_1)
                  0.06    0.35    3.15 v _427_/X (sky130_fd_sc_hd__mux2_1)
     1    0.00                           _211_ (net)
                  0.06    0.00    3.15 v _428_/A (sky130_fd_sc_hd__clkbuf_1)
                  0.02    0.09    3.24 v _428_/X (sky130_fd_sc_hd__clkbuf_1)
     1    0.00                           _046_ (net)
                  0.02    0.00    3.24 v _533_/D (sky130_fd_sc_hd__dfrtp_1)
                                  3.24   data arrival time

                         10.00   10.00   clock clk (rise edge)
                          0.00   10.00   clock source latency
                  0.12    0.08   10.08 ^ clk (in)
     1    0.03                           clk (net)
                  0.12    0.00   10.08 ^ clkbuf_0_clk/A (sky130_fd_sc_hd__clkbuf_16)
                  0.11    0.20   10.28 ^ clkbuf_0_clk/X (sky130_fd_sc_hd__clkbuf_16)
     8    0.09                           clknet_0_clk (net)
                  0.11    0.00   10.28 ^ clkbuf_3_4__f_clk/A (sky130_fd_sc_hd__clkbuf_16)
                  0.05    0.15   10.43 ^ clkbuf_3_4__f_clk/X (sky130_fd_sc_hd__clkbuf_16)
     9    0.03                           clknet_3_4__leaf_clk (net)
                  0.05    0.00   10.43 ^ _533_/CLK (sky130_fd_sc_hd__dfrtp_1)
                         -0.25   10.18   clock uncertainty
                          0.00   10.18   clock reconvergence pessimism
                         -0.10   10.08   library setup time
                                 10.08   data required time
-----------------------------------------------------------------------------
                                 10.08   data required time
                                 -3.24   data arrival time
-----------------------------------------------------------------------------
                                  6.83   slack (MET)


Startpoint: cfg_idx[1] (input port clocked by clk)
Endpoint: _538_ (rising edge-triggered flip-flop clocked by clk)
Path Group: clk
Path Type: max

Fanout     Cap    Slew   Delay    Time   Description
-----------------------------------------------------------------------------
                          0.00    0.00   clock clk (rise edge)
                          0.00    0.00   clock network delay (propagated)
                          2.00    2.00 v input external delay
                  0.01    0.01    2.01 v cfg_idx[1] (in)
     1    0.00                           cfg_idx[1] (net)
                  0.01    0.00    2.01 v input3/A (sky130_fd_sc_hd__clkbuf_2)
                  0.09    0.15    2.16 v input3/X (sky130_fd_sc_hd__clkbuf_2)
     4    0.02                           net3 (net)
                  0.09    0.00    2.16 v _339_/A (sky130_fd_sc_hd__or3b_1)
                  0.07    0.40    2.56 v _339_/X (sky130_fd_sc_hd__or3b_1)
     1    0.00                           _161_ (net)
                  0.07    0.00    2.56 v _340_/A (sky130_fd_sc_hd__clkbuf_4)
                  0.12    0.24    2.80 v _340_/X (sky130_fd_sc_hd__clkbuf_4)
     8    0.06                           _162_ (net)
                  0.12    0.00    2.80 v _437_/S (sky130_fd_sc_hd__mux2_1)
                  0.05    0.34    3.15 v _437_/X (sky130_fd_sc_hd__mux2_1)
     1    0.00                           _216_ (net)
                  0.05    0.00    3.15 v _438_/A (sky130_fd_sc_hd__clkbuf_1)
                  0.02    0.09    3.24 v _438_/X (sky130_fd_sc_hd__clkbuf_1)
     1    0.00                           _051_ (net)
                  0.02    0.00    3.24 v _538_/D (sky130_fd_sc_hd__dfrtp_1)
                                  3.24   data arrival time

                         10.00   10.00   clock clk (rise edge)
                          0.00   10.00   clock source latency
                  0.12    0.08   10.08 ^ clk (in)
     1    0.03                           clk (net)
                  0.12    0.00   10.08 ^ clkbuf_0_clk/A (sky130_fd_sc_hd__clkbuf_16)
                  0.11    0.20   10.28 ^ clkbuf_0_clk/X (sky130_fd_sc_hd__clkbuf_16)
     8    0.09                           clknet_0_clk (net)
                  0.11    0.00   10.28 ^ clkbuf_3_4__f_clk/A (sky130_fd_sc_hd__clkbuf_16)
                  0.05    0.15   10.43 ^ clkbuf_3_4__f_clk/X (sky130_fd_sc_hd__clkbuf_16)
     9    0.03                           clknet_3_4__leaf_clk (net)
                  0.05    0.00   10.43 ^ _538_/CLK (sky130_fd_sc_hd__dfrtp_1)
                         -0.25   10.18   clock uncertainty
                          0.00   10.18   clock reconvergence pessimism
                         -0.10   10.08   library setup time
                                 10.08   data required time
-----------------------------------------------------------------------------
                                 10.08   data required time
                                 -3.24   data arrival time
-----------------------------------------------------------------------------
                                  6.84   slack (MET)


Startpoint: cfg_idx[1] (input port clocked by clk)
Endpoint: _535_ (rising edge-triggered flip-flop clocked by clk)
Path Group: clk
Path Type: max

Fanout     Cap    Slew   Delay    Time   Description
-----------------------------------------------------------------------------
                          0.00    0.00   clock clk (rise edge)
                          0.00    0.00   clock network delay (propagated)
                          2.00    2.00 v input external delay
                  0.01    0.01    2.01 v cfg_idx[1] (in)
     1    0.00                           cfg_idx[1] (net)
                  0.01    0.00    2.01 v input3/A (sky130_fd_sc_hd__clkbuf_2)
                  0.09    0.15    2.16 v input3/X (sky130_fd_sc_hd__clkbuf_2)
     4    0.02                           net3 (net)
                  0.09    0.00    2.16 v _339_/A (sky130_fd_sc_hd__or3b_1)
                  0.07    0.40    2.56 v _339_/X (sky130_fd_sc_hd__or3b_1)
     1    0.00                           _161_ (net)
                  0.07    0.00    2.56 v _340_/A (sky130_fd_sc_hd__clkbuf_4)
                  0.12    0.24    2.80 v _340_/X (sky130_fd_sc_hd__clkbuf_4)
     8    0.06                           _162_ (net)
                  0.12    0.01    2.80 v _431_/S (sky130_fd_sc_hd__mux2_1)
                  0.05    0.35    3.15 v _431_/X (sky130_fd_sc_hd__mux2_1)
     1    0.00                           _213_ (net)
                  0.05    0.00    3.15 v _432_/A (sky130_fd_sc_hd__clkbuf_1)
                  0.03    0.09    3.24 v _432_/X (sky130_fd_sc_hd__clkbuf_1)
     1    0.00                           _048_ (net)
                  0.03    0.00    3.24 v _535_/D (sky130_fd_sc_hd__dfrtp_1)
                                  3.24   data arrival time

                         10.00   10.00   clock clk (rise edge)
                          0.00   10.00   clock source latency
                  0.12    0.08   10.08 ^ clk (in)
     1    0.03                           clk (net)
                  0.12    0.00   10.08 ^ clkbuf_0_clk/A (sky130_fd_sc_hd__clkbuf_16)
                  0.11    0.20   10.28 ^ clkbuf_0_clk/X (sky130_fd_sc_hd__clkbuf_16)
     8    0.09                           clknet_0_clk (net)
                  0.11    0.00   10.28 ^ clkbuf_3_3__f_clk/A (sky130_fd_sc_hd__clkbuf_16)
                  0.06    0.15   10.43 ^ clkbuf_3_3__f_clk/X (sky130_fd_sc_hd__clkbuf_16)
    11    0.04                           clknet_3_3__leaf_clk (net)
                  0.06    0.00   10.43 ^ _535_/CLK (sky130_fd_sc_hd__dfrtp_1)
                         -0.25   10.18   clock uncertainty
                          0.00   10.18   clock reconvergence pessimism
                         -0.10   10.08   library setup time
                                 10.08   data required time
-----------------------------------------------------------------------------
                                 10.08   data required time
                                 -3.24   data arrival time
-----------------------------------------------------------------------------
                                  6.84   slack (MET)


Startpoint: cfg_idx[1] (input port clocked by clk)
Endpoint: _537_ (rising edge-triggered flip-flop clocked by clk)
Path Group: clk
Path Type: max

Fanout     Cap    Slew   Delay    Time   Description
-----------------------------------------------------------------------------
                          0.00    0.00   clock clk (rise edge)
                          0.00    0.00   clock network delay (propagated)
                          2.00    2.00 v input external delay
                  0.01    0.01    2.01 v cfg_idx[1] (in)
     1    0.00                           cfg_idx[1] (net)
                  0.01    0.00    2.01 v input3/A (sky130_fd_sc_hd__clkbuf_2)
                  0.09    0.15    2.16 v input3/X (sky130_fd_sc_hd__clkbuf_2)
     4    0.02                           net3 (net)
                  0.09    0.00    2.16 v _339_/A (sky130_fd_sc_hd__or3b_1)
                  0.07    0.40    2.56 v _339_/X (sky130_fd_sc_hd__or3b_1)
     1    0.00                           _161_ (net)
                  0.07    0.00    2.56 v _340_/A (sky130_fd_sc_hd__clkbuf_4)
                  0.12    0.24    2.80 v _340_/X (sky130_fd_sc_hd__clkbuf_4)
     8    0.06                           _162_ (net)
                  0.12    0.01    2.80 v _435_/S (sky130_fd_sc_hd__mux2_1)
                  0.05    0.34    3.15 v _435_/X (sky130_fd_sc_hd__mux2_1)
     1    0.00                           _215_ (net)
                  0.05    0.00    3.15 v _436_/A (sky130_fd_sc_hd__clkbuf_1)
                  0.03    0.10    3.24 v _436_/X (sky130_fd_sc_hd__clkbuf_1)
     1    0.00                           _050_ (net)
                  0.03    0.00    3.24 v _537_/D (sky130_fd_sc_hd__dfrtp_1)
                                  3.24   data arrival time

                         10.00   10.00   clock clk (rise edge)
                          0.00   10.00   clock source latency
                  0.12    0.08   10.08 ^ clk (in)
     1    0.03                           clk (net)
                  0.12    0.00   10.08 ^ clkbuf_0_clk/A (sky130_fd_sc_hd__clkbuf_16)
                  0.11    0.20   10.28 ^ clkbuf_0_clk/X (sky130_fd_sc_hd__clkbuf_16)
     8    0.09                           clknet_0_clk (net)
                  0.11    0.00   10.28 ^ clkbuf_3_3__f_clk/A (sky130_fd_sc_hd__clkbuf_16)
                  0.06    0.15   10.43 ^ clkbuf_3_3__f_clk/X (sky130_fd_sc_hd__clkbuf_16)
    11    0.04                           clknet_3_3__leaf_clk (net)
                  0.06    0.00   10.44 ^ _537_/CLK (sky130_fd_sc_hd__dfrtp_1)
                         -0.25   10.19   clock uncertainty
                          0.00   10.19   clock reconvergence pessimism
                         -0.10   10.08   library setup time
                                 10.08   data required time
-----------------------------------------------------------------------------
                                 10.08   data required time
                                 -3.24   data arrival time
-----------------------------------------------------------------------------
                                  6.84   slack (MET)


Startpoint: cfg_idx[1] (input port clocked by clk)
Endpoint: _532_ (rising edge-triggered flip-flop clocked by clk)
Path Group: clk
Path Type: max

Fanout     Cap    Slew   Delay    Time   Description
-----------------------------------------------------------------------------
                          0.00    0.00   clock clk (rise edge)
                          0.00    0.00   clock network delay (propagated)
                          2.00    2.00 v input external delay
                  0.01    0.01    2.01 v cfg_idx[1] (in)
     1    0.00                           cfg_idx[1] (net)
                  0.01    0.00    2.01 v input3/A (sky130_fd_sc_hd__clkbuf_2)
                  0.09    0.15    2.16 v input3/X (sky130_fd_sc_hd__clkbuf_2)
     4    0.02                           net3 (net)
                  0.09    0.00    2.16 v _339_/A (sky130_fd_sc_hd__or3b_1)
                  0.07    0.40    2.56 v _339_/X (sky130_fd_sc_hd__or3b_1)
     1    0.00                           _161_ (net)
                  0.07    0.00    2.56 v _340_/A (sky130_fd_sc_hd__clkbuf_4)
                  0.12    0.24    2.80 v _340_/X (sky130_fd_sc_hd__clkbuf_4)
     8    0.06                           _162_ (net)
                  0.12    0.00    2.80 v _425_/S (sky130_fd_sc_hd__mux2_1)
                  0.05    0.35    3.15 v _425_/X (sky130_fd_sc_hd__mux2_1)
     1    0.00                           _210_ (net)
                  0.05    0.00    3.15 v _426_/A (sky130_fd_sc_hd__clkbuf_1)
                  0.02    0.09    3.24 v _426_/X (sky130_fd_sc_hd__clkbuf_1)
     1    0.00                           _045_ (net)
                  0.02    0.00    3.24 v _532_/D (sky130_fd_sc_hd__dfrtp_1)
                                  3.24   data arrival time

                         10.00   10.00   clock clk (rise edge)
                          0.00   10.00   clock source latency
                  0.12    0.08   10.08 ^ clk (in)
     1    0.03                           clk (net)
                  0.12    0.00   10.08 ^ clkbuf_0_clk/A (sky130_fd_sc_hd__clkbuf_16)
                  0.11    0.20   10.28 ^ clkbuf_0_clk/X (sky130_fd_sc_hd__clkbuf_16)
     8    0.09                           clknet_0_clk (net)
                  0.11    0.00   10.28 ^ clkbuf_3_3__f_clk/A (sky130_fd_sc_hd__clkbuf_16)
                  0.06    0.15   10.43 ^ clkbuf_3_3__f_clk/X (sky130_fd_sc_hd__clkbuf_16)
    11    0.04                           clknet_3_3__leaf_clk (net)
                  0.06    0.00   10.43 ^ _532_/CLK (sky130_fd_sc_hd__dfrtp_1)
                         -0.25   10.18   clock uncertainty
                          0.00   10.18   clock reconvergence pessimism
                         -0.10   10.08   library setup time
                                 10.08   data required time
-----------------------------------------------------------------------------
                                 10.08   data required time
                                 -3.24   data arrival time
-----------------------------------------------------------------------------
                                  6.84   slack (MET)


Startpoint: cfg_idx[0] (input port clocked by clk)
Endpoint: _560_ (rising edge-triggered flip-flop clocked by clk)
Path Group: clk
Path Type: max

Fanout     Cap    Slew   Delay    Time   Description
-----------------------------------------------------------------------------
                          0.00    0.00   clock clk (rise edge)
                          0.00    0.00   clock network delay (propagated)
                          2.00    2.00 ^ input external delay
                  0.03    0.02    2.02 ^ cfg_idx[0] (in)
     1    0.00                           cfg_idx[0] (net)
                  0.03    0.00    2.02 ^ input2/A (sky130_fd_sc_hd__buf_1)
                  0.21    0.20    2.22 ^ input2/X (sky130_fd_sc_hd__buf_1)
     4    0.02                           net2 (net)
                  0.21    0.00    2.22 ^ _354_/B (sky130_fd_sc_hd__and3_1)
                  0.06    0.20    2.42 ^ _354_/X (sky130_fd_sc_hd__and3_1)
     1    0.00                           _173_ (net)
                  0.06    0.00    2.42 ^ _355_/A (sky130_fd_sc_hd__buf_4)
                  0.19    0.23    2.65 ^ _355_/X (sky130_fd_sc_hd__buf_4)
     8    0.07                           _174_ (net)
                  0.19    0.00    2.65 ^ _481_/S (sky130_fd_sc_hd__mux2_1)
                  0.06    0.36    3.01 v _481_/X (sky130_fd_sc_hd__mux2_1)
     1    0.00                           _238_ (net)
                  0.06    0.00    3.01 v _482_/A (sky130_fd_sc_hd__clkbuf_1)
                  0.03    0.10    3.11 v _482_/X (sky130_fd_sc_hd__clkbuf_1)
     1    0.00                           _073_ (net)
                  0.03    0.00    3.11 v _560_/D (sky130_fd_sc_hd__dfrtp_1)
                                  3.11   data arrival time

                         10.00   10.00   clock clk (rise edge)
                          0.00   10.00   clock source latency
                  0.12    0.08   10.08 ^ clk (in)
     1    0.03                           clk (net)
                  0.12    0.00   10.08 ^ clkbuf_0_clk/A (sky130_fd_sc_hd__clkbuf_16)
                  0.11    0.20   10.28 ^ clkbuf_0_clk/X (sky130_fd_sc_hd__clkbuf_16)
     8    0.09                           clknet_0_clk (net)
                  0.11    0.00   10.28 ^ clkbuf_3_0__f_clk/A (sky130_fd_sc_hd__clkbuf_16)
                  0.04    0.14   10.42 ^ clkbuf_3_0__f_clk/X (sky130_fd_sc_hd__clkbuf_16)
     7    0.02                           clknet_3_0__leaf_clk (net)
                  0.04    0.00   10.42 ^ _560_/CLK (sky130_fd_sc_hd__dfrtp_1)
                         -0.25   10.17   clock uncertainty
                          0.00   10.17   clock reconvergence pessimism
                         -0.11   10.06   library setup time
                                 10.06   data required time
-----------------------------------------------------------------------------
                                 10.06   data required time
                                 -3.11   data arrival time
-----------------------------------------------------------------------------
                                  6.95   slack (MET)


Startpoint: cfg_idx[0] (input port clocked by clk)
Endpoint: _562_ (rising edge-triggered flip-flop clocked by clk)
Path Group: clk
Path Type: max

Fanout     Cap    Slew   Delay    Time   Description
-----------------------------------------------------------------------------
                          0.00    0.00   clock clk (rise edge)
                          0.00    0.00   clock network delay (propagated)
                          2.00    2.00 ^ input external delay
                  0.03    0.02    2.02 ^ cfg_idx[0] (in)
     1    0.00                           cfg_idx[0] (net)
                  0.03    0.00    2.02 ^ input2/A (sky130_fd_sc_hd__buf_1)
                  0.21    0.20    2.22 ^ input2/X (sky130_fd_sc_hd__buf_1)
     4    0.02                           net2 (net)
                  0.21    0.00    2.22 ^ _354_/B (sky130_fd_sc_hd__and3_1)
                  0.06    0.20    2.42 ^ _354_/X (sky130_fd_sc_hd__and3_1)
     1    0.00                           _173_ (net)
                  0.06    0.00    2.42 ^ _355_/A (sky130_fd_sc_hd__buf_4)
                  0.19    0.23    2.65 ^ _355_/X (sky130_fd_sc_hd__buf_4)
     8    0.07                           _174_ (net)
                  0.19    0.00    2.65 ^ _485_/S (sky130_fd_sc_hd__mux2_1)
                  0.06    0.37    3.02 v _485_/X (sky130_fd_sc_hd__mux2_1)
     1    0.00                           _240_ (net)
                  0.06    0.00    3.02 v _486_/A (sky130_fd_sc_hd__clkbuf_1)
                  0.02    0.10    3.12 v _486_/X (sky130_fd_sc_hd__clkbuf_1)
     1    0.00                           _075_ (net)
                  0.02    0.00    3.12 v _562_/D (sky130_fd_sc_hd__dfrtp_1)
                                  3.12   data arrival time

                         10.00   10.00   clock clk (rise edge)
                          0.00   10.00   clock source latency
                  0.12    0.08   10.08 ^ clk (in)
     1    0.03                           clk (net)
                  0.12    0.00   10.08 ^ clkbuf_0_clk/A (sky130_fd_sc_hd__clkbuf_16)
                  0.11    0.20   10.28 ^ clkbuf_0_clk/X (sky130_fd_sc_hd__clkbuf_16)
     8    0.09                           clknet_0_clk (net)
                  0.11    0.00   10.28 ^ clkbuf_3_4__f_clk/A (sky130_fd_sc_hd__clkbuf_16)
                  0.05    0.15   10.43 ^ clkbuf_3_4__f_clk/X (sky130_fd_sc_hd__clkbuf_16)
     9    0.03                           clknet_3_4__leaf_clk (net)
                  0.05    0.00   10.43 ^ _562_/CLK (sky130_fd_sc_hd__dfrtp_1)
                         -0.25   10.18   clock uncertainty
                          0.00   10.18   clock reconvergence pessimism
                         -0.10   10.08   library setup time
                                 10.08   data required time
-----------------------------------------------------------------------------
                                 10.08   data required time
                                 -3.12   data arrival time
-----------------------------------------------------------------------------
                                  6.96   slack (MET)


Startpoint: cfg_idx[0] (input port clocked by clk)
Endpoint: _556_ (rising edge-triggered flip-flop clocked by clk)
Path Group: clk
Path Type: max

Fanout     Cap    Slew   Delay    Time   Description
-----------------------------------------------------------------------------
                          0.00    0.00   clock clk (rise edge)
                          0.00    0.00   clock network delay (propagated)
                          2.00    2.00 ^ input external delay
                  0.03    0.02    2.02 ^ cfg_idx[0] (in)
     1    0.00                           cfg_idx[0] (net)
                  0.03    0.00    2.02 ^ input2/A (sky130_fd_sc_hd__buf_1)
                  0.21    0.20    2.22 ^ input2/X (sky130_fd_sc_hd__buf_1)
     4    0.02                           net2 (net)
                  0.21    0.00    2.22 ^ _354_/B (sky130_fd_sc_hd__and3_1)
                  0.06    0.20    2.42 ^ _354_/X (sky130_fd_sc_hd__and3_1)
     1    0.00                           _173_ (net)
                  0.06    0.00    2.42 ^ _355_/A (sky130_fd_sc_hd__buf_4)
                  0.19    0.23    2.65 ^ _355_/X (sky130_fd_sc_hd__buf_4)
     8    0.07                           _174_ (net)
                  0.19    0.00    2.65 ^ _473_/S (sky130_fd_sc_hd__mux2_1)
                  0.05    0.36    3.01 v _473_/X (sky130_fd_sc_hd__mux2_1)
     1    0.00                           _234_ (net)
                  0.05    0.00    3.01 v _474_/A (sky130_fd_sc_hd__clkbuf_1)
                  0.03    0.10    3.11 v _474_/X (sky130_fd_sc_hd__clkbuf_1)
     1    0.00                           _069_ (net)
                  0.03    0.00    3.11 v _556_/D (sky130_fd_sc_hd__dfrtp_1)
                                  3.11   data arrival time

                         10.00   10.00   clock clk (rise edge)
                          0.00   10.00   clock source latency
                  0.12    0.08   10.08 ^ clk (in)
     1    0.03                           clk (net)
                  0.12    0.00   10.08 ^ clkbuf_0_clk/A (sky130_fd_sc_hd__clkbuf_16)
                  0.11    0.20   10.28 ^ clkbuf_0_clk/X (sky130_fd_sc_hd__clkbuf_16)
     8    0.09                           clknet_0_clk (net)
                  0.11    0.00   10.28 ^ clkbuf_3_0__f_clk/A (sky130_fd_sc_hd__clkbuf_16)
                  0.04    0.14   10.42 ^ clkbuf_3_0__f_clk/X (sky130_fd_sc_hd__clkbuf_16)
     7    0.02                           clknet_3_0__leaf_clk (net)
                  0.04    0.00   10.42 ^ _556_/CLK (sky130_fd_sc_hd__dfrtp_1)
                         -0.25   10.17   clock uncertainty
                          0.00   10.17   clock reconvergence pessimism
                         -0.11   10.07   library setup time
                                 10.07   data required time
-----------------------------------------------------------------------------
                                 10.07   data required time
                                 -3.11   data arrival time
-----------------------------------------------------------------------------
                                  6.96   slack (MET)


Startpoint: cfg_idx[0] (input port clocked by clk)
Endpoint: _561_ (rising edge-triggered flip-flop clocked by clk)
Path Group: clk
Path Type: max

Fanout     Cap    Slew   Delay    Time   Description
-----------------------------------------------------------------------------
                          0.00    0.00   clock clk (rise edge)
                          0.00    0.00   clock network delay (propagated)
                          2.00    2.00 ^ input external delay
                  0.03    0.02    2.02 ^ cfg_idx[0] (in)
     1    0.00                           cfg_idx[0] (net)
                  0.03    0.00    2.02 ^ input2/A (sky130_fd_sc_hd__buf_1)
                  0.21    0.20    2.22 ^ input2/X (sky130_fd_sc_hd__buf_1)
     4    0.02                           net2 (net)
                  0.21    0.00    2.22 ^ _354_/B (sky130_fd_sc_hd__and3_1)
                  0.06    0.20    2.42 ^ _354_/X (sky130_fd_sc_hd__and3_1)
     1    0.00                           _173_ (net)
                  0.06    0.00    2.42 ^ _355_/A (sky130_fd_sc_hd__buf_4)
                  0.19    0.23    2.65 ^ _355_/X (sky130_fd_sc_hd__buf_4)
     8    0.07                           _174_ (net)
                  0.19    0.01    2.66 ^ _483_/S (sky130_fd_sc_hd__mux2_1)
                  0.06    0.36    3.01 v _483_/X (sky130_fd_sc_hd__mux2_1)
     1    0.00                           _239_ (net)
                  0.06    0.00    3.01 v _484_/A (sky130_fd_sc_hd__clkbuf_1)
                  0.03    0.10    3.11 v _484_/X (sky130_fd_sc_hd__clkbuf_1)
     1    0.00                           _074_ (net)
                  0.03    0.00    3.11 v _561_/D (sky130_fd_sc_hd__dfrtp_1)
                                  3.11   data arrival time

                         10.00   10.00   clock clk (rise edge)
                          0.00   10.00   clock source latency
                  0.12    0.08   10.08 ^ clk (in)
     1    0.03                           clk (net)
                  0.12    0.00   10.08 ^ clkbuf_0_clk/A (sky130_fd_sc_hd__clkbuf_16)
                  0.11    0.20   10.28 ^ clkbuf_0_clk/X (sky130_fd_sc_hd__clkbuf_16)
     8    0.09                           clknet_0_clk (net)
                  0.11    0.00   10.28 ^ clkbuf_3_3__f_clk/A (sky130_fd_sc_hd__clkbuf_16)
                  0.06    0.15   10.43 ^ clkbuf_3_3__f_clk/X (sky130_fd_sc_hd__clkbuf_16)
    11    0.04                           clknet_3_3__leaf_clk (net)
                  0.06    0.00   10.44 ^ _561_/CLK (sky130_fd_sc_hd__dfrtp_1)
                         -0.25   10.19   clock uncertainty
                          0.00   10.19   clock reconvergence pessimism
                         -0.10   10.08   library setup time
                                 10.08   data required time
-----------------------------------------------------------------------------
                                 10.08   data required time
                                 -3.11   data arrival time
-----------------------------------------------------------------------------
                                  6.97   slack (MET)


Startpoint: cfg_idx[0] (input port clocked by clk)
Endpoint: _557_ (rising edge-triggered flip-flop clocked by clk)
Path Group: clk
Path Type: max

Fanout     Cap    Slew   Delay    Time   Description
-----------------------------------------------------------------------------
                          0.00    0.00   clock clk (rise edge)
                          0.00    0.00   clock network delay (propagated)
                          2.00    2.00 ^ input external delay
                  0.03    0.02    2.02 ^ cfg_idx[0] (in)
     1    0.00                           cfg_idx[0] (net)
                  0.03    0.00    2.02 ^ input2/A (sky130_fd_sc_hd__buf_1)
                  0.21    0.20    2.22 ^ input2/X (sky130_fd_sc_hd__buf_1)
     4    0.02                           net2 (net)
                  0.21    0.00    2.22 ^ _354_/B (sky130_fd_sc_hd__and3_1)
                  0.06    0.20    2.42 ^ _354_/X (sky130_fd_sc_hd__and3_1)
     1    0.00                           _173_ (net)
                  0.06    0.00    2.42 ^ _355_/A (sky130_fd_sc_hd__buf_4)
                  0.19    0.23    2.65 ^ _355_/X (sky130_fd_sc_hd__buf_4)
     8    0.07                           _174_ (net)
                  0.19    0.00    2.65 ^ _475_/S (sky130_fd_sc_hd__mux2_1)
                  0.06    0.36    3.01 v _475_/X (sky130_fd_sc_hd__mux2_1)
     1    0.00                           _235_ (net)
                  0.06    0.00    3.01 v _476_/A (sky130_fd_sc_hd__clkbuf_1)
                  0.02    0.09    3.11 v _476_/X (sky130_fd_sc_hd__clkbuf_1)
     1    0.00                           _070_ (net)
                  0.02    0.00    3.11 v _557_/D (sky130_fd_sc_hd__dfrtp_1)
                                  3.11   data arrival time

                         10.00   10.00   clock clk (rise edge)
                          0.00   10.00   clock source latency
                  0.12    0.08   10.08 ^ clk (in)
     1    0.03                           clk (net)
                  0.12    0.00   10.08 ^ clkbuf_0_clk/A (sky130_fd_sc_hd__clkbuf_16)
                  0.11    0.20   10.28 ^ clkbuf_0_clk/X (sky130_fd_sc_hd__clkbuf_16)
     8    0.09                           clknet_0_clk (net)
                  0.11    0.00   10.28 ^ clkbuf_3_5__f_clk/A (sky130_fd_sc_hd__clkbuf_16)
                  0.05    0.15   10.43 ^ clkbuf_3_5__f_clk/X (sky130_fd_sc_hd__clkbuf_16)
    10    0.03                           clknet_3_5__leaf_clk (net)
                  0.05    0.00   10.43 ^ _557_/CLK (sky130_fd_sc_hd__dfrtp_1)
                         -0.25   10.18   clock uncertainty
                          0.00   10.18   clock reconvergence pessimism
                         -0.10   10.08   library setup time
                                 10.08   data required time
-----------------------------------------------------------------------------
                                 10.08   data required time
                                 -3.11   data arrival time
-----------------------------------------------------------------------------
                                  6.97   slack (MET)


Startpoint: cfg_idx[0] (input port clocked by clk)
Endpoint: _558_ (rising edge-triggered flip-flop clocked by clk)
Path Group: clk
Path Type: max

Fanout     Cap    Slew   Delay    Time   Description
-----------------------------------------------------------------------------
                          0.00    0.00   clock clk (rise edge)
                          0.00    0.00   clock network delay (propagated)
                          2.00    2.00 ^ input external delay
                  0.03    0.02    2.02 ^ cfg_idx[0] (in)
     1    0.00                           cfg_idx[0] (net)
                  0.03    0.00    2.02 ^ input2/A (sky130_fd_sc_hd__buf_1)
                  0.21    0.20    2.22 ^ input2/X (sky130_fd_sc_hd__buf_1)
     4    0.02                           net2 (net)
                  0.21    0.00    2.22 ^ _354_/B (sky130_fd_sc_hd__and3_1)
                  0.06    0.20    2.42 ^ _354_/X (sky130_fd_sc_hd__and3_1)
     1    0.00                           _173_ (net)
                  0.06    0.00    2.42 ^ _355_/A (sky130_fd_sc_hd__buf_4)
                  0.19    0.23    2.65 ^ _355_/X (sky130_fd_sc_hd__buf_4)
     8    0.07                           _174_ (net)
                  0.19    0.01    2.66 ^ _477_/S (sky130_fd_sc_hd__mux2_1)
                  0.05    0.36    3.01 v _477_/X (sky130_fd_sc_hd__mux2_1)
     1    0.00                           _236_ (net)
                  0.05    0.00    3.01 v _478_/A (sky130_fd_sc_hd__clkbuf_1)
                  0.02    0.09    3.11 v _478_/X (sky130_fd_sc_hd__clkbuf_1)
     1    0.00                           _071_ (net)
                  0.02    0.00    3.11 v _558_/D (sky130_fd_sc_hd__dfrtp_1)
                                  3.11   data arrival time

                         10.00   10.00   clock clk (rise edge)
                          0.00   10.00   clock source latency
                  0.12    0.08   10.08 ^ clk (in)
     1    0.03                           clk (net)
                  0.12    0.00   10.08 ^ clkbuf_0_clk/A (sky130_fd_sc_hd__clkbuf_16)
                  0.11    0.20   10.28 ^ clkbuf_0_clk/X (sky130_fd_sc_hd__clkbuf_16)
     8    0.09                           clknet_0_clk (net)
                  0.11    0.00   10.28 ^ clkbuf_3_7__f_clk/A (sky130_fd_sc_hd__clkbuf_16)
                  0.06    0.15   10.43 ^ clkbuf_3_7__f_clk/X (sky130_fd_sc_hd__clkbuf_16)
    11    0.04                           clknet_3_7__leaf_clk (net)
                  0.06    0.00   10.43 ^ _558_/CLK (sky130_fd_sc_hd__dfrtp_1)
                         -0.25   10.18   clock uncertainty
                          0.00   10.18   clock reconvergence pessimism
                         -0.10   10.08   library setup time
                                 10.08   data required time
-----------------------------------------------------------------------------
                                 10.08   data required time
                                 -3.11   data arrival time
-----------------------------------------------------------------------------
                                  6.97   slack (MET)


Startpoint: cfg_idx[0] (input port clocked by clk)
Endpoint: _559_ (rising edge-triggered flip-flop clocked by clk)
Path Group: clk
Path Type: max

Fanout     Cap    Slew   Delay    Time   Description
-----------------------------------------------------------------------------
                          0.00    0.00   clock clk (rise edge)
                          0.00    0.00   clock network delay (propagated)
                          2.00    2.00 ^ input external delay
                  0.03    0.02    2.02 ^ cfg_idx[0] (in)
     1    0.00                           cfg_idx[0] (net)
                  0.03    0.00    2.02 ^ input2/A (sky130_fd_sc_hd__buf_1)
                  0.21    0.20    2.22 ^ input2/X (sky130_fd_sc_hd__buf_1)
     4    0.02                           net2 (net)
                  0.21    0.00    2.22 ^ _354_/B (sky130_fd_sc_hd__and3_1)
                  0.06    0.20    2.42 ^ _354_/X (sky130_fd_sc_hd__and3_1)
     1    0.00                           _173_ (net)
                  0.06    0.00    2.42 ^ _355_/A (sky130_fd_sc_hd__buf_4)
                  0.19    0.23    2.65 ^ _355_/X (sky130_fd_sc_hd__buf_4)
     8    0.07                           _174_ (net)
                  0.19    0.00    2.66 ^ _479_/S (sky130_fd_sc_hd__mux2_1)
                  0.05    0.35    3.01 v _479_/X (sky130_fd_sc_hd__mux2_1)
     1    0.00                           _237_ (net)
                  0.05    0.00    3.01 v _480_/A (sky130_fd_sc_hd__clkbuf_1)
                  0.02    0.09    3.10 v _480_/X (sky130_fd_sc_hd__clkbuf_1)
     1    0.00                           _072_ (net)
                  0.02    0.00    3.10 v _559_/D (sky130_fd_sc_hd__dfrtp_1)
                                  3.10   data arrival time

                         10.00   10.00   clock clk (rise edge)
                          0.00   10.00   clock source latency
                  0.12    0.08   10.08 ^ clk (in)
     1    0.03                           clk (net)
                  0.12    0.00   10.08 ^ clkbuf_0_clk/A (sky130_fd_sc_hd__clkbuf_16)
                  0.11    0.20   10.28 ^ clkbuf_0_clk/X (sky130_fd_sc_hd__clkbuf_16)
     8    0.09                           clknet_0_clk (net)
                  0.11    0.00   10.28 ^ clkbuf_3_2__f_clk/A (sky130_fd_sc_hd__clkbuf_16)
                  0.05    0.15   10.43 ^ clkbuf_3_2__f_clk/X (sky130_fd_sc_hd__clkbuf_16)
     9    0.03                           clknet_3_2__leaf_clk (net)
                  0.05    0.00   10.43 ^ _559_/CLK (sky130_fd_sc_hd__dfrtp_1)
                         -0.25   10.18   clock uncertainty
                          0.00   10.18   clock reconvergence pessimism
                         -0.10   10.08   library setup time
                                 10.08   data required time
-----------------------------------------------------------------------------
                                 10.08   data required time
                                 -3.10   data arrival time
-----------------------------------------------------------------------------
                                  6.98   slack (MET)


Startpoint: cfg_idx[0] (input port clocked by clk)
Endpoint: _545_ (rising edge-triggered flip-flop clocked by clk)
Path Group: clk
Path Type: max

Fanout     Cap    Slew   Delay    Time   Description
-----------------------------------------------------------------------------
                          0.00    0.00   clock clk (rise edge)
                          0.00    0.00   clock network delay (propagated)
                          2.00    2.00 ^ input external delay
                  0.03    0.02    2.02 ^ cfg_idx[0] (in)
     1    0.00                           cfg_idx[0] (net)
                  0.03    0.00    2.02 ^ input2/A (sky130_fd_sc_hd__buf_1)
                  0.21    0.20    2.22 ^ input2/X (sky130_fd_sc_hd__buf_1)
     4    0.02                           net2 (net)
                  0.21    0.00    2.22 ^ _344_/B (sky130_fd_sc_hd__and3b_1)
                  0.05    0.20    2.41 ^ _344_/X (sky130_fd_sc_hd__and3b_1)
     1    0.00                           _165_ (net)
                  0.05    0.00    2.41 ^ _345_/A (sky130_fd_sc_hd__buf_4)
                  0.18    0.22    2.63 ^ _345_/X (sky130_fd_sc_hd__buf_4)
     8    0.06                           _166_ (net)
                  0.18    0.01    2.64 ^ _451_/S (sky130_fd_sc_hd__mux2_1)
                  0.06    0.36    3.00 v _451_/X (sky130_fd_sc_hd__mux2_1)
     1    0.00                           _223_ (net)
                  0.06    0.00    3.00 v _452_/A (sky130_fd_sc_hd__clkbuf_1)
                  0.02    0.10    3.09 v _452_/X (sky130_fd_sc_hd__clkbuf_1)
     1    0.00                           _058_ (net)
                  0.02    0.00    3.09 v _545_/D (sky130_fd_sc_hd__dfrtp_1)
                                  3.09   data arrival time

                         10.00   10.00   clock clk (rise edge)
                          0.00   10.00   clock source latency
                  0.12    0.08   10.08 ^ clk (in)
     1    0.03                           clk (net)
                  0.12    0.00   10.08 ^ clkbuf_0_clk/A (sky130_fd_sc_hd__clkbuf_16)
                  0.11    0.20   10.28 ^ clkbuf_0_clk/X (sky130_fd_sc_hd__clkbuf_16)
     8    0.09                           clknet_0_clk (net)
                  0.11    0.00   10.28 ^ clkbuf_3_6__f_clk/A (sky130_fd_sc_hd__clkbuf_16)
                  0.05    0.15   10.43 ^ clkbuf_3_6__f_clk/X (sky130_fd_sc_hd__clkbuf_16)
     9    0.03                           clknet_3_6__leaf_clk (net)
                  0.05    0.00   10.43 ^ _545_/CLK (sky130_fd_sc_hd__dfrtp_1)
                         -0.25   10.18   clock uncertainty
                          0.00   10.18   clock reconvergence pessimism
                         -0.10   10.08   library setup time
                                 10.08   data required time
-----------------------------------------------------------------------------
                                 10.08   data required time
                                 -3.09   data arrival time
-----------------------------------------------------------------------------
                                  6.98   slack (MET)


Startpoint: cfg_idx[0] (input port clocked by clk)
Endpoint: _541_ (rising edge-triggered flip-flop clocked by clk)
Path Group: clk
Path Type: max

Fanout     Cap    Slew   Delay    Time   Description
-----------------------------------------------------------------------------
                          0.00    0.00   clock clk (rise edge)
                          0.00    0.00   clock network delay (propagated)
                          2.00    2.00 ^ input external delay
                  0.03    0.02    2.02 ^ cfg_idx[0] (in)
     1    0.00                           cfg_idx[0] (net)
                  0.03    0.00    2.02 ^ input2/A (sky130_fd_sc_hd__buf_1)
                  0.21    0.20    2.22 ^ input2/X (sky130_fd_sc_hd__buf_1)
     4    0.02                           net2 (net)
                  0.21    0.00    2.22 ^ _344_/B (sky130_fd_sc_hd__and3b_1)
                  0.05    0.20    2.41 ^ _344_/X (sky130_fd_sc_hd__and3b_1)
     1    0.00                           _165_ (net)
                  0.05    0.00    2.41 ^ _345_/A (sky130_fd_sc_hd__buf_4)
                  0.18    0.22    2.63 ^ _345_/X (sky130_fd_sc_hd__buf_4)
     8    0.06                           _166_ (net)
                  0.18    0.00    2.64 ^ _443_/S (sky130_fd_sc_hd__mux2_1)
                  0.06    0.36    2.99 v _443_/X (sky130_fd_sc_hd__mux2_1)
     1    0.00                           _219_ (net)
                  0.06    0.00    2.99 v _444_/A (sky130_fd_sc_hd__clkbuf_1)
                  0.02    0.09    3.09 v _444_/X (sky130_fd_sc_hd__clkbuf_1)
     1    0.00                           _054_ (net)
                  0.02    0.00    3.09 v _541_/D (sky130_fd_sc_hd__dfrtp_1)
                                  3.09   data arrival time

                         10.00   10.00   clock clk (rise edge)
                          0.00   10.00   clock source latency
                  0.12    0.08   10.08 ^ clk (in)
     1    0.03                           clk (net)
                  0.12    0.00   10.08 ^ clkbuf_0_clk/A (sky130_fd_sc_hd__clkbuf_16)
                  0.11    0.20   10.28 ^ clkbuf_0_clk/X (sky130_fd_sc_hd__clkbuf_16)
     8    0.09                           clknet_0_clk (net)
                  0.11    0.00   10.28 ^ clkbuf_3_4__f_clk/A (sky130_fd_sc_hd__clkbuf_16)
                  0.05    0.15   10.43 ^ clkbuf_3_4__f_clk/X (sky130_fd_sc_hd__clkbuf_16)
     9    0.03                           clknet_3_4__leaf_clk (net)
                  0.05    0.00   10.43 ^ _541_/CLK (sky130_fd_sc_hd__dfrtp_1)
                         -0.25   10.18   clock uncertainty
                          0.00   10.18   clock reconvergence pessimism
                         -0.10   10.08   library setup time
                                 10.08   data required time
-----------------------------------------------------------------------------
                                 10.08   data required time
                                 -3.09   data arrival time
-----------------------------------------------------------------------------
                                  6.99   slack (MET)


Startpoint: cfg_idx[0] (input port clocked by clk)
Endpoint: _551_ (rising edge-triggered flip-flop clocked by clk)
Path Group: clk
Path Type: max

Fanout     Cap    Slew   Delay    Time   Description
-----------------------------------------------------------------------------
                          0.00    0.00   clock clk (rise edge)
                          0.00    0.00   clock network delay (propagated)
                          2.00    2.00 ^ input external delay
                  0.03    0.02    2.02 ^ cfg_idx[0] (in)
     1    0.00                           cfg_idx[0] (net)
                  0.03    0.00    2.02 ^ input2/A (sky130_fd_sc_hd__buf_1)
                  0.21    0.20    2.22 ^ input2/X (sky130_fd_sc_hd__buf_1)
     4    0.02                           net2 (net)
                  0.21    0.00    2.22 ^ _349_/A_N (sky130_fd_sc_hd__and3b_1)
                  0.04    0.21    2.43 v _349_/X (sky130_fd_sc_hd__and3b_1)
     1    0.00                           _169_ (net)
                  0.04    0.00    2.43 v _350_/A (sky130_fd_sc_hd__buf_4)
                  0.09    0.20    2.63 v _350_/X (sky130_fd_sc_hd__buf_4)
     8    0.06                           _170_ (net)
                  0.09    0.00    2.64 v _463_/S (sky130_fd_sc_hd__mux2_1)
                  0.06    0.35    2.98 v _463_/X (sky130_fd_sc_hd__mux2_1)
     1    0.00                           _229_ (net)
                  0.06    0.00    2.98 v _464_/A (sky130_fd_sc_hd__clkbuf_1)
                  0.03    0.10    3.08 v _464_/X (sky130_fd_sc_hd__clkbuf_1)
     1    0.00                           _064_ (net)
                  0.03    0.00    3.08 v _551_/D (sky130_fd_sc_hd__dfrtp_1)
                                  3.08   data arrival time

                         10.00   10.00   clock clk (rise edge)
                          0.00   10.00   clock source latency
                  0.12    0.08   10.08 ^ clk (in)
     1    0.03                           clk (net)
                  0.12    0.00   10.08 ^ clkbuf_0_clk/A (sky130_fd_sc_hd__clkbuf_16)
                  0.11    0.20   10.28 ^ clkbuf_0_clk/X (sky130_fd_sc_hd__clkbuf_16)
     8    0.09                           clknet_0_clk (net)
                  0.11    0.00   10.28 ^ clkbuf_3_2__f_clk/A (sky130_fd_sc_hd__clkbuf_16)
                  0.05    0.15   10.43 ^ clkbuf_3_2__f_clk/X (sky130_fd_sc_hd__clkbuf_16)
     9    0.03                           clknet_3_2__leaf_clk (net)
                  0.05    0.00   10.43 ^ _551_/CLK (sky130_fd_sc_hd__dfrtp_1)
                         -0.25   10.18   clock uncertainty
                          0.00   10.18   clock reconvergence pessimism
                         -0.10   10.08   library setup time
                                 10.08   data required time
-----------------------------------------------------------------------------
                                 10.08   data required time
                                 -3.08   data arrival time
-----------------------------------------------------------------------------
                                  6.99   slack (MET)


Startpoint: cfg_idx[0] (input port clocked by clk)
Endpoint: _542_ (rising edge-triggered flip-flop clocked by clk)
Path Group: clk
Path Type: max

Fanout     Cap    Slew   Delay    Time   Description
-----------------------------------------------------------------------------
                          0.00    0.00   clock clk (rise edge)
                          0.00    0.00   clock network delay (propagated)
                          2.00    2.00 ^ input external delay
                  0.03    0.02    2.02 ^ cfg_idx[0] (in)
     1    0.00                           cfg_idx[0] (net)
                  0.03    0.00    2.02 ^ input2/A (sky130_fd_sc_hd__buf_1)
                  0.21    0.20    2.22 ^ input2/X (sky130_fd_sc_hd__buf_1)
     4    0.02                           net2 (net)
                  0.21    0.00    2.22 ^ _344_/B (sky130_fd_sc_hd__and3b_1)
                  0.05    0.20    2.41 ^ _344_/X (sky130_fd_sc_hd__and3b_1)
     1    0.00                           _165_ (net)
                  0.05    0.00    2.41 ^ _345_/A (sky130_fd_sc_hd__buf_4)
                  0.18    0.22    2.63 ^ _345_/X (sky130_fd_sc_hd__buf_4)
     8    0.06                           _166_ (net)
                  0.18    0.01    2.64 ^ _445_/S (sky130_fd_sc_hd__mux2_1)
                  0.05    0.35    2.99 v _445_/X (sky130_fd_sc_hd__mux2_1)
     1    0.00                           _220_ (net)
                  0.05    0.00    2.99 v _446_/A (sky130_fd_sc_hd__clkbuf_1)
                  0.02    0.09    3.08 v _446_/X (sky130_fd_sc_hd__clkbuf_1)
     1    0.00                           _055_ (net)
                  0.02    0.00    3.08 v _542_/D (sky130_fd_sc_hd__dfrtp_1)
                                  3.08   data arrival time

                         10.00   10.00   clock clk (rise edge)
                          0.00   10.00   clock source latency
                  0.12    0.08   10.08 ^ clk (in)
     1    0.03                           clk (net)
                  0.12    0.00   10.08 ^ clkbuf_0_clk/A (sky130_fd_sc_hd__clkbuf_16)
                  0.11    0.20   10.28 ^ clkbuf_0_clk/X (sky130_fd_sc_hd__clkbuf_16)
     8    0.09                           clknet_0_clk (net)
                  0.11    0.00   10.28 ^ clkbuf_3_6__f_clk/A (sky130_fd_sc_hd__clkbuf_16)
                  0.05    0.15   10.43 ^ clkbuf_3_6__f_clk/X (sky130_fd_sc_hd__clkbuf_16)
     9    0.03                           clknet_3_6__leaf_clk (net)
                  0.05    0.00   10.43 ^ _542_/CLK (sky130_fd_sc_hd__dfrtp_1)
                         -0.25   10.18   clock uncertainty
                          0.00   10.18   clock reconvergence pessimism
                         -0.10   10.08   library setup time
                                 10.08   data required time
-----------------------------------------------------------------------------
                                 10.08   data required time
                                 -3.08   data arrival time
-----------------------------------------------------------------------------
                                  7.00   slack (MET)


Startpoint: cfg_idx[0] (input port clocked by clk)
Endpoint: _540_ (rising edge-triggered flip-flop clocked by clk)
Path Group: clk
Path Type: max

Fanout     Cap    Slew   Delay    Time   Description
-----------------------------------------------------------------------------
                          0.00    0.00   clock clk (rise edge)
                          0.00    0.00   clock network delay (propagated)
                          2.00    2.00 ^ input external delay
                  0.03    0.02    2.02 ^ cfg_idx[0] (in)
     1    0.00                           cfg_idx[0] (net)
                  0.03    0.00    2.02 ^ input2/A (sky130_fd_sc_hd__buf_1)
                  0.21    0.20    2.22 ^ input2/X (sky130_fd_sc_hd__buf_1)
     4    0.02                           net2 (net)
                  0.21    0.00    2.22 ^ _344_/B (sky130_fd_sc_hd__and3b_1)
                  0.05    0.20    2.41 ^ _344_/X (sky130_fd_sc_hd__and3b_1)
     1    0.00                           _165_ (net)
                  0.05    0.00    2.41 ^ _345_/A (sky130_fd_sc_hd__buf_4)
                  0.18    0.22    2.63 ^ _345_/X (sky130_fd_sc_hd__buf_4)
     8    0.06                           _166_ (net)
                  0.18    0.00    2.64 ^ _441_/S (sky130_fd_sc_hd__mux2_1)
                  0.05    0.35    2.99 v _441_/X (sky130_fd_sc_hd__mux2_1)
     1    0.00                           _218_ (net)
                  0.05    0.00    2.99 v _442_/A (sky130_fd_sc_hd__clkbuf_1)
                  0.03    0.10    3.08 v _442_/X (sky130_fd_sc_hd__clkbuf_1)
     1    0.00                           _053_ (net)
                  0.03    0.00    3.08 v _540_/D (sky130_fd_sc_hd__dfrtp_1)
                                  3.08   data arrival time

                         10.00   10.00   clock clk (rise edge)
                          0.00   10.00   clock source latency
                  0.12    0.08   10.08 ^ clk (in)
     1    0.03                           clk (net)
                  0.12    0.00   10.08 ^ clkbuf_0_clk/A (sky130_fd_sc_hd__clkbuf_16)
                  0.11    0.20   10.28 ^ clkbuf_0_clk/X (sky130_fd_sc_hd__clkbuf_16)
     8    0.09                           clknet_0_clk (net)
                  0.11    0.00   10.28 ^ clkbuf_3_1__f_clk/A (sky130_fd_sc_hd__clkbuf_16)
                  0.06    0.15   10.43 ^ clkbuf_3_1__f_clk/X (sky130_fd_sc_hd__clkbuf_16)
    10    0.03                           clknet_3_1__leaf_clk (net)
                  0.06    0.00   10.43 ^ _540_/CLK (sky130_fd_sc_hd__dfrtp_1)
                         -0.25   10.18   clock uncertainty
                          0.00   10.18   clock reconvergence pessimism
                         -0.10   10.08   library setup time
                                 10.08   data required time
-----------------------------------------------------------------------------
                                 10.08   data required time
                                 -3.08   data arrival time
-----------------------------------------------------------------------------
                                  7.00   slack (MET)


Startpoint: cfg_idx[0] (input port clocked by clk)
Endpoint: _543_ (rising edge-triggered flip-flop clocked by clk)
Path Group: clk
Path Type: max

Fanout     Cap    Slew   Delay    Time   Description
-----------------------------------------------------------------------------
                          0.00    0.00   clock clk (rise edge)
                          0.00    0.00   clock network delay (propagated)
                          2.00    2.00 ^ input external delay
                  0.03    0.02    2.02 ^ cfg_idx[0] (in)
     1    0.00                           cfg_idx[0] (net)
                  0.03    0.00    2.02 ^ input2/A (sky130_fd_sc_hd__buf_1)
                  0.21    0.20    2.22 ^ input2/X (sky130_fd_sc_hd__buf_1)
     4    0.02                           net2 (net)
                  0.21    0.00    2.22 ^ _344_/B (sky130_fd_sc_hd__and3b_1)
                  0.05    0.20    2.41 ^ _344_/X (sky130_fd_sc_hd__and3b_1)
     1    0.00                           _165_ (net)
                  0.05    0.00    2.41 ^ _345_/A (sky130_fd_sc_hd__buf_4)
                  0.18    0.22    2.63 ^ _345_/X (sky130_fd_sc_hd__buf_4)
     8    0.06                           _166_ (net)
                  0.18    0.01    2.64 ^ _447_/S (sky130_fd_sc_hd__mux2_1)
                  0.05    0.35    2.99 v _447_/X (sky130_fd_sc_hd__mux2_1)
     1    0.00                           _221_ (net)
                  0.05    0.00    2.99 v _448_/A (sky130_fd_sc_hd__clkbuf_1)
                  0.02    0.09    3.09 v _448_/X (sky130_fd_sc_hd__clkbuf_1)
     1    0.00                           _056_ (net)
                  0.02    0.00    3.09 v _543_/D (sky130_fd_sc_hd__dfrtp_1)
                                  3.09   data arrival time

                         10.00   10.00   clock clk (rise edge)
                          0.00   10.00   clock source latency
                  0.12    0.08   10.08 ^ clk (in)
     1    0.03                           clk (net)
                  0.12    0.00   10.08 ^ clkbuf_0_clk/A (sky130_fd_sc_hd__clkbuf_16)
                  0.11    0.20   10.28 ^ clkbuf_0_clk/X (sky130_fd_sc_hd__clkbuf_16)
     8    0.09                           clknet_0_clk (net)
                  0.11    0.00   10.28 ^ clkbuf_3_3__f_clk/A (sky130_fd_sc_hd__clkbuf_16)
                  0.06    0.15   10.43 ^ clkbuf_3_3__f_clk/X (sky130_fd_sc_hd__clkbuf_16)
    11    0.04                           clknet_3_3__leaf_clk (net)
                  0.06    0.00   10.43 ^ _543_/CLK (sky130_fd_sc_hd__dfrtp_1)
                         -0.25   10.18   clock uncertainty
                          0.00   10.18   clock reconvergence pessimism
                         -0.10   10.08   library setup time
                                 10.08   data required time
-----------------------------------------------------------------------------
                                 10.08   data required time
                                 -3.09   data arrival time
-----------------------------------------------------------------------------
                                  7.00   slack (MET)


Startpoint: cfg_idx[0] (input port clocked by clk)
Endpoint: _546_ (rising edge-triggered flip-flop clocked by clk)
Path Group: clk
Path Type: max

Fanout     Cap    Slew   Delay    Time   Description
-----------------------------------------------------------------------------
                          0.00    0.00   clock clk (rise edge)
                          0.00    0.00   clock network delay (propagated)
                          2.00    2.00 ^ input external delay
                  0.03    0.02    2.02 ^ cfg_idx[0] (in)
     1    0.00                           cfg_idx[0] (net)
                  0.03    0.00    2.02 ^ input2/A (sky130_fd_sc_hd__buf_1)
                  0.21    0.20    2.22 ^ input2/X (sky130_fd_sc_hd__buf_1)
     4    0.02                           net2 (net)
                  0.21    0.00    2.22 ^ _344_/B (sky130_fd_sc_hd__and3b_1)
                  0.05    0.20    2.41 ^ _344_/X (sky130_fd_sc_hd__and3b_1)
     1    0.00                           _165_ (net)
                  0.05    0.00    2.41 ^ _345_/A (sky130_fd_sc_hd__buf_4)
                  0.18    0.22    2.63 ^ _345_/X (sky130_fd_sc_hd__buf_4)
     8    0.06                           _166_ (net)
                  0.18    0.00    2.64 ^ _453_/S (sky130_fd_sc_hd__mux2_1)
                  0.05    0.35    2.99 v _453_/X (sky130_fd_sc_hd__mux2_1)
     1    0.00                           _224_ (net)
                  0.05    0.00    2.99 v _454_/A (sky130_fd_sc_hd__clkbuf_1)
                  0.02    0.09    3.08 v _454_/X (sky130_fd_sc_hd__clkbuf_1)
     1    0.00                           _059_ (net)
                  0.02    0.00    3.08 v _546_/D (sky130_fd_sc_hd__dfrtp_1)
                                  3.08   data arrival time

                         10.00   10.00   clock clk (rise edge)
                          0.00   10.00   clock source latency
                  0.12    0.08   10.08 ^ clk (in)
     1    0.03                           clk (net)
                  0.12    0.00   10.08 ^ clkbuf_0_clk/A (sky130_fd_sc_hd__clkbuf_16)
                  0.11    0.20   10.28 ^ clkbuf_0_clk/X (sky130_fd_sc_hd__clkbuf_16)
     8    0.09                           clknet_0_clk (net)
                  0.11    0.00   10.28 ^ clkbuf_3_4__f_clk/A (sky130_fd_sc_hd__clkbuf_16)
                  0.05    0.15   10.43 ^ clkbuf_3_4__f_clk/X (sky130_fd_sc_hd__clkbuf_16)
     9    0.03                           clknet_3_4__leaf_clk (net)
                  0.05    0.00   10.43 ^ _546_/CLK (sky130_fd_sc_hd__dfrtp_1)
                         -0.25   10.18   clock uncertainty
                          0.00   10.18   clock reconvergence pessimism
                         -0.10   10.08   library setup time
                                 10.08   data required time
-----------------------------------------------------------------------------
                                 10.08   data required time
                                 -3.08   data arrival time
-----------------------------------------------------------------------------
                                  7.00   slack (MET)


Startpoint: cfg_idx[0] (input port clocked by clk)
Endpoint: _553_ (rising edge-triggered flip-flop clocked by clk)
Path Group: clk
Path Type: max

Fanout     Cap    Slew   Delay    Time   Description
-----------------------------------------------------------------------------
                          0.00    0.00   clock clk (rise edge)
                          0.00    0.00   clock network delay (propagated)
                          2.00    2.00 ^ input external delay
                  0.03    0.02    2.02 ^ cfg_idx[0] (in)
     1    0.00                           cfg_idx[0] (net)
                  0.03    0.00    2.02 ^ input2/A (sky130_fd_sc_hd__buf_1)
                  0.21    0.20    2.22 ^ input2/X (sky130_fd_sc_hd__buf_1)
     4    0.02                           net2 (net)
                  0.21    0.00    2.22 ^ _349_/A_N (sky130_fd_sc_hd__and3b_1)
                  0.04    0.21    2.43 v _349_/X (sky130_fd_sc_hd__and3b_1)
     1    0.00                           _169_ (net)
                  0.04    0.00    2.43 v _350_/A (sky130_fd_sc_hd__buf_4)
                  0.09    0.20    2.63 v _350_/X (sky130_fd_sc_hd__buf_4)
     8    0.06                           _170_ (net)
                  0.09    0.01    2.64 v _467_/S (sky130_fd_sc_hd__mux2_1)
                  0.06    0.34    2.98 v _467_/X (sky130_fd_sc_hd__mux2_1)
     1    0.00                           _231_ (net)
                  0.06    0.00    2.98 v _468_/A (sky130_fd_sc_hd__clkbuf_1)
                  0.03    0.10    3.08 v _468_/X (sky130_fd_sc_hd__clkbuf_1)
     1    0.00                           _066_ (net)
                  0.03    0.00    3.08 v _553_/D (sky130_fd_sc_hd__dfrtp_1)
                                  3.08   data arrival time

                         10.00   10.00   clock clk (rise edge)
                          0.00   10.00   clock source latency
                  0.12    0.08   10.08 ^ clk (in)
     1    0.03                           clk (net)
                  0.12    0.00   10.08 ^ clkbuf_0_clk/A (sky130_fd_sc_hd__clkbuf_16)
                  0.11    0.20   10.28 ^ clkbuf_0_clk/X (sky130_fd_sc_hd__clkbuf_16)
     8    0.09                           clknet_0_clk (net)
                  0.11    0.00   10.28 ^ clkbuf_3_6__f_clk/A (sky130_fd_sc_hd__clkbuf_16)
                  0.05    0.15   10.43 ^ clkbuf_3_6__f_clk/X (sky130_fd_sc_hd__clkbuf_16)
     9    0.03                           clknet_3_6__leaf_clk (net)
                  0.05    0.00   10.43 ^ _553_/CLK (sky130_fd_sc_hd__dfrtp_1)
                         -0.25   10.18   clock uncertainty
                          0.00   10.18   clock reconvergence pessimism
                         -0.11   10.08   library setup time
                                 10.08   data required time
-----------------------------------------------------------------------------
                                 10.08   data required time
                                 -3.08   data arrival time
-----------------------------------------------------------------------------
                                  7.00   slack (MET)


Startpoint: cfg_idx[0] (input port clocked by clk)
Endpoint: _550_ (rising edge-triggered flip-flop clocked by clk)
Path Group: clk
Path Type: max

Fanout     Cap    Slew   Delay    Time   Description
-----------------------------------------------------------------------------
                          0.00    0.00   clock clk (rise edge)
                          0.00    0.00   clock network delay (propagated)
                          2.00    2.00 ^ input external delay
                  0.03    0.02    2.02 ^ cfg_idx[0] (in)
     1    0.00                           cfg_idx[0] (net)
                  0.03    0.00    2.02 ^ input2/A (sky130_fd_sc_hd__buf_1)
                  0.21    0.20    2.22 ^ input2/X (sky130_fd_sc_hd__buf_1)
     4    0.02                           net2 (net)
                  0.21    0.00    2.22 ^ _349_/A_N (sky130_fd_sc_hd__and3b_1)
                  0.04    0.21    2.43 v _349_/X (sky130_fd_sc_hd__and3b_1)
     1    0.00                           _169_ (net)
                  0.04    0.00    2.43 v _350_/A (sky130_fd_sc_hd__buf_4)
                  0.09    0.20    2.63 v _350_/X (sky130_fd_sc_hd__buf_4)
     8    0.06                           _170_ (net)
                  0.09    0.01    2.64 v _461_/S (sky130_fd_sc_hd__mux2_1)
                  0.06    0.34    2.97 v _461_/X (sky130_fd_sc_hd__mux2_1)
     1    0.00                           _228_ (net)
                  0.06    0.00    2.97 v _462_/A (sky130_fd_sc_hd__clkbuf_1)
                  0.03    0.10    3.08 v _462_/X (sky130_fd_sc_hd__clkbuf_1)
     1    0.00                           _063_ (net)
                  0.03    0.00    3.08 v _550_/D (sky130_fd_sc_hd__dfrtp_1)
                                  3.08   data arrival time

                         10.00   10.00   clock clk (rise edge)
                          0.00   10.00   clock source latency
                  0.12    0.08   10.08 ^ clk (in)
     1    0.03                           clk (net)
                  0.12    0.00   10.08 ^ clkbuf_0_clk/A (sky130_fd_sc_hd__clkbuf_16)
                  0.11    0.20   10.28 ^ clkbuf_0_clk/X (sky130_fd_sc_hd__clkbuf_16)
     8    0.09                           clknet_0_clk (net)
                  0.11    0.00   10.28 ^ clkbuf_3_7__f_clk/A (sky130_fd_sc_hd__clkbuf_16)
                  0.06    0.15   10.43 ^ clkbuf_3_7__f_clk/X (sky130_fd_sc_hd__clkbuf_16)
    11    0.04                           clknet_3_7__leaf_clk (net)
                  0.06    0.00   10.43 ^ _550_/CLK (sky130_fd_sc_hd__dfrtp_1)
                         -0.25   10.18   clock uncertainty
                          0.00   10.18   clock reconvergence pessimism
                         -0.11   10.08   library setup time
                                 10.08   data required time
-----------------------------------------------------------------------------
                                 10.08   data required time
                                 -3.08   data arrival time
-----------------------------------------------------------------------------
                                  7.00   slack (MET)


Startpoint: cfg_idx[0] (input port clocked by clk)
Endpoint: _544_ (rising edge-triggered flip-flop clocked by clk)
Path Group: clk
Path Type: max

Fanout     Cap    Slew   Delay    Time   Description
-----------------------------------------------------------------------------
                          0.00    0.00   clock clk (rise edge)
                          0.00    0.00   clock network delay (propagated)
                          2.00    2.00 ^ input external delay
                  0.03    0.02    2.02 ^ cfg_idx[0] (in)
     1    0.00                           cfg_idx[0] (net)
                  0.03    0.00    2.02 ^ input2/A (sky130_fd_sc_hd__buf_1)
                  0.21    0.20    2.22 ^ input2/X (sky130_fd_sc_hd__buf_1)
     4    0.02                           net2 (net)
                  0.21    0.00    2.22 ^ _344_/B (sky130_fd_sc_hd__and3b_1)
                  0.05    0.20    2.41 ^ _344_/X (sky130_fd_sc_hd__and3b_1)
     1    0.00                           _165_ (net)
                  0.05    0.00    2.41 ^ _345_/A (sky130_fd_sc_hd__buf_4)
                  0.18    0.22    2.63 ^ _345_/X (sky130_fd_sc_hd__buf_4)
     8    0.06                           _166_ (net)
                  0.18    0.00    2.64 ^ _449_/S (sky130_fd_sc_hd__mux2_1)
                  0.05    0.35    2.99 v _449_/X (sky130_fd_sc_hd__mux2_1)
     1    0.00                           _222_ (net)
                  0.05    0.00    2.99 v _450_/A (sky130_fd_sc_hd__clkbuf_1)
                  0.02    0.09    3.08 v _450_/X (sky130_fd_sc_hd__clkbuf_1)
     1    0.00                           _057_ (net)
                  0.02    0.00    3.08 v _544_/D (sky130_fd_sc_hd__dfrtp_1)
                                  3.08   data arrival time

                         10.00   10.00   clock clk (rise edge)
                          0.00   10.00   clock source latency
                  0.12    0.08   10.08 ^ clk (in)
     1    0.03                           clk (net)
                  0.12    0.00   10.08 ^ clkbuf_0_clk/A (sky130_fd_sc_hd__clkbuf_16)
                  0.11    0.20   10.28 ^ clkbuf_0_clk/X (sky130_fd_sc_hd__clkbuf_16)
     8    0.09                           clknet_0_clk (net)
                  0.11    0.00   10.28 ^ clkbuf_3_1__f_clk/A (sky130_fd_sc_hd__clkbuf_16)
                  0.06    0.15   10.43 ^ clkbuf_3_1__f_clk/X (sky130_fd_sc_hd__clkbuf_16)
    10    0.03                           clknet_3_1__leaf_clk (net)
                  0.06    0.00   10.43 ^ _544_/CLK (sky130_fd_sc_hd__dfrtp_1)
                         -0.25   10.18   clock uncertainty
                          0.00   10.18   clock reconvergence pessimism
                         -0.10   10.08   library setup time
                                 10.08   data required time
-----------------------------------------------------------------------------
                                 10.08   data required time
                                 -3.08   data arrival time
-----------------------------------------------------------------------------
                                  7.00   slack (MET)


Startpoint: cfg_idx[0] (input port clocked by clk)
Endpoint: _552_ (rising edge-triggered flip-flop clocked by clk)
Path Group: clk
Path Type: max

Fanout     Cap    Slew   Delay    Time   Description
-----------------------------------------------------------------------------
                          0.00    0.00   clock clk (rise edge)
                          0.00    0.00   clock network delay (propagated)
                          2.00    2.00 ^ input external delay
                  0.03    0.02    2.02 ^ cfg_idx[0] (in)
     1    0.00                           cfg_idx[0] (net)
                  0.03    0.00    2.02 ^ input2/A (sky130_fd_sc_hd__buf_1)
                  0.21    0.20    2.22 ^ input2/X (sky130_fd_sc_hd__buf_1)
     4    0.02                           net2 (net)
                  0.21    0.00    2.22 ^ _349_/A_N (sky130_fd_sc_hd__and3b_1)
                  0.04    0.21    2.43 v _349_/X (sky130_fd_sc_hd__and3b_1)
     1    0.00                           _169_ (net)
                  0.04    0.00    2.43 v _350_/A (sky130_fd_sc_hd__buf_4)
                  0.09    0.20    2.63 v _350_/X (sky130_fd_sc_hd__buf_4)
     8    0.06                           _170_ (net)
                  0.09    0.00    2.63 v _465_/S (sky130_fd_sc_hd__mux2_1)
                  0.05    0.33    2.96 v _465_/X (sky130_fd_sc_hd__mux2_1)
     1    0.00                           _230_ (net)
                  0.05    0.00    2.96 v _466_/A (sky130_fd_sc_hd__clkbuf_1)
                  0.03    0.10    3.06 v _466_/X (sky130_fd_sc_hd__clkbuf_1)
     1    0.00                           _065_ (net)
                  0.03    0.00    3.06 v _552_/D (sky130_fd_sc_hd__dfrtp_1)
                                  3.06   data arrival time

                         10.00   10.00   clock clk (rise edge)
                          0.00   10.00   clock source latency
                  0.12    0.08   10.08 ^ clk (in)
     1    0.03                           clk (net)
                  0.12    0.00   10.08 ^ clkbuf_0_clk/A (sky130_fd_sc_hd__clkbuf_16)
                  0.11    0.20   10.28 ^ clkbuf_0_clk/X (sky130_fd_sc_hd__clkbuf_16)
     8    0.09                           clknet_0_clk (net)
                  0.11    0.00   10.28 ^ clkbuf_3_0__f_clk/A (sky130_fd_sc_hd__clkbuf_16)
                  0.04    0.14   10.42 ^ clkbuf_3_0__f_clk/X (sky130_fd_sc_hd__clkbuf_16)
     7    0.02                           clknet_3_0__leaf_clk (net)
                  0.04    0.00   10.42 ^ _552_/CLK (sky130_fd_sc_hd__dfrtp_1)
                         -0.25   10.17   clock uncertainty
                          0.00   10.17   clock reconvergence pessimism
                         -0.11   10.06   library setup time
                                 10.06   data required time
-----------------------------------------------------------------------------
                                 10.06   data required time
                                 -3.06   data arrival time
-----------------------------------------------------------------------------
                                  7.00   slack (MET)


Startpoint: cfg_idx[0] (input port clocked by clk)
Endpoint: _548_ (rising edge-triggered flip-flop clocked by clk)
Path Group: clk
Path Type: max

Fanout     Cap    Slew   Delay    Time   Description
-----------------------------------------------------------------------------
                          0.00    0.00   clock clk (rise edge)
                          0.00    0.00   clock network delay (propagated)
                          2.00    2.00 ^ input external delay
                  0.03    0.02    2.02 ^ cfg_idx[0] (in)
     1    0.00                           cfg_idx[0] (net)
                  0.03    0.00    2.02 ^ input2/A (sky130_fd_sc_hd__buf_1)
                  0.21    0.20    2.22 ^ input2/X (sky130_fd_sc_hd__buf_1)
     4    0.02                           net2 (net)
                  0.21    0.00    2.22 ^ _349_/A_N (sky130_fd_sc_hd__and3b_1)
                  0.04    0.21    2.43 v _349_/X (sky130_fd_sc_hd__and3b_1)
     1    0.00                           _169_ (net)
                  0.04    0.00    2.43 v _350_/A (sky130_fd_sc_hd__buf_4)
                  0.09    0.20    2.63 v _350_/X (sky130_fd_sc_hd__buf_4)
     8    0.06                           _170_ (net)
                  0.09    0.00    2.63 v _457_/S (sky130_fd_sc_hd__mux2_1)
                  0.06    0.34    2.97 v _457_/X (sky130_fd_sc_hd__mux2_1)
     1    0.00                           _226_ (net)
                  0.06    0.00    2.97 v _458_/A (sky130_fd_sc_hd__clkbuf_1)
                  0.03    0.10    3.07 v _458_/X (sky130_fd_sc_hd__clkbuf_1)
     1    0.00                           _061_ (net)
                  0.03    0.00    3.07 v _548_/D (sky130_fd_sc_hd__dfrtp_1)
                                  3.07   data arrival time

                         10.00   10.00   clock clk (rise edge)
                          0.00   10.00   clock source latency
                  0.12    0.08   10.08 ^ clk (in)
     1    0.03                           clk (net)
                  0.12    0.00   10.08 ^ clkbuf_0_clk/A (sky130_fd_sc_hd__clkbuf_16)
                  0.11    0.20   10.28 ^ clkbuf_0_clk/X (sky130_fd_sc_hd__clkbuf_16)
     8    0.09                           clknet_0_clk (net)
                  0.11    0.00   10.28 ^ clkbuf_3_2__f_clk/A (sky130_fd_sc_hd__clkbuf_16)
                  0.05    0.15   10.43 ^ clkbuf_3_2__f_clk/X (sky130_fd_sc_hd__clkbuf_16)
     9    0.03                           clknet_3_2__leaf_clk (net)
                  0.05    0.00   10.43 ^ _548_/CLK (sky130_fd_sc_hd__dfrtp_1)
                         -0.25   10.18   clock uncertainty
                          0.00   10.18   clock reconvergence pessimism
                         -0.10   10.08   library setup time
                                 10.08   data required time
-----------------------------------------------------------------------------
                                 10.08   data required time
                                 -3.07   data arrival time
-----------------------------------------------------------------------------
                                  7.01   slack (MET)


Startpoint: cfg_idx[0] (input port clocked by clk)
Endpoint: _554_ (rising edge-triggered flip-flop clocked by clk)
Path Group: clk
Path Type: max

Fanout     Cap    Slew   Delay    Time   Description
-----------------------------------------------------------------------------
                          0.00    0.00   clock clk (rise edge)
                          0.00    0.00   clock network delay (propagated)
                          2.00    2.00 ^ input external delay
                  0.03    0.02    2.02 ^ cfg_idx[0] (in)
     1    0.00                           cfg_idx[0] (net)
                  0.03    0.00    2.02 ^ input2/A (sky130_fd_sc_hd__buf_1)
                  0.21    0.20    2.22 ^ input2/X (sky130_fd_sc_hd__buf_1)
     4    0.02                           net2 (net)
                  0.21    0.00    2.22 ^ _349_/A_N (sky130_fd_sc_hd__and3b_1)
                  0.04    0.21    2.43 v _349_/X (sky130_fd_sc_hd__and3b_1)
     1    0.00                           _169_ (net)
                  0.04    0.00    2.43 v _350_/A (sky130_fd_sc_hd__buf_4)
                  0.09    0.20    2.63 v _350_/X (sky130_fd_sc_hd__buf_4)
     8    0.06                           _170_ (net)
                  0.09    0.00    2.63 v _469_/S (sky130_fd_sc_hd__mux2_1)
                  0.05    0.33    2.96 v _469_/X (sky130_fd_sc_hd__mux2_1)
     1    0.00                           _232_ (net)
                  0.05    0.00    2.96 v _470_/A (sky130_fd_sc_hd__clkbuf_1)
                  0.03    0.09    3.06 v _470_/X (sky130_fd_sc_hd__clkbuf_1)
     1    0.00                           _067_ (net)
                  0.03    0.00    3.06 v _554_/D (sky130_fd_sc_hd__dfrtp_1)
                                  3.06   data arrival time

                         10.00   10.00   clock clk (rise edge)
                          0.00   10.00   clock source latency
                  0.12    0.08   10.08 ^ clk (in)
     1    0.03                           clk (net)
                  0.12    0.00   10.08 ^ clkbuf_0_clk/A (sky130_fd_sc_hd__clkbuf_16)
                  0.11    0.20   10.28 ^ clkbuf_0_clk/X (sky130_fd_sc_hd__clkbuf_16)
     8    0.09                           clknet_0_clk (net)
                  0.11    0.00   10.28 ^ clkbuf_3_4__f_clk/A (sky130_fd_sc_hd__clkbuf_16)
                  0.05    0.15   10.43 ^ clkbuf_3_4__f_clk/X (sky130_fd_sc_hd__clkbuf_16)
     9    0.03                           clknet_3_4__leaf_clk (net)
                  0.05    0.00   10.43 ^ _554_/CLK (sky130_fd_sc_hd__dfrtp_1)
                         -0.25   10.18   clock uncertainty
                          0.00   10.18   clock reconvergence pessimism
                         -0.10   10.08   library setup time
                                 10.08   data required time
-----------------------------------------------------------------------------
                                 10.08   data required time
                                 -3.06   data arrival time
-----------------------------------------------------------------------------
                                  7.02   slack (MET)


Startpoint: cfg_idx[0] (input port clocked by clk)
Endpoint: _549_ (rising edge-triggered flip-flop clocked by clk)
Path Group: clk
Path Type: max

Fanout     Cap    Slew   Delay    Time   Description
-----------------------------------------------------------------------------
                          0.00    0.00   clock clk (rise edge)
                          0.00    0.00   clock network delay (propagated)
                          2.00    2.00 ^ input external delay
                  0.03    0.02    2.02 ^ cfg_idx[0] (in)
     1    0.00                           cfg_idx[0] (net)
                  0.03    0.00    2.02 ^ input2/A (sky130_fd_sc_hd__buf_1)
                  0.21    0.20    2.22 ^ input2/X (sky130_fd_sc_hd__buf_1)
     4    0.02                           net2 (net)
                  0.21    0.00    2.22 ^ _349_/A_N (sky130_fd_sc_hd__and3b_1)
                  0.04    0.21    2.43 v _349_/X (sky130_fd_sc_hd__and3b_1)
     1    0.00                           _169_ (net)
                  0.04    0.00    2.43 v _350_/A (sky130_fd_sc_hd__buf_4)
                  0.09    0.20    2.63 v _350_/X (sky130_fd_sc_hd__buf_4)
     8    0.06                           _170_ (net)
                  0.09    0.00    2.63 v _459_/S (sky130_fd_sc_hd__mux2_1)
                  0.05    0.33    2.97 v _459_/X (sky130_fd_sc_hd__mux2_1)
     1    0.00                           _227_ (net)
                  0.05    0.00    2.97 v _460_/A (sky130_fd_sc_hd__clkbuf_1)
                  0.02    0.09    3.06 v _460_/X (sky130_fd_sc_hd__clkbuf_1)
     1    0.00                           _062_ (net)
                  0.02    0.00    3.06 v _549_/D (sky130_fd_sc_hd__dfrtp_1)
                                  3.06   data arrival time

                         10.00   10.00   clock clk (rise edge)
                          0.00   10.00   clock source latency
                  0.12    0.08   10.08 ^ clk (in)
     1    0.03                           clk (net)
                  0.12    0.00   10.08 ^ clkbuf_0_clk/A (sky130_fd_sc_hd__clkbuf_16)
                  0.11    0.20   10.28 ^ clkbuf_0_clk/X (sky130_fd_sc_hd__clkbuf_16)
     8    0.09                           clknet_0_clk (net)
                  0.11    0.00   10.28 ^ clkbuf_3_5__f_clk/A (sky130_fd_sc_hd__clkbuf_16)
                  0.05    0.15   10.43 ^ clkbuf_3_5__f_clk/X (sky130_fd_sc_hd__clkbuf_16)
    10    0.03                           clknet_3_5__leaf_clk (net)
                  0.05    0.00   10.43 ^ _549_/CLK (sky130_fd_sc_hd__dfrtp_1)
                         -0.25   10.18   clock uncertainty
                          0.00   10.18   clock reconvergence pessimism
                         -0.10   10.08   library setup time
                                 10.08   data required time
-----------------------------------------------------------------------------
                                 10.08   data required time
                                 -3.06   data arrival time
-----------------------------------------------------------------------------
                                  7.02   slack (MET)


Startpoint: rst_n (input port clocked by clk)
Endpoint: _493_ (recovery check against rising-edge clock clk)
Path Group: asynchronous
Path Type: max

Fanout     Cap    Slew   Delay    Time   Description
-----------------------------------------------------------------------------
                          0.00    0.00   clock clk (rise edge)
                          0.00    0.00   clock network delay (propagated)
                          2.00    2.00 ^ input external delay
                  0.03    0.02    2.02 ^ rst_n (in)
     1    0.00                           rst_n (net)
                  0.03    0.00    2.02 ^ input23/A (sky130_fd_sc_hd__clkbuf_2)
                  0.15    0.18    2.20 ^ input23/X (sky130_fd_sc_hd__clkbuf_2)
     4    0.03                           net23 (net)
                  0.15    0.00    2.20 ^ fanout33/A (sky130_fd_sc_hd__clkbuf_2)
                  0.17    0.24    2.44 ^ fanout33/X (sky130_fd_sc_hd__clkbuf_2)
     5    0.03                           net33 (net)
                  0.17    0.00    2.44 ^ fanout32/A (sky130_fd_sc_hd__clkbuf_4)
                  0.16    0.28    2.72 ^ fanout32/X (sky130_fd_sc_hd__clkbuf_4)
    10    0.05                           net32 (net)
                  0.16    0.00    2.72 ^ fanout31/A (sky130_fd_sc_hd__clkbuf_4)
                  0.17    0.28    3.00 ^ fanout31/X (sky130_fd_sc_hd__clkbuf_4)
    10    0.05                           net31 (net)
                  0.17    0.00    3.00 ^ _493_/RESET_B (sky130_fd_sc_hd__dfrtp_4)
                                  3.00   data arrival time

                         10.00   10.00   clock clk (rise edge)
                          0.00   10.00   clock source latency
                  0.12    0.08   10.08 ^ clk (in)
     1    0.03                           clk (net)
                  0.12    0.00   10.08 ^ clkbuf_0_clk/A (sky130_fd_sc_hd__clkbuf_16)
                  0.11    0.20   10.28 ^ clkbuf_0_clk/X (sky130_fd_sc_hd__clkbuf_16)
     8    0.09                           clknet_0_clk (net)
                  0.11    0.00   10.28 ^ clkbuf_3_3__f_clk/A (sky130_fd_sc_hd__clkbuf_16)
                  0.06    0.15   10.43 ^ clkbuf_3_3__f_clk/X (sky130_fd_sc_hd__clkbuf_16)
    11    0.04                           clknet_3_3__leaf_clk (net)
                  0.06    0.00   10.43 ^ _493_/CLK (sky130_fd_sc_hd__dfrtp_4)
                         -0.25   10.18   clock uncertainty
                          0.00   10.18   clock reconvergence pessimism
                          0.18   10.37   library recovery time
                                 10.37   data required time
-----------------------------------------------------------------------------
                                 10.37   data required time
                                 -3.00   data arrival time
-----------------------------------------------------------------------------
                                  7.36   slack (MET)


Startpoint: rst_n (input port clocked by clk)
Endpoint: _521_ (recovery check against rising-edge clock clk)
Path Group: asynchronous
Path Type: max

Fanout     Cap    Slew   Delay    Time   Description
-----------------------------------------------------------------------------
                          0.00    0.00   clock clk (rise edge)
                          0.00    0.00   clock network delay (propagated)
                          2.00    2.00 ^ input external delay
                  0.03    0.02    2.02 ^ rst_n (in)
     1    0.00                           rst_n (net)
                  0.03    0.00    2.02 ^ input23/A (sky130_fd_sc_hd__clkbuf_2)
                  0.15    0.18    2.20 ^ input23/X (sky130_fd_sc_hd__clkbuf_2)
     4    0.03                           net23 (net)
                  0.15    0.00    2.20 ^ fanout33/A (sky130_fd_sc_hd__clkbuf_2)
                  0.17    0.24    2.44 ^ fanout33/X (sky130_fd_sc_hd__clkbuf_2)
     5    0.03                           net33 (net)
                  0.17    0.00    2.44 ^ fanout32/A (sky130_fd_sc_hd__clkbuf_4)
                  0.16    0.28    2.72 ^ fanout32/X (sky130_fd_sc_hd__clkbuf_4)
    10    0.05                           net32 (net)
                  0.16    0.00    2.72 ^ fanout31/A (sky130_fd_sc_hd__clkbuf_4)
                  0.17    0.28    3.00 ^ fanout31/X (sky130_fd_sc_hd__clkbuf_4)
    10    0.05                           net31 (net)
                  0.17    0.00    3.00 ^ _521_/RESET_B (sky130_fd_sc_hd__dfrtp_1)
                                  3.00   data arrival time

                         10.00   10.00   clock clk (rise edge)
                          0.00   10.00   clock source latency
                  0.12    0.08   10.08 ^ clk (in)
     1    0.03                           clk (net)
                  0.12    0.00   10.08 ^ clkbuf_0_clk/A (sky130_fd_sc_hd__clkbuf_16)
                  0.11    0.20   10.28 ^ clkbuf_0_clk/X (sky130_fd_sc_hd__clkbuf_16)
     8    0.09                           clknet_0_clk (net)
                  0.11    0.00   10.28 ^ clkbuf_3_6__f_clk/A (sky130_fd_sc_hd__clkbuf_16)
                  0.05    0.15   10.43 ^ clkbuf_3_6__f_clk/X (sky130_fd_sc_hd__clkbuf_16)
     9    0.03                           clknet_3_6__leaf_clk (net)
                  0.05    0.00   10.43 ^ _521_/CLK (sky130_fd_sc_hd__dfrtp_1)
                         -0.25   10.18   clock uncertainty
                          0.00   10.18   clock reconvergence pessimism
                          0.20   10.38   library recovery time
                                 10.38   data required time
-----------------------------------------------------------------------------
                                 10.38   data required time
                                 -3.00   data arrival time
-----------------------------------------------------------------------------
                                  7.38   slack (MET)


Startpoint: rst_n (input port clocked by clk)
Endpoint: _505_ (recovery check against rising-edge clock clk)
Path Group: asynchronous
Path Type: max

Fanout     Cap    Slew   Delay    Time   Description
-----------------------------------------------------------------------------
                          0.00    0.00   clock clk (rise edge)
                          0.00    0.00   clock network delay (propagated)
                          2.00    2.00 ^ input external delay
                  0.03    0.02    2.02 ^ rst_n (in)
     1    0.00                           rst_n (net)
                  0.03    0.00    2.02 ^ input23/A (sky130_fd_sc_hd__clkbuf_2)
                  0.15    0.18    2.20 ^ input23/X (sky130_fd_sc_hd__clkbuf_2)
     4    0.03                           net23 (net)
                  0.15    0.00    2.20 ^ fanout33/A (sky130_fd_sc_hd__clkbuf_2)
                  0.17    0.24    2.44 ^ fanout33/X (sky130_fd_sc_hd__clkbuf_2)
     5    0.03                           net33 (net)
                  0.17    0.00    2.44 ^ fanout32/A (sky130_fd_sc_hd__clkbuf_4)
                  0.16    0.28    2.72 ^ fanout32/X (sky130_fd_sc_hd__clkbuf_4)
    10    0.05                           net32 (net)
                  0.16    0.00    2.72 ^ fanout31/A (sky130_fd_sc_hd__clkbuf_4)
                  0.17    0.28    3.00 ^ fanout31/X (sky130_fd_sc_hd__clkbuf_4)
    10    0.05                           net31 (net)
                  0.17    0.00    3.00 ^ _505_/RESET_B (sky130_fd_sc_hd__dfrtp_1)
                                  3.00   data arrival time

                         10.00   10.00   clock clk (rise edge)
                          0.00   10.00   clock source latency
                  0.12    0.08   10.08 ^ clk (in)
     1    0.03                           clk (net)
                  0.12    0.00   10.08 ^ clkbuf_0_clk/A (sky130_fd_sc_hd__clkbuf_16)
                  0.11    0.20   10.28 ^ clkbuf_0_clk/X (sky130_fd_sc_hd__clkbuf_16)
     8    0.09                           clknet_0_clk (net)
                  0.11    0.00   10.28 ^ clkbuf_3_3__f_clk/A (sky130_fd_sc_hd__clkbuf_16)
                  0.06    0.15   10.43 ^ clkbuf_3_3__f_clk/X (sky130_fd_sc_hd__clkbuf_16)
    11    0.04                           clknet_3_3__leaf_clk (net)
                  0.06    0.00   10.43 ^ _505_/CLK (sky130_fd_sc_hd__dfrtp_1)
                         -0.25   10.18   clock uncertainty
                          0.00   10.18   clock reconvergence pessimism
                          0.20   10.39   library recovery time
                                 10.39   data required time
-----------------------------------------------------------------------------
                                 10.39   data required time
                                 -3.00   data arrival time
-----------------------------------------------------------------------------
                                  7.38   slack (MET)


Startpoint: rst_n (input port clocked by clk)
Endpoint: _529_ (recovery check against rising-edge clock clk)
Path Group: asynchronous
Path Type: max

Fanout     Cap    Slew   Delay    Time   Description
-----------------------------------------------------------------------------
                          0.00    0.00   clock clk (rise edge)
                          0.00    0.00   clock network delay (propagated)
                          2.00    2.00 ^ input external delay
                  0.03    0.02    2.02 ^ rst_n (in)
     1    0.00                           rst_n (net)
                  0.03    0.00    2.02 ^ input23/A (sky130_fd_sc_hd__clkbuf_2)
                  0.15    0.18    2.20 ^ input23/X (sky130_fd_sc_hd__clkbuf_2)
     4    0.03                           net23 (net)
                  0.15    0.00    2.20 ^ fanout33/A (sky130_fd_sc_hd__clkbuf_2)
                  0.17    0.24    2.44 ^ fanout33/X (sky130_fd_sc_hd__clkbuf_2)
     5    0.03                           net33 (net)
                  0.17    0.00    2.44 ^ fanout32/A (sky130_fd_sc_hd__clkbuf_4)
                  0.16    0.28    2.72 ^ fanout32/X (sky130_fd_sc_hd__clkbuf_4)
    10    0.05                           net32 (net)
                  0.16    0.00    2.72 ^ fanout31/A (sky130_fd_sc_hd__clkbuf_4)
                  0.17    0.28    3.00 ^ fanout31/X (sky130_fd_sc_hd__clkbuf_4)
    10    0.05                           net31 (net)
                  0.17    0.00    3.00 ^ _529_/RESET_B (sky130_fd_sc_hd__dfrtp_1)
                                  3.00   data arrival time

                         10.00   10.00   clock clk (rise edge)
                          0.00   10.00   clock source latency
                  0.12    0.08   10.08 ^ clk (in)
     1    0.03                           clk (net)
                  0.12    0.00   10.08 ^ clkbuf_0_clk/A (sky130_fd_sc_hd__clkbuf_16)
                  0.11    0.20   10.28 ^ clkbuf_0_clk/X (sky130_fd_sc_hd__clkbuf_16)
     8    0.09                           clknet_0_clk (net)
                  0.11    0.00   10.28 ^ clkbuf_3_3__f_clk/A (sky130_fd_sc_hd__clkbuf_16)
                  0.06    0.15   10.43 ^ clkbuf_3_3__f_clk/X (sky130_fd_sc_hd__clkbuf_16)
    11    0.04                           clknet_3_3__leaf_clk (net)
                  0.06    0.00   10.43 ^ _529_/CLK (sky130_fd_sc_hd__dfrtp_1)
                         -0.25   10.18   clock uncertainty
                          0.00   10.18   clock reconvergence pessimism
                          0.20   10.39   library recovery time
                                 10.39   data required time
-----------------------------------------------------------------------------
                                 10.39   data required time
                                 -3.00   data arrival time
-----------------------------------------------------------------------------
                                  7.38   slack (MET)


Startpoint: rst_n (input port clocked by clk)
Endpoint: _495_ (recovery check against rising-edge clock clk)
Path Group: asynchronous
Path Type: max

Fanout     Cap    Slew   Delay    Time   Description
-----------------------------------------------------------------------------
                          0.00    0.00   clock clk (rise edge)
                          0.00    0.00   clock network delay (propagated)
                          2.00    2.00 ^ input external delay
                  0.03    0.02    2.02 ^ rst_n (in)
     1    0.00                           rst_n (net)
                  0.03    0.00    2.02 ^ input23/A (sky130_fd_sc_hd__clkbuf_2)
                  0.15    0.18    2.20 ^ input23/X (sky130_fd_sc_hd__clkbuf_2)
     4    0.03                           net23 (net)
                  0.15    0.00    2.20 ^ fanout33/A (sky130_fd_sc_hd__clkbuf_2)
                  0.17    0.24    2.44 ^ fanout33/X (sky130_fd_sc_hd__clkbuf_2)
     5    0.03                           net33 (net)
                  0.17    0.00    2.44 ^ fanout32/A (sky130_fd_sc_hd__clkbuf_4)
                  0.16    0.28    2.72 ^ fanout32/X (sky130_fd_sc_hd__clkbuf_4)
    10    0.05                           net32 (net)
                  0.16    0.00    2.72 ^ fanout31/A (sky130_fd_sc_hd__clkbuf_4)
                  0.17    0.28    3.00 ^ fanout31/X (sky130_fd_sc_hd__clkbuf_4)
    10    0.05                           net31 (net)
                  0.17    0.00    3.00 ^ _495_/RESET_B (sky130_fd_sc_hd__dfrtp_1)
                                  3.00   data arrival time

                         10.00   10.00   clock clk (rise edge)
                          0.00   10.00   clock source latency
                  0.12    0.08   10.08 ^ clk (in)
     1    0.03                           clk (net)
                  0.12    0.00   10.08 ^ clkbuf_0_clk/A (sky130_fd_sc_hd__clkbuf_16)
                  0.11    0.20   10.28 ^ clkbuf_0_clk/X (sky130_fd_sc_hd__clkbuf_16)
     8    0.09                           clknet_0_clk (net)
                  0.11    0.00   10.28 ^ clkbuf_3_3__f_clk/A (sky130_fd_sc_hd__clkbuf_16)
                  0.06    0.15   10.43 ^ clkbuf_3_3__f_clk/X (sky130_fd_sc_hd__clkbuf_16)
    11    0.04                           clknet_3_3__leaf_clk (net)
                  0.06    0.00   10.43 ^ _495_/CLK (sky130_fd_sc_hd__dfrtp_1)
                         -0.25   10.18   clock uncertainty
                          0.00   10.18   clock reconvergence pessimism
                          0.20   10.39   library recovery time
                                 10.39   data required time
-----------------------------------------------------------------------------
                                 10.39   data required time
                                 -3.00   data arrival time
-----------------------------------------------------------------------------
                                  7.38   slack (MET)


Startpoint: rst_n (input port clocked by clk)
Endpoint: _503_ (recovery check against rising-edge clock clk)
Path Group: asynchronous
Path Type: max

Fanout     Cap    Slew   Delay    Time   Description
-----------------------------------------------------------------------------
                          0.00    0.00   clock clk (rise edge)
                          0.00    0.00   clock network delay (propagated)
                          2.00    2.00 ^ input external delay
                  0.03    0.02    2.02 ^ rst_n (in)
     1    0.00                           rst_n (net)
                  0.03    0.00    2.02 ^ input23/A (sky130_fd_sc_hd__clkbuf_2)
                  0.15    0.18    2.20 ^ input23/X (sky130_fd_sc_hd__clkbuf_2)
     4    0.03                           net23 (net)
                  0.15    0.00    2.20 ^ fanout33/A (sky130_fd_sc_hd__clkbuf_2)
                  0.17    0.24    2.44 ^ fanout33/X (sky130_fd_sc_hd__clkbuf_2)
     5    0.03                           net33 (net)
                  0.17    0.00    2.44 ^ fanout32/A (sky130_fd_sc_hd__clkbuf_4)
                  0.16    0.28    2.72 ^ fanout32/X (sky130_fd_sc_hd__clkbuf_4)
    10    0.05                           net32 (net)
                  0.16    0.00    2.72 ^ fanout31/A (sky130_fd_sc_hd__clkbuf_4)
                  0.17    0.28    3.00 ^ fanout31/X (sky130_fd_sc_hd__clkbuf_4)
    10    0.05                           net31 (net)
                  0.17    0.00    3.00 ^ _503_/RESET_B (sky130_fd_sc_hd__dfrtp_1)
                                  3.00   data arrival time

                         10.00   10.00   clock clk (rise edge)
                          0.00   10.00   clock source latency
                  0.12    0.08   10.08 ^ clk (in)
     1    0.03                           clk (net)
                  0.12    0.00   10.08 ^ clkbuf_0_clk/A (sky130_fd_sc_hd__clkbuf_16)
                  0.11    0.20   10.28 ^ clkbuf_0_clk/X (sky130_fd_sc_hd__clkbuf_16)
     8    0.09                           clknet_0_clk (net)
                  0.11    0.00   10.28 ^ clkbuf_3_3__f_clk/A (sky130_fd_sc_hd__clkbuf_16)
                  0.06    0.15   10.43 ^ clkbuf_3_3__f_clk/X (sky130_fd_sc_hd__clkbuf_16)
    11    0.04                           clknet_3_3__leaf_clk (net)
                  0.06    0.00   10.43 ^ _503_/CLK (sky130_fd_sc_hd__dfrtp_1)
                         -0.25   10.18   clock uncertainty
                          0.00   10.18   clock reconvergence pessimism
                          0.20   10.39   library recovery time
                                 10.39   data required time
-----------------------------------------------------------------------------
                                 10.39   data required time
                                 -3.00   data arrival time
-----------------------------------------------------------------------------
                                  7.38   slack (MET)


Startpoint: rst_n (input port clocked by clk)
Endpoint: _537_ (recovery check against rising-edge clock clk)
Path Group: asynchronous
Path Type: max

Fanout     Cap    Slew   Delay    Time   Description
-----------------------------------------------------------------------------
                          0.00    0.00   clock clk (rise edge)
                          0.00    0.00   clock network delay (propagated)
                          2.00    2.00 ^ input external delay
                  0.03    0.02    2.02 ^ rst_n (in)
     1    0.00                           rst_n (net)
                  0.03    0.00    2.02 ^ input23/A (sky130_fd_sc_hd__clkbuf_2)
                  0.15    0.18    2.20 ^ input23/X (sky130_fd_sc_hd__clkbuf_2)
     4    0.03                           net23 (net)
                  0.15    0.00    2.20 ^ fanout33/A (sky130_fd_sc_hd__clkbuf_2)
                  0.17    0.24    2.44 ^ fanout33/X (sky130_fd_sc_hd__clkbuf_2)
     5    0.03                           net33 (net)
                  0.17    0.00    2.44 ^ fanout32/A (sky130_fd_sc_hd__clkbuf_4)
                  0.16    0.28    2.72 ^ fanout32/X (sky130_fd_sc_hd__clkbuf_4)
    10    0.05                           net32 (net)
                  0.16    0.00    2.72 ^ fanout31/A (sky130_fd_sc_hd__clkbuf_4)
                  0.17    0.28    3.00 ^ fanout31/X (sky130_fd_sc_hd__clkbuf_4)
    10    0.05                           net31 (net)
                  0.17    0.00    3.00 ^ _537_/RESET_B (sky130_fd_sc_hd__dfrtp_1)
                                  3.00   data arrival time

                         10.00   10.00   clock clk (rise edge)
                          0.00   10.00   clock source latency
                  0.12    0.08   10.08 ^ clk (in)
     1    0.03                           clk (net)
                  0.12    0.00   10.08 ^ clkbuf_0_clk/A (sky130_fd_sc_hd__clkbuf_16)
                  0.11    0.20   10.28 ^ clkbuf_0_clk/X (sky130_fd_sc_hd__clkbuf_16)
     8    0.09                           clknet_0_clk (net)
                  0.11    0.00   10.28 ^ clkbuf_3_3__f_clk/A (sky130_fd_sc_hd__clkbuf_16)
                  0.06    0.15   10.43 ^ clkbuf_3_3__f_clk/X (sky130_fd_sc_hd__clkbuf_16)
    11    0.04                           clknet_3_3__leaf_clk (net)
                  0.06    0.00   10.44 ^ _537_/CLK (sky130_fd_sc_hd__dfrtp_1)
                         -0.25   10.19   clock uncertainty
                          0.00   10.19   clock reconvergence pessimism
                          0.20   10.39   library recovery time
                                 10.39   data required time
-----------------------------------------------------------------------------
                                 10.39   data required time
                                 -3.00   data arrival time
-----------------------------------------------------------------------------
                                  7.39   slack (MET)


Startpoint: rst_n (input port clocked by clk)
Endpoint: _535_ (recovery check against rising-edge clock clk)
Path Group: asynchronous
Path Type: max

Fanout     Cap    Slew   Delay    Time   Description
-----------------------------------------------------------------------------
                          0.00    0.00   clock clk (rise edge)
                          0.00    0.00   clock network delay (propagated)
                          2.00    2.00 ^ input external delay
                  0.03    0.02    2.02 ^ rst_n (in)
     1    0.00                           rst_n (net)
                  0.03    0.00    2.02 ^ input23/A (sky130_fd_sc_hd__clkbuf_2)
                  0.15    0.18    2.20 ^ input23/X (sky130_fd_sc_hd__clkbuf_2)
     4    0.03                           net23 (net)
                  0.15    0.00    2.20 ^ fanout33/A (sky130_fd_sc_hd__clkbuf_2)
                  0.17    0.24    2.44 ^ fanout33/X (sky130_fd_sc_hd__clkbuf_2)
     5    0.03                           net33 (net)
                  0.17    0.00    2.44 ^ fanout32/A (sky130_fd_sc_hd__clkbuf_4)
                  0.16    0.28    2.72 ^ fanout32/X (sky130_fd_sc_hd__clkbuf_4)
    10    0.05                           net32 (net)
                  0.16    0.00    2.72 ^ fanout31/A (sky130_fd_sc_hd__clkbuf_4)
                  0.17    0.28    3.00 ^ fanout31/X (sky130_fd_sc_hd__clkbuf_4)
    10    0.05                           net31 (net)
                  0.17    0.00    3.00 ^ _535_/RESET_B (sky130_fd_sc_hd__dfrtp_1)
                                  3.00   data arrival time

                         10.00   10.00   clock clk (rise edge)
                          0.00   10.00   clock source latency
                  0.12    0.08   10.08 ^ clk (in)
     1    0.03                           clk (net)
                  0.12    0.00   10.08 ^ clkbuf_0_clk/A (sky130_fd_sc_hd__clkbuf_16)
                  0.11    0.20   10.28 ^ clkbuf_0_clk/X (sky130_fd_sc_hd__clkbuf_16)
     8    0.09                           clknet_0_clk (net)
                  0.11    0.00   10.28 ^ clkbuf_3_3__f_clk/A (sky130_fd_sc_hd__clkbuf_16)
                  0.06    0.15   10.43 ^ clkbuf_3_3__f_clk/X (sky130_fd_sc_hd__clkbuf_16)
    11    0.04                           clknet_3_3__leaf_clk (net)
                  0.06    0.00   10.43 ^ _535_/CLK (sky130_fd_sc_hd__dfrtp_1)
                         -0.25   10.18   clock uncertainty
                          0.00   10.18   clock reconvergence pessimism
                          0.20   10.39   library recovery time
                                 10.39   data required time
-----------------------------------------------------------------------------
                                 10.39   data required time
                                 -3.00   data arrival time
-----------------------------------------------------------------------------
                                  7.39   slack (MET)


Startpoint: rst_n (input port clocked by clk)
Endpoint: _532_ (recovery check against rising-edge clock clk)
Path Group: asynchronous
Path Type: max

Fanout     Cap    Slew   Delay    Time   Description
-----------------------------------------------------------------------------
                          0.00    0.00   clock clk (rise edge)
                          0.00    0.00   clock network delay (propagated)
                          2.00    2.00 ^ input external delay
                  0.03    0.02    2.02 ^ rst_n (in)
     1    0.00                           rst_n (net)
                  0.03    0.00    2.02 ^ input23/A (sky130_fd_sc_hd__clkbuf_2)
                  0.15    0.18    2.20 ^ input23/X (sky130_fd_sc_hd__clkbuf_2)
     4    0.03                           net23 (net)
                  0.15    0.00    2.20 ^ fanout33/A (sky130_fd_sc_hd__clkbuf_2)
                  0.17    0.24    2.44 ^ fanout33/X (sky130_fd_sc_hd__clkbuf_2)
     5    0.03                           net33 (net)
                  0.17    0.00    2.44 ^ fanout32/A (sky130_fd_sc_hd__clkbuf_4)
                  0.16    0.28    2.72 ^ fanout32/X (sky130_fd_sc_hd__clkbuf_4)
    10    0.05                           net32 (net)
                  0.16    0.00    2.72 ^ fanout31/A (sky130_fd_sc_hd__clkbuf_4)
                  0.17    0.28    3.00 ^ fanout31/X (sky130_fd_sc_hd__clkbuf_4)
    10    0.05                           net31 (net)
                  0.17    0.00    3.00 ^ _532_/RESET_B (sky130_fd_sc_hd__dfrtp_1)
                                  3.00   data arrival time

                         10.00   10.00   clock clk (rise edge)
                          0.00   10.00   clock source latency
                  0.12    0.08   10.08 ^ clk (in)
     1    0.03                           clk (net)
                  0.12    0.00   10.08 ^ clkbuf_0_clk/A (sky130_fd_sc_hd__clkbuf_16)
                  0.11    0.20   10.28 ^ clkbuf_0_clk/X (sky130_fd_sc_hd__clkbuf_16)
     8    0.09                           clknet_0_clk (net)
                  0.11    0.00   10.28 ^ clkbuf_3_3__f_clk/A (sky130_fd_sc_hd__clkbuf_16)
                  0.06    0.15   10.43 ^ clkbuf_3_3__f_clk/X (sky130_fd_sc_hd__clkbuf_16)
    11    0.04                           clknet_3_3__leaf_clk (net)
                  0.06    0.00   10.43 ^ _532_/CLK (sky130_fd_sc_hd__dfrtp_1)
                         -0.25   10.18   clock uncertainty
                          0.00   10.18   clock reconvergence pessimism
                          0.20   10.39   library recovery time
                                 10.39   data required time
-----------------------------------------------------------------------------
                                 10.39   data required time
                                 -3.00   data arrival time
-----------------------------------------------------------------------------
                                  7.39   slack (MET)


Startpoint: rst_n (input port clocked by clk)
Endpoint: _496_ (recovery check against rising-edge clock clk)
Path Group: asynchronous
Path Type: max

Fanout     Cap    Slew   Delay    Time   Description
-----------------------------------------------------------------------------
                          0.00    0.00   clock clk (rise edge)
                          0.00    0.00   clock network delay (propagated)
                          2.00    2.00 ^ input external delay
                  0.03    0.02    2.02 ^ rst_n (in)
     1    0.00                           rst_n (net)
                  0.03    0.00    2.02 ^ input23/A (sky130_fd_sc_hd__clkbuf_2)
                  0.15    0.18    2.20 ^ input23/X (sky130_fd_sc_hd__clkbuf_2)
     4    0.03                           net23 (net)
                  0.15    0.00    2.20 ^ fanout33/A (sky130_fd_sc_hd__clkbuf_2)
                  0.17    0.24    2.44 ^ fanout33/X (sky130_fd_sc_hd__clkbuf_2)
     5    0.03                           net33 (net)
                  0.17    0.00    2.44 ^ fanout32/A (sky130_fd_sc_hd__clkbuf_4)
                  0.16    0.28    2.72 ^ fanout32/X (sky130_fd_sc_hd__clkbuf_4)
    10    0.05                           net32 (net)
                  0.16    0.00    2.72 ^ fanout31/A (sky130_fd_sc_hd__clkbuf_4)
                  0.17    0.28    3.00 ^ fanout31/X (sky130_fd_sc_hd__clkbuf_4)
    10    0.05                           net31 (net)
                  0.17    0.00    3.00 ^ _496_/RESET_B (sky130_fd_sc_hd__dfrtp_1)
                                  3.00   data arrival time

                         10.00   10.00   clock clk (rise edge)
                          0.00   10.00   clock source latency
                  0.12    0.08   10.08 ^ clk (in)
     1    0.03                           clk (net)
                  0.12    0.00   10.08 ^ clkbuf_0_clk/A (sky130_fd_sc_hd__clkbuf_16)
                  0.11    0.20   10.28 ^ clkbuf_0_clk/X (sky130_fd_sc_hd__clkbuf_16)
     8    0.09                           clknet_0_clk (net)
                  0.11    0.00   10.28 ^ clkbuf_3_3__f_clk/A (sky130_fd_sc_hd__clkbuf_16)
                  0.06    0.15   10.43 ^ clkbuf_3_3__f_clk/X (sky130_fd_sc_hd__clkbuf_16)
    11    0.04                           clknet_3_3__leaf_clk (net)
                  0.06    0.00   10.43 ^ _496_/CLK (sky130_fd_sc_hd__dfrtp_1)
                         -0.25   10.18   clock uncertainty
                          0.00   10.18   clock reconvergence pessimism
                          0.20   10.39   library recovery time
                                 10.39   data required time
-----------------------------------------------------------------------------
                                 10.39   data required time
                                 -3.00   data arrival time
-----------------------------------------------------------------------------
                                  7.39   slack (MET)


Startpoint: data_valid (input port clocked by clk)
Endpoint: _490_ (rising edge-triggered flip-flop clocked by clk)
Path Group: clk
Path Type: max

Fanout     Cap    Slew   Delay    Time   Description
-----------------------------------------------------------------------------
                          0.00    0.00   clock clk (rise edge)
                          0.00    0.00   clock network delay (propagated)
                          2.00    2.00 ^ input external delay
                  0.03    0.02    2.02 ^ data_valid (in)
     1    0.00                           data_valid (net)
                  0.03    0.00    2.02 ^ input22/A (sky130_fd_sc_hd__buf_4)
                  0.17    0.21    2.22 ^ input22/X (sky130_fd_sc_hd__buf_4)
     8    0.06                           net22 (net)
                  0.17    0.01    2.23 ^ _329_/S (sky130_fd_sc_hd__mux2_1)
                  0.06    0.36    2.59 v _329_/X (sky130_fd_sc_hd__mux2_1)
     1    0.00                           _156_ (net)
                  0.06    0.00    2.59 v _330_/A (sky130_fd_sc_hd__clkbuf_1)
                  0.03    0.10    2.68 v _330_/X (sky130_fd_sc_hd__clkbuf_1)
     1    0.00                           _003_ (net)
                  0.03    0.00    2.68 v _490_/D (sky130_fd_sc_hd__dfrtp_4)
                                  2.68   data arrival time

                         10.00   10.00   clock clk (rise edge)
                          0.00   10.00   clock source latency
                  0.12    0.08   10.08 ^ clk (in)
     1    0.03                           clk (net)
                  0.12    0.00   10.08 ^ clkbuf_0_clk/A (sky130_fd_sc_hd__clkbuf_16)
                  0.11    0.20   10.28 ^ clkbuf_0_clk/X (sky130_fd_sc_hd__clkbuf_16)
     8    0.09                           clknet_0_clk (net)
                  0.11    0.00   10.28 ^ clkbuf_3_6__f_clk/A (sky130_fd_sc_hd__clkbuf_16)
                  0.05    0.15   10.43 ^ clkbuf_3_6__f_clk/X (sky130_fd_sc_hd__clkbuf_16)
     9    0.03                           clknet_3_6__leaf_clk (net)
                  0.05    0.00   10.43 ^ _490_/CLK (sky130_fd_sc_hd__dfrtp_4)
                         -0.25   10.18   clock uncertainty
                          0.00   10.18   clock reconvergence pessimism
                         -0.10   10.08   library setup time
                                 10.08   data required time
-----------------------------------------------------------------------------
                                 10.08   data required time
                                 -2.68   data arrival time
-----------------------------------------------------------------------------
                                  7.39   slack (MET)


Startpoint: data_valid (input port clocked by clk)
Endpoint: _492_ (rising edge-triggered flip-flop clocked by clk)
Path Group: clk
Path Type: max

Fanout     Cap    Slew   Delay    Time   Description
-----------------------------------------------------------------------------
                          0.00    0.00   clock clk (rise edge)
                          0.00    0.00   clock network delay (propagated)
                          2.00    2.00 ^ input external delay
                  0.03    0.02    2.02 ^ data_valid (in)
     1    0.00                           data_valid (net)
                  0.03    0.00    2.02 ^ input22/A (sky130_fd_sc_hd__buf_4)
                  0.17    0.21    2.22 ^ input22/X (sky130_fd_sc_hd__buf_4)
     8    0.06                           net22 (net)
                  0.17    0.00    2.23 ^ _333_/S (sky130_fd_sc_hd__mux2_1)
                  0.05    0.35    2.58 v _333_/X (sky130_fd_sc_hd__mux2_1)
     1    0.00                           _158_ (net)
                  0.05    0.00    2.58 v _334_/A (sky130_fd_sc_hd__clkbuf_1)
                  0.03    0.10    2.67 v _334_/X (sky130_fd_sc_hd__clkbuf_1)
     1    0.00                           _005_ (net)
                  0.03    0.00    2.68 v _492_/D (sky130_fd_sc_hd__dfrtp_4)
                                  2.68   data arrival time

                         10.00   10.00   clock clk (rise edge)
                          0.00   10.00   clock source latency
                  0.12    0.08   10.08 ^ clk (in)
     1    0.03                           clk (net)
                  0.12    0.00   10.08 ^ clkbuf_0_clk/A (sky130_fd_sc_hd__clkbuf_16)
                  0.11    0.20   10.28 ^ clkbuf_0_clk/X (sky130_fd_sc_hd__clkbuf_16)
     8    0.09                           clknet_0_clk (net)
                  0.11    0.00   10.28 ^ clkbuf_3_2__f_clk/A (sky130_fd_sc_hd__clkbuf_16)
                  0.05    0.15   10.43 ^ clkbuf_3_2__f_clk/X (sky130_fd_sc_hd__clkbuf_16)
     9    0.03                           clknet_3_2__leaf_clk (net)
                  0.05    0.00   10.43 ^ _492_/CLK (sky130_fd_sc_hd__dfrtp_4)
                         -0.25   10.18   clock uncertainty
                          0.00   10.18   clock reconvergence pessimism
                         -0.10   10.07   library setup time
                                 10.07   data required time
-----------------------------------------------------------------------------
                                 10.07   data required time
                                 -2.68   data arrival time
-----------------------------------------------------------------------------
                                  7.40   slack (MET)


Startpoint: data_valid (input port clocked by clk)
Endpoint: _488_ (rising edge-triggered flip-flop clocked by clk)
Path Group: clk
Path Type: max

Fanout     Cap    Slew   Delay    Time   Description
-----------------------------------------------------------------------------
                          0.00    0.00   clock clk (rise edge)
                          0.00    0.00   clock network delay (propagated)
                          2.00    2.00 ^ input external delay
                  0.03    0.02    2.02 ^ data_valid (in)
     1    0.00                           data_valid (net)
                  0.03    0.00    2.02 ^ input22/A (sky130_fd_sc_hd__buf_4)
                  0.17    0.21    2.22 ^ input22/X (sky130_fd_sc_hd__buf_4)
     8    0.06                           net22 (net)
                  0.17    0.01    2.23 ^ _325_/S (sky130_fd_sc_hd__mux2_1)
                  0.05    0.35    2.58 v _325_/X (sky130_fd_sc_hd__mux2_1)
     1    0.00                           _154_ (net)
                  0.05    0.00    2.58 v _326_/A (sky130_fd_sc_hd__clkbuf_1)
                  0.03    0.09    2.68 v _326_/X (sky130_fd_sc_hd__clkbuf_1)
     1    0.00                           _001_ (net)
                  0.03    0.00    2.68 v _488_/D (sky130_fd_sc_hd__dfrtp_4)
                                  2.68   data arrival time

                         10.00   10.00   clock clk (rise edge)
                          0.00   10.00   clock source latency
                  0.12    0.08   10.08 ^ clk (in)
     1    0.03                           clk (net)
                  0.12    0.00   10.08 ^ clkbuf_0_clk/A (sky130_fd_sc_hd__clkbuf_16)
                  0.11    0.20   10.28 ^ clkbuf_0_clk/X (sky130_fd_sc_hd__clkbuf_16)
     8    0.09                           clknet_0_clk (net)
                  0.11    0.00   10.28 ^ clkbuf_3_5__f_clk/A (sky130_fd_sc_hd__clkbuf_16)
                  0.05    0.15   10.43 ^ clkbuf_3_5__f_clk/X (sky130_fd_sc_hd__clkbuf_16)
    10    0.03                           clknet_3_5__leaf_clk (net)
                  0.05    0.00   10.43 ^ _488_/CLK (sky130_fd_sc_hd__dfrtp_4)
                         -0.25   10.18   clock uncertainty
                          0.00   10.18   clock reconvergence pessimism
                         -0.10   10.08   library setup time
                                 10.08   data required time
-----------------------------------------------------------------------------
                                 10.08   data required time
                                 -2.68   data arrival time
-----------------------------------------------------------------------------
                                  7.40   slack (MET)


Startpoint: data_valid (input port clocked by clk)
Endpoint: _489_ (rising edge-triggered flip-flop clocked by clk)
Path Group: clk
Path Type: max

Fanout     Cap    Slew   Delay    Time   Description
-----------------------------------------------------------------------------
                          0.00    0.00   clock clk (rise edge)
                          0.00    0.00   clock network delay (propagated)
                          2.00    2.00 ^ input external delay
                  0.03    0.02    2.02 ^ data_valid (in)
     1    0.00                           data_valid (net)
                  0.03    0.00    2.02 ^ input22/A (sky130_fd_sc_hd__buf_4)
                  0.17    0.21    2.22 ^ input22/X (sky130_fd_sc_hd__buf_4)
     8    0.06                           net22 (net)
                  0.17    0.01    2.23 ^ _327_/S (sky130_fd_sc_hd__mux2_1)
                  0.05    0.35    2.58 v _327_/X (sky130_fd_sc_hd__mux2_1)
     1    0.00                           _155_ (net)
                  0.05    0.00    2.58 v _328_/A (sky130_fd_sc_hd__clkbuf_1)
                  0.03    0.10    2.68 v _328_/X (sky130_fd_sc_hd__clkbuf_1)
     1    0.00                           _002_ (net)
                  0.03    0.00    2.68 v _489_/D (sky130_fd_sc_hd__dfrtp_4)
                                  2.68   data arrival time

                         10.00   10.00   clock clk (rise edge)
                          0.00   10.00   clock source latency
                  0.12    0.08   10.08 ^ clk (in)
     1    0.03                           clk (net)
                  0.12    0.00   10.08 ^ clkbuf_0_clk/A (sky130_fd_sc_hd__clkbuf_16)
                  0.11    0.20   10.28 ^ clkbuf_0_clk/X (sky130_fd_sc_hd__clkbuf_16)
     8    0.09                           clknet_0_clk (net)
                  0.11    0.00   10.28 ^ clkbuf_3_5__f_clk/A (sky130_fd_sc_hd__clkbuf_16)
                  0.05    0.15   10.43 ^ clkbuf_3_5__f_clk/X (sky130_fd_sc_hd__clkbuf_16)
    10    0.03                           clknet_3_5__leaf_clk (net)
                  0.05    0.00   10.43 ^ _489_/CLK (sky130_fd_sc_hd__dfrtp_4)
                         -0.25   10.18   clock uncertainty
                          0.00   10.18   clock reconvergence pessimism
                         -0.10   10.08   library setup time
                                 10.08   data required time
-----------------------------------------------------------------------------
                                 10.08   data required time
                                 -2.68   data arrival time
-----------------------------------------------------------------------------
                                  7.40   slack (MET)


Startpoint: data_valid (input port clocked by clk)
Endpoint: _487_ (rising edge-triggered flip-flop clocked by clk)
Path Group: clk
Path Type: max

Fanout     Cap    Slew   Delay    Time   Description
-----------------------------------------------------------------------------
                          0.00    0.00   clock clk (rise edge)
                          0.00    0.00   clock network delay (propagated)
                          2.00    2.00 ^ input external delay
                  0.03    0.02    2.02 ^ data_valid (in)
     1    0.00                           data_valid (net)
                  0.03    0.00    2.02 ^ input22/A (sky130_fd_sc_hd__buf_4)
                  0.17    0.21    2.22 ^ input22/X (sky130_fd_sc_hd__buf_4)
     8    0.06                           net22 (net)
                  0.17    0.01    2.23 ^ _323_/S (sky130_fd_sc_hd__mux2_1)
                  0.06    0.35    2.58 v _323_/X (sky130_fd_sc_hd__mux2_1)
     1    0.00                           _153_ (net)
                  0.06    0.00    2.58 v _324_/A (sky130_fd_sc_hd__clkbuf_1)
                  0.02    0.09    2.68 v _324_/X (sky130_fd_sc_hd__clkbuf_1)
     1    0.00                           _000_ (net)
                  0.02    0.00    2.68 v _487_/D (sky130_fd_sc_hd__dfrtp_4)
                                  2.68   data arrival time

                         10.00   10.00   clock clk (rise edge)
                          0.00   10.00   clock source latency
                  0.12    0.08   10.08 ^ clk (in)
     1    0.03                           clk (net)
                  0.12    0.00   10.08 ^ clkbuf_0_clk/A (sky130_fd_sc_hd__clkbuf_16)
                  0.11    0.20   10.28 ^ clkbuf_0_clk/X (sky130_fd_sc_hd__clkbuf_16)
     8    0.09                           clknet_0_clk (net)
                  0.11    0.00   10.28 ^ clkbuf_3_7__f_clk/A (sky130_fd_sc_hd__clkbuf_16)
                  0.06    0.15   10.43 ^ clkbuf_3_7__f_clk/X (sky130_fd_sc_hd__clkbuf_16)
    11    0.04                           clknet_3_7__leaf_clk (net)
                  0.06    0.00   10.43 ^ _487_/CLK (sky130_fd_sc_hd__dfrtp_4)
                         -0.25   10.18   clock uncertainty
                          0.00   10.18   clock reconvergence pessimism
                         -0.10   10.08   library setup time
                                 10.08   data required time
-----------------------------------------------------------------------------
                                 10.08   data required time
                                 -2.68   data arrival time
-----------------------------------------------------------------------------
                                  7.40   slack (MET)


Startpoint: data_valid (input port clocked by clk)
Endpoint: _494_ (rising edge-triggered flip-flop clocked by clk)
Path Group: clk
Path Type: max

Fanout     Cap    Slew   Delay    Time   Description
-----------------------------------------------------------------------------
                          0.00    0.00   clock clk (rise edge)
                          0.00    0.00   clock network delay (propagated)
                          2.00    2.00 ^ input external delay
                  0.03    0.02    2.02 ^ data_valid (in)
     1    0.00                           data_valid (net)
                  0.03    0.00    2.02 ^ input22/A (sky130_fd_sc_hd__buf_4)
                  0.17    0.21    2.22 ^ input22/X (sky130_fd_sc_hd__buf_4)
     8    0.06                           net22 (net)
                  0.17    0.01    2.23 ^ _337_/S (sky130_fd_sc_hd__mux2_1)
                  0.05    0.35    2.58 v _337_/X (sky130_fd_sc_hd__mux2_1)
     1    0.00                           _160_ (net)
                  0.05    0.00    2.58 v _338_/A (sky130_fd_sc_hd__clkbuf_1)
                  0.02    0.09    2.67 v _338_/X (sky130_fd_sc_hd__clkbuf_1)
     1    0.00                           _007_ (net)
                  0.02    0.00    2.67 v _494_/D (sky130_fd_sc_hd__dfrtp_4)
                                  2.67   data arrival time

                         10.00   10.00   clock clk (rise edge)
                          0.00   10.00   clock source latency
                  0.12    0.08   10.08 ^ clk (in)
     1    0.03                           clk (net)
                  0.12    0.00   10.08 ^ clkbuf_0_clk/A (sky130_fd_sc_hd__clkbuf_16)
                  0.11    0.20   10.28 ^ clkbuf_0_clk/X (sky130_fd_sc_hd__clkbuf_16)
     8    0.09                           clknet_0_clk (net)
                  0.11    0.00   10.28 ^ clkbuf_3_4__f_clk/A (sky130_fd_sc_hd__clkbuf_16)
                  0.05    0.15   10.43 ^ clkbuf_3_4__f_clk/X (sky130_fd_sc_hd__clkbuf_16)
     9    0.03                           clknet_3_4__leaf_clk (net)
                  0.05    0.00   10.43 ^ _494_/CLK (sky130_fd_sc_hd__dfrtp_4)
                         -0.25   10.18   clock uncertainty
                          0.00   10.18   clock reconvergence pessimism
                         -0.10   10.08   library setup time
                                 10.08   data required time
-----------------------------------------------------------------------------
                                 10.08   data required time
                                 -2.67   data arrival time
-----------------------------------------------------------------------------
                                  7.41   slack (MET)


Startpoint: data_valid (input port clocked by clk)
Endpoint: _491_ (rising edge-triggered flip-flop clocked by clk)
Path Group: clk
Path Type: max

Fanout     Cap    Slew   Delay    Time   Description
-----------------------------------------------------------------------------
                          0.00    0.00   clock clk (rise edge)
                          0.00    0.00   clock network delay (propagated)
                          2.00    2.00 ^ input external delay
                  0.03    0.02    2.02 ^ data_valid (in)
     1    0.00                           data_valid (net)
                  0.03    0.00    2.02 ^ input22/A (sky130_fd_sc_hd__buf_4)
                  0.17    0.21    2.22 ^ input22/X (sky130_fd_sc_hd__buf_4)
     8    0.06                           net22 (net)
                  0.17    0.01    2.23 ^ _331_/S (sky130_fd_sc_hd__mux2_1)
                  0.05    0.35    2.58 v _331_/X (sky130_fd_sc_hd__mux2_1)
     1    0.00                           _157_ (net)
                  0.05    0.00    2.58 v _332_/A (sky130_fd_sc_hd__clkbuf_1)
                  0.02    0.09    2.67 v _332_/X (sky130_fd_sc_hd__clkbuf_1)
     1    0.00                           _004_ (net)
                  0.02    0.00    2.67 v _491_/D (sky130_fd_sc_hd__dfrtp_4)
                                  2.67   data arrival time

                         10.00   10.00   clock clk (rise edge)
                          0.00   10.00   clock source latency
                  0.12    0.08   10.08 ^ clk (in)
     1    0.03                           clk (net)
                  0.12    0.00   10.08 ^ clkbuf_0_clk/A (sky130_fd_sc_hd__clkbuf_16)
                  0.11    0.20   10.28 ^ clkbuf_0_clk/X (sky130_fd_sc_hd__clkbuf_16)
     8    0.09                           clknet_0_clk (net)
                  0.11    0.00   10.28 ^ clkbuf_3_6__f_clk/A (sky130_fd_sc_hd__clkbuf_16)
                  0.05    0.15   10.43 ^ clkbuf_3_6__f_clk/X (sky130_fd_sc_hd__clkbuf_16)
     9    0.03                           clknet_3_6__leaf_clk (net)
                  0.05    0.00   10.43 ^ _491_/CLK (sky130_fd_sc_hd__dfrtp_4)
                         -0.25   10.18   clock uncertainty
                          0.00   10.18   clock reconvergence pessimism
                         -0.10   10.08   library setup time
                                 10.08   data required time
-----------------------------------------------------------------------------
                                 10.08   data required time
                                 -2.67   data arrival time
-----------------------------------------------------------------------------
                                  7.41   slack (MET)


Startpoint: data_valid (input port clocked by clk)
Endpoint: _493_ (rising edge-triggered flip-flop clocked by clk)
Path Group: clk
Path Type: max

Fanout     Cap    Slew   Delay    Time   Description
-----------------------------------------------------------------------------
                          0.00    0.00   clock clk (rise edge)
                          0.00    0.00   clock network delay (propagated)
                          2.00    2.00 ^ input external delay
                  0.03    0.02    2.02 ^ data_valid (in)
     1    0.00                           data_valid (net)
                  0.03    0.00    2.02 ^ input22/A (sky130_fd_sc_hd__buf_4)
                  0.17    0.21    2.22 ^ input22/X (sky130_fd_sc_hd__buf_4)
     8    0.06                           net22 (net)
                  0.17    0.01    2.23 ^ _335_/S (sky130_fd_sc_hd__mux2_1)
                  0.05    0.35    2.58 v _335_/X (sky130_fd_sc_hd__mux2_1)
     1    0.00                           _159_ (net)
                  0.05    0.00    2.58 v _336_/A (sky130_fd_sc_hd__clkbuf_1)
                  0.02    0.09    2.67 v _336_/X (sky130_fd_sc_hd__clkbuf_1)
     1    0.00                           _006_ (net)
                  0.02    0.00    2.67 v _493_/D (sky130_fd_sc_hd__dfrtp_4)
                                  2.67   data arrival time

                         10.00   10.00   clock clk (rise edge)
                          0.00   10.00   clock source latency
                  0.12    0.08   10.08 ^ clk (in)
     1    0.03                           clk (net)
                  0.12    0.00   10.08 ^ clkbuf_0_clk/A (sky130_fd_sc_hd__clkbuf_16)
                  0.11    0.20   10.28 ^ clkbuf_0_clk/X (sky130_fd_sc_hd__clkbuf_16)
     8    0.09                           clknet_0_clk (net)
                  0.11    0.00   10.28 ^ clkbuf_3_3__f_clk/A (sky130_fd_sc_hd__clkbuf_16)
                  0.06    0.15   10.43 ^ clkbuf_3_3__f_clk/X (sky130_fd_sc_hd__clkbuf_16)
    11    0.04                           clknet_3_3__leaf_clk (net)
                  0.06    0.00   10.43 ^ _493_/CLK (sky130_fd_sc_hd__dfrtp_4)
                         -0.25   10.18   clock uncertainty
                          0.00   10.18   clock reconvergence pessimism
                         -0.10   10.08   library setup time
                                 10.08   data required time
-----------------------------------------------------------------------------
                                 10.08   data required time
                                 -2.67   data arrival time
-----------------------------------------------------------------------------
                                  7.41   slack (MET)


Startpoint: rst_n (input port clocked by clk)
Endpoint: _487_ (recovery check against rising-edge clock clk)
Path Group: asynchronous
Path Type: max

Fanout     Cap    Slew   Delay    Time   Description
-----------------------------------------------------------------------------
                          0.00    0.00   clock clk (rise edge)
                          0.00    0.00   clock network delay (propagated)
                          2.00    2.00 ^ input external delay
                  0.03    0.02    2.02 ^ rst_n (in)
     1    0.00                           rst_n (net)
                  0.03    0.00    2.02 ^ input23/A (sky130_fd_sc_hd__clkbuf_2)
                  0.15    0.18    2.20 ^ input23/X (sky130_fd_sc_hd__clkbuf_2)
     4    0.03                           net23 (net)
                  0.15    0.00    2.20 ^ fanout37/A (sky130_fd_sc_hd__clkbuf_4)
                  0.17    0.28    2.48 ^ fanout37/X (sky130_fd_sc_hd__clkbuf_4)
    10    0.06                           net37 (net)
                  0.17    0.00    2.48 ^ fanout36/A (sky130_fd_sc_hd__clkbuf_4)
                  0.16    0.28    2.76 ^ fanout36/X (sky130_fd_sc_hd__clkbuf_4)
    10    0.05                           net36 (net)
                  0.16    0.00    2.76 ^ _487_/RESET_B (sky130_fd_sc_hd__dfrtp_4)
                                  2.76   data arrival time

                         10.00   10.00   clock clk (rise edge)
                          0.00   10.00   clock source latency
                  0.12    0.08   10.08 ^ clk (in)
     1    0.03                           clk (net)
                  0.12    0.00   10.08 ^ clkbuf_0_clk/A (sky130_fd_sc_hd__clkbuf_16)
                  0.11    0.20   10.28 ^ clkbuf_0_clk/X (sky130_fd_sc_hd__clkbuf_16)
     8    0.09                           clknet_0_clk (net)
                  0.11    0.00   10.28 ^ clkbuf_3_7__f_clk/A (sky130_fd_sc_hd__clkbuf_16)
                  0.06    0.15   10.43 ^ clkbuf_3_7__f_clk/X (sky130_fd_sc_hd__clkbuf_16)
    11    0.04                           clknet_3_7__leaf_clk (net)
                  0.06    0.00   10.43 ^ _487_/CLK (sky130_fd_sc_hd__dfrtp_4)
                         -0.25   10.18   clock uncertainty
                          0.00   10.18   clock reconvergence pessimism
                          0.18   10.37   library recovery time
                                 10.37   data required time
-----------------------------------------------------------------------------
                                 10.37   data required time
                                 -2.76   data arrival time
-----------------------------------------------------------------------------
                                  7.61   slack (MET)


Startpoint: rst_n (input port clocked by clk)
Endpoint: _518_ (recovery check against rising-edge clock clk)
Path Group: asynchronous
Path Type: max

Fanout     Cap    Slew   Delay    Time   Description
-----------------------------------------------------------------------------
                          0.00    0.00   clock clk (rise edge)
                          0.00    0.00   clock network delay (propagated)
                          2.00    2.00 ^ input external delay
                  0.03    0.02    2.02 ^ rst_n (in)
     1    0.00                           rst_n (net)
                  0.03    0.00    2.02 ^ input23/A (sky130_fd_sc_hd__clkbuf_2)
                  0.15    0.18    2.20 ^ input23/X (sky130_fd_sc_hd__clkbuf_2)
     4    0.03                           net23 (net)
                  0.15    0.00    2.20 ^ fanout37/A (sky130_fd_sc_hd__clkbuf_4)
                  0.17    0.28    2.48 ^ fanout37/X (sky130_fd_sc_hd__clkbuf_4)
    10    0.06                           net37 (net)
                  0.17    0.00    2.48 ^ fanout36/A (sky130_fd_sc_hd__clkbuf_4)
                  0.16    0.28    2.76 ^ fanout36/X (sky130_fd_sc_hd__clkbuf_4)
    10    0.05                           net36 (net)
                  0.16    0.00    2.76 ^ _518_/RESET_B (sky130_fd_sc_hd__dfrtp_1)
                                  2.76   data arrival time

                         10.00   10.00   clock clk (rise edge)
                          0.00   10.00   clock source latency
                  0.12    0.08   10.08 ^ clk (in)
     1    0.03                           clk (net)
                  0.12    0.00   10.08 ^ clkbuf_0_clk/A (sky130_fd_sc_hd__clkbuf_16)
                  0.11    0.20   10.28 ^ clkbuf_0_clk/X (sky130_fd_sc_hd__clkbuf_16)
     8    0.09                           clknet_0_clk (net)
                  0.11    0.00   10.28 ^ clkbuf_3_7__f_clk/A (sky130_fd_sc_hd__clkbuf_16)
                  0.06    0.15   10.43 ^ clkbuf_3_7__f_clk/X (sky130_fd_sc_hd__clkbuf_16)
    11    0.04                           clknet_3_7__leaf_clk (net)
                  0.06    0.00   10.43 ^ _518_/CLK (sky130_fd_sc_hd__dfrtp_1)
                         -0.25   10.18   clock uncertainty
                          0.00   10.18   clock reconvergence pessimism
                          0.20   10.39   library recovery time
                                 10.39   data required time
-----------------------------------------------------------------------------
                                 10.39   data required time
                                 -2.76   data arrival time
-----------------------------------------------------------------------------
                                  7.62   slack (MET)


Startpoint: rst_n (input port clocked by clk)
Endpoint: _526_ (recovery check against rising-edge clock clk)
Path Group: asynchronous
Path Type: max

Fanout     Cap    Slew   Delay    Time   Description
-----------------------------------------------------------------------------
                          0.00    0.00   clock clk (rise edge)
                          0.00    0.00   clock network delay (propagated)
                          2.00    2.00 ^ input external delay
                  0.03    0.02    2.02 ^ rst_n (in)
     1    0.00                           rst_n (net)
                  0.03    0.00    2.02 ^ input23/A (sky130_fd_sc_hd__clkbuf_2)
                  0.15    0.18    2.20 ^ input23/X (sky130_fd_sc_hd__clkbuf_2)
     4    0.03                           net23 (net)
                  0.15    0.00    2.20 ^ fanout37/A (sky130_fd_sc_hd__clkbuf_4)
                  0.17    0.28    2.48 ^ fanout37/X (sky130_fd_sc_hd__clkbuf_4)
    10    0.06                           net37 (net)
                  0.17    0.00    2.48 ^ fanout36/A (sky130_fd_sc_hd__clkbuf_4)
                  0.16    0.28    2.76 ^ fanout36/X (sky130_fd_sc_hd__clkbuf_4)
    10    0.05                           net36 (net)
                  0.16    0.00    2.76 ^ _526_/RESET_B (sky130_fd_sc_hd__dfrtp_1)
                                  2.76   data arrival time

                         10.00   10.00   clock clk (rise edge)
                          0.00   10.00   clock source latency
                  0.12    0.08   10.08 ^ clk (in)
     1    0.03                           clk (net)
                  0.12    0.00   10.08 ^ clkbuf_0_clk/A (sky130_fd_sc_hd__clkbuf_16)
                  0.11    0.20   10.28 ^ clkbuf_0_clk/X (sky130_fd_sc_hd__clkbuf_16)
     8    0.09                           clknet_0_clk (net)
                  0.11    0.00   10.28 ^ clkbuf_3_7__f_clk/A (sky130_fd_sc_hd__clkbuf_16)
                  0.06    0.15   10.43 ^ clkbuf_3_7__f_clk/X (sky130_fd_sc_hd__clkbuf_16)
    11    0.04                           clknet_3_7__leaf_clk (net)
                  0.06    0.00   10.43 ^ _526_/CLK (sky130_fd_sc_hd__dfrtp_1)
                         -0.25   10.18   clock uncertainty
                          0.00   10.18   clock reconvergence pessimism
                          0.20   10.39   library recovery time
                                 10.39   data required time
-----------------------------------------------------------------------------
                                 10.39   data required time
                                 -2.76   data arrival time
-----------------------------------------------------------------------------
                                  7.62   slack (MET)


Startpoint: rst_n (input port clocked by clk)
Endpoint: _550_ (recovery check against rising-edge clock clk)
Path Group: asynchronous
Path Type: max

Fanout     Cap    Slew   Delay    Time   Description
-----------------------------------------------------------------------------
                          0.00    0.00   clock clk (rise edge)
                          0.00    0.00   clock network delay (propagated)
                          2.00    2.00 ^ input external delay
                  0.03    0.02    2.02 ^ rst_n (in)
     1    0.00                           rst_n (net)
                  0.03    0.00    2.02 ^ input23/A (sky130_fd_sc_hd__clkbuf_2)
                  0.15    0.18    2.20 ^ input23/X (sky130_fd_sc_hd__clkbuf_2)
     4    0.03                           net23 (net)
                  0.15    0.00    2.20 ^ fanout37/A (sky130_fd_sc_hd__clkbuf_4)
                  0.17    0.28    2.48 ^ fanout37/X (sky130_fd_sc_hd__clkbuf_4)
    10    0.06                           net37 (net)
                  0.17    0.00    2.48 ^ fanout36/A (sky130_fd_sc_hd__clkbuf_4)
                  0.16    0.28    2.76 ^ fanout36/X (sky130_fd_sc_hd__clkbuf_4)
    10    0.05                           net36 (net)
                  0.16    0.00    2.76 ^ _550_/RESET_B (sky130_fd_sc_hd__dfrtp_1)
                                  2.76   data arrival time

                         10.00   10.00   clock clk (rise edge)
                          0.00   10.00   clock source latency
                  0.12    0.08   10.08 ^ clk (in)
     1    0.03                           clk (net)
                  0.12    0.00   10.08 ^ clkbuf_0_clk/A (sky130_fd_sc_hd__clkbuf_16)
                  0.11    0.20   10.28 ^ clkbuf_0_clk/X (sky130_fd_sc_hd__clkbuf_16)
     8    0.09                           clknet_0_clk (net)
                  0.11    0.00   10.28 ^ clkbuf_3_7__f_clk/A (sky130_fd_sc_hd__clkbuf_16)
                  0.06    0.15   10.43 ^ clkbuf_3_7__f_clk/X (sky130_fd_sc_hd__clkbuf_16)
    11    0.04                           clknet_3_7__leaf_clk (net)
                  0.06    0.00   10.43 ^ _550_/CLK (sky130_fd_sc_hd__dfrtp_1)
                         -0.25   10.18   clock uncertainty
                          0.00   10.18   clock reconvergence pessimism
                          0.20   10.39   library recovery time
                                 10.39   data required time
-----------------------------------------------------------------------------
                                 10.39   data required time
                                 -2.76   data arrival time
-----------------------------------------------------------------------------
                                  7.63   slack (MET)


Startpoint: rst_n (input port clocked by clk)
Endpoint: _523_ (recovery check against rising-edge clock clk)
Path Group: asynchronous
Path Type: max

Fanout     Cap    Slew   Delay    Time   Description
-----------------------------------------------------------------------------
                          0.00    0.00   clock clk (rise edge)
                          0.00    0.00   clock network delay (propagated)
                          2.00    2.00 ^ input external delay
                  0.03    0.02    2.02 ^ rst_n (in)
     1    0.00                           rst_n (net)
                  0.03    0.00    2.02 ^ input23/A (sky130_fd_sc_hd__clkbuf_2)
                  0.15    0.18    2.20 ^ input23/X (sky130_fd_sc_hd__clkbuf_2)
     4    0.03                           net23 (net)
                  0.15    0.00    2.20 ^ fanout37/A (sky130_fd_sc_hd__clkbuf_4)
                  0.17    0.28    2.48 ^ fanout37/X (sky130_fd_sc_hd__clkbuf_4)
    10    0.06                           net37 (net)
                  0.17    0.00    2.48 ^ fanout36/A (sky130_fd_sc_hd__clkbuf_4)
                  0.16    0.28    2.76 ^ fanout36/X (sky130_fd_sc_hd__clkbuf_4)
    10    0.05                           net36 (net)
                  0.16    0.00    2.76 ^ _523_/RESET_B (sky130_fd_sc_hd__dfrtp_1)
                                  2.76   data arrival time

                         10.00   10.00   clock clk (rise edge)
                          0.00   10.00   clock source latency
                  0.12    0.08   10.08 ^ clk (in)
     1    0.03                           clk (net)
                  0.12    0.00   10.08 ^ clkbuf_0_clk/A (sky130_fd_sc_hd__clkbuf_16)
                  0.11    0.20   10.28 ^ clkbuf_0_clk/X (sky130_fd_sc_hd__clkbuf_16)
     8    0.09                           clknet_0_clk (net)
                  0.11    0.00   10.28 ^ clkbuf_3_7__f_clk/A (sky130_fd_sc_hd__clkbuf_16)
                  0.06    0.15   10.43 ^ clkbuf_3_7__f_clk/X (sky130_fd_sc_hd__clkbuf_16)
    11    0.04                           clknet_3_7__leaf_clk (net)
                  0.06    0.00   10.43 ^ _523_/CLK (sky130_fd_sc_hd__dfrtp_1)
                         -0.25   10.18   clock uncertainty
                          0.00   10.18   clock reconvergence pessimism
                          0.20   10.39   library recovery time
                                 10.39   data required time
-----------------------------------------------------------------------------
                                 10.39   data required time
                                 -2.76   data arrival time
-----------------------------------------------------------------------------
                                  7.63   slack (MET)


Startpoint: rst_n (input port clocked by clk)
Endpoint: _531_ (recovery check against rising-edge clock clk)
Path Group: asynchronous
Path Type: max

Fanout     Cap    Slew   Delay    Time   Description
-----------------------------------------------------------------------------
                          0.00    0.00   clock clk (rise edge)
                          0.00    0.00   clock network delay (propagated)
                          2.00    2.00 ^ input external delay
                  0.03    0.02    2.02 ^ rst_n (in)
     1    0.00                           rst_n (net)
                  0.03    0.00    2.02 ^ input23/A (sky130_fd_sc_hd__clkbuf_2)
                  0.15    0.18    2.20 ^ input23/X (sky130_fd_sc_hd__clkbuf_2)
     4    0.03                           net23 (net)
                  0.15    0.00    2.20 ^ fanout37/A (sky130_fd_sc_hd__clkbuf_4)
                  0.17    0.28    2.48 ^ fanout37/X (sky130_fd_sc_hd__clkbuf_4)
    10    0.06                           net37 (net)
                  0.17    0.00    2.48 ^ fanout36/A (sky130_fd_sc_hd__clkbuf_4)
                  0.16    0.28    2.76 ^ fanout36/X (sky130_fd_sc_hd__clkbuf_4)
    10    0.05                           net36 (net)
                  0.16    0.00    2.76 ^ _531_/RESET_B (sky130_fd_sc_hd__dfrtp_1)
                                  2.76   data arrival time

                         10.00   10.00   clock clk (rise edge)
                          0.00   10.00   clock source latency
                  0.12    0.08   10.08 ^ clk (in)
     1    0.03                           clk (net)
                  0.12    0.00   10.08 ^ clkbuf_0_clk/A (sky130_fd_sc_hd__clkbuf_16)
                  0.11    0.20   10.28 ^ clkbuf_0_clk/X (sky130_fd_sc_hd__clkbuf_16)
     8    0.09                           clknet_0_clk (net)
                  0.11    0.00   10.28 ^ clkbuf_3_7__f_clk/A (sky130_fd_sc_hd__clkbuf_16)
                  0.06    0.15   10.43 ^ clkbuf_3_7__f_clk/X (sky130_fd_sc_hd__clkbuf_16)
    11    0.04                           clknet_3_7__leaf_clk (net)
                  0.06    0.00   10.43 ^ _531_/CLK (sky130_fd_sc_hd__dfrtp_1)
                         -0.25   10.18   clock uncertainty
                          0.00   10.18   clock reconvergence pessimism
                          0.20   10.39   library recovery time
                                 10.39   data required time
-----------------------------------------------------------------------------
                                 10.39   data required time
                                 -2.76   data arrival time
-----------------------------------------------------------------------------
                                  7.63   slack (MET)


Startpoint: rst_n (input port clocked by clk)
Endpoint: _499_ (recovery check against rising-edge clock clk)
Path Group: asynchronous
Path Type: max

Fanout     Cap    Slew   Delay    Time   Description
-----------------------------------------------------------------------------
                          0.00    0.00   clock clk (rise edge)
                          0.00    0.00   clock network delay (propagated)
                          2.00    2.00 ^ input external delay
                  0.03    0.02    2.02 ^ rst_n (in)
     1    0.00                           rst_n (net)
                  0.03    0.00    2.02 ^ input23/A (sky130_fd_sc_hd__clkbuf_2)
                  0.15    0.18    2.20 ^ input23/X (sky130_fd_sc_hd__clkbuf_2)
     4    0.03                           net23 (net)
                  0.15    0.00    2.20 ^ fanout37/A (sky130_fd_sc_hd__clkbuf_4)
                  0.17    0.28    2.48 ^ fanout37/X (sky130_fd_sc_hd__clkbuf_4)
    10    0.06                           net37 (net)
                  0.17    0.00    2.48 ^ fanout36/A (sky130_fd_sc_hd__clkbuf_4)
                  0.16    0.28    2.76 ^ fanout36/X (sky130_fd_sc_hd__clkbuf_4)
    10    0.05                           net36 (net)
                  0.16    0.00    2.76 ^ _499_/RESET_B (sky130_fd_sc_hd__dfrtp_1)
                                  2.76   data arrival time

                         10.00   10.00   clock clk (rise edge)
                          0.00   10.00   clock source latency
                  0.12    0.08   10.08 ^ clk (in)
     1    0.03                           clk (net)
                  0.12    0.00   10.08 ^ clkbuf_0_clk/A (sky130_fd_sc_hd__clkbuf_16)
                  0.11    0.20   10.28 ^ clkbuf_0_clk/X (sky130_fd_sc_hd__clkbuf_16)
     8    0.09                           clknet_0_clk (net)
                  0.11    0.00   10.28 ^ clkbuf_3_7__f_clk/A (sky130_fd_sc_hd__clkbuf_16)
                  0.06    0.15   10.43 ^ clkbuf_3_7__f_clk/X (sky130_fd_sc_hd__clkbuf_16)
    11    0.04                           clknet_3_7__leaf_clk (net)
                  0.06    0.00   10.43 ^ _499_/CLK (sky130_fd_sc_hd__dfrtp_1)
                         -0.25   10.18   clock uncertainty
                          0.00   10.18   clock reconvergence pessimism
                          0.20   10.39   library recovery time
                                 10.39   data required time
-----------------------------------------------------------------------------
                                 10.39   data required time
                                 -2.76   data arrival time
-----------------------------------------------------------------------------
                                  7.63   slack (MET)


Startpoint: rst_n (input port clocked by clk)
Endpoint: _547_ (recovery check against rising-edge clock clk)
Path Group: asynchronous
Path Type: max

Fanout     Cap    Slew   Delay    Time   Description
-----------------------------------------------------------------------------
                          0.00    0.00   clock clk (rise edge)
                          0.00    0.00   clock network delay (propagated)
                          2.00    2.00 ^ input external delay
                  0.03    0.02    2.02 ^ rst_n (in)
     1    0.00                           rst_n (net)
                  0.03    0.00    2.02 ^ input23/A (sky130_fd_sc_hd__clkbuf_2)
                  0.15    0.18    2.20 ^ input23/X (sky130_fd_sc_hd__clkbuf_2)
     4    0.03                           net23 (net)
                  0.15    0.00    2.20 ^ fanout37/A (sky130_fd_sc_hd__clkbuf_4)
                  0.17    0.28    2.48 ^ fanout37/X (sky130_fd_sc_hd__clkbuf_4)
    10    0.06                           net37 (net)
                  0.17    0.00    2.48 ^ fanout36/A (sky130_fd_sc_hd__clkbuf_4)
                  0.16    0.28    2.76 ^ fanout36/X (sky130_fd_sc_hd__clkbuf_4)
    10    0.05                           net36 (net)
                  0.16    0.00    2.76 ^ _547_/RESET_B (sky130_fd_sc_hd__dfrtp_1)
                                  2.76   data arrival time

                         10.00   10.00   clock clk (rise edge)
                          0.00   10.00   clock source latency
                  0.12    0.08   10.08 ^ clk (in)
     1    0.03                           clk (net)
                  0.12    0.00   10.08 ^ clkbuf_0_clk/A (sky130_fd_sc_hd__clkbuf_16)
                  0.11    0.20   10.28 ^ clkbuf_0_clk/X (sky130_fd_sc_hd__clkbuf_16)
     8    0.09                           clknet_0_clk (net)
                  0.11    0.00   10.28 ^ clkbuf_3_7__f_clk/A (sky130_fd_sc_hd__clkbuf_16)
                  0.06    0.15   10.43 ^ clkbuf_3_7__f_clk/X (sky130_fd_sc_hd__clkbuf_16)
    11    0.04                           clknet_3_7__leaf_clk (net)
                  0.06    0.00   10.43 ^ _547_/CLK (sky130_fd_sc_hd__dfrtp_1)
                         -0.25   10.18   clock uncertainty
                          0.00   10.18   clock reconvergence pessimism
                          0.20   10.39   library recovery time
                                 10.39   data required time
-----------------------------------------------------------------------------
                                 10.39   data required time
                                 -2.76   data arrival time
-----------------------------------------------------------------------------
                                  7.63   slack (MET)


Startpoint: rst_n (input port clocked by clk)
Endpoint: _555_ (recovery check against rising-edge clock clk)
Path Group: asynchronous
Path Type: max

Fanout     Cap    Slew   Delay    Time   Description
-----------------------------------------------------------------------------
                          0.00    0.00   clock clk (rise edge)
                          0.00    0.00   clock network delay (propagated)
                          2.00    2.00 ^ input external delay
                  0.03    0.02    2.02 ^ rst_n (in)
     1    0.00                           rst_n (net)
                  0.03    0.00    2.02 ^ input23/A (sky130_fd_sc_hd__clkbuf_2)
                  0.15    0.18    2.20 ^ input23/X (sky130_fd_sc_hd__clkbuf_2)
     4    0.03                           net23 (net)
                  0.15    0.00    2.20 ^ fanout37/A (sky130_fd_sc_hd__clkbuf_4)
                  0.17    0.28    2.48 ^ fanout37/X (sky130_fd_sc_hd__clkbuf_4)
    10    0.06                           net37 (net)
                  0.17    0.00    2.48 ^ fanout36/A (sky130_fd_sc_hd__clkbuf_4)
                  0.16    0.28    2.76 ^ fanout36/X (sky130_fd_sc_hd__clkbuf_4)
    10    0.05                           net36 (net)
                  0.16    0.00    2.76 ^ _555_/RESET_B (sky130_fd_sc_hd__dfrtp_1)
                                  2.76   data arrival time

                         10.00   10.00   clock clk (rise edge)
                          0.00   10.00   clock source latency
                  0.12    0.08   10.08 ^ clk (in)
     1    0.03                           clk (net)
                  0.12    0.00   10.08 ^ clkbuf_0_clk/A (sky130_fd_sc_hd__clkbuf_16)
                  0.11    0.20   10.28 ^ clkbuf_0_clk/X (sky130_fd_sc_hd__clkbuf_16)
     8    0.09                           clknet_0_clk (net)
                  0.11    0.00   10.28 ^ clkbuf_3_7__f_clk/A (sky130_fd_sc_hd__clkbuf_16)
                  0.06    0.15   10.43 ^ clkbuf_3_7__f_clk/X (sky130_fd_sc_hd__clkbuf_16)
    11    0.04                           clknet_3_7__leaf_clk (net)
                  0.06    0.00   10.43 ^ _555_/CLK (sky130_fd_sc_hd__dfrtp_1)
                         -0.25   10.18   clock uncertainty
                          0.00   10.18   clock reconvergence pessimism
                          0.20   10.39   library recovery time
                                 10.39   data required time
-----------------------------------------------------------------------------
                                 10.39   data required time
                                 -2.76   data arrival time
-----------------------------------------------------------------------------
                                  7.63   slack (MET)


Startpoint: rst_n (input port clocked by clk)
Endpoint: _515_ (recovery check against rising-edge clock clk)
Path Group: asynchronous
Path Type: max

Fanout     Cap    Slew   Delay    Time   Description
-----------------------------------------------------------------------------
                          0.00    0.00   clock clk (rise edge)
                          0.00    0.00   clock network delay (propagated)
                          2.00    2.00 ^ input external delay
                  0.03    0.02    2.02 ^ rst_n (in)
     1    0.00                           rst_n (net)
                  0.03    0.00    2.02 ^ input23/A (sky130_fd_sc_hd__clkbuf_2)
                  0.15    0.18    2.20 ^ input23/X (sky130_fd_sc_hd__clkbuf_2)
     4    0.03                           net23 (net)
                  0.15    0.00    2.20 ^ fanout37/A (sky130_fd_sc_hd__clkbuf_4)
                  0.17    0.28    2.48 ^ fanout37/X (sky130_fd_sc_hd__clkbuf_4)
    10    0.06                           net37 (net)
                  0.17    0.00    2.48 ^ fanout36/A (sky130_fd_sc_hd__clkbuf_4)
                  0.16    0.28    2.76 ^ fanout36/X (sky130_fd_sc_hd__clkbuf_4)
    10    0.05                           net36 (net)
                  0.16    0.00    2.76 ^ _515_/RESET_B (sky130_fd_sc_hd__dfrtp_1)
                                  2.76   data arrival time

                         10.00   10.00   clock clk (rise edge)
                          0.00   10.00   clock source latency
                  0.12    0.08   10.08 ^ clk (in)
     1    0.03                           clk (net)
                  0.12    0.00   10.08 ^ clkbuf_0_clk/A (sky130_fd_sc_hd__clkbuf_16)
                  0.11    0.20   10.28 ^ clkbuf_0_clk/X (sky130_fd_sc_hd__clkbuf_16)
     8    0.09                           clknet_0_clk (net)
                  0.11    0.00   10.28 ^ clkbuf_3_7__f_clk/A (sky130_fd_sc_hd__clkbuf_16)
                  0.06    0.15   10.43 ^ clkbuf_3_7__f_clk/X (sky130_fd_sc_hd__clkbuf_16)
    11    0.04                           clknet_3_7__leaf_clk (net)
                  0.06    0.00   10.43 ^ _515_/CLK (sky130_fd_sc_hd__dfrtp_1)
                         -0.25   10.18   clock uncertainty
                          0.00   10.18   clock reconvergence pessimism
                          0.20   10.39   library recovery time
                                 10.39   data required time
-----------------------------------------------------------------------------
                                 10.39   data required time
                                 -2.76   data arrival time
-----------------------------------------------------------------------------
                                  7.63   slack (MET)


Startpoint: rst_n (input port clocked by clk)
Endpoint: _492_ (recovery check against rising-edge clock clk)
Path Group: asynchronous
Path Type: max

Fanout     Cap    Slew   Delay    Time   Description
-----------------------------------------------------------------------------
                          0.00    0.00   clock clk (rise edge)
                          0.00    0.00   clock network delay (propagated)
                          2.00    2.00 ^ input external delay
                  0.03    0.02    2.02 ^ rst_n (in)
     1    0.00                           rst_n (net)
                  0.03    0.00    2.02 ^ input23/A (sky130_fd_sc_hd__clkbuf_2)
                  0.15    0.18    2.20 ^ input23/X (sky130_fd_sc_hd__clkbuf_2)
     4    0.03                           net23 (net)
                  0.15    0.00    2.20 ^ fanout33/A (sky130_fd_sc_hd__clkbuf_2)
                  0.17    0.24    2.44 ^ fanout33/X (sky130_fd_sc_hd__clkbuf_2)
     5    0.03                           net33 (net)
                  0.17    0.00    2.44 ^ fanout32/A (sky130_fd_sc_hd__clkbuf_4)
                  0.16    0.28    2.72 ^ fanout32/X (sky130_fd_sc_hd__clkbuf_4)
    10    0.05                           net32 (net)
                  0.16    0.00    2.72 ^ _492_/RESET_B (sky130_fd_sc_hd__dfrtp_4)
                                  2.72   data arrival time

                         10.00   10.00   clock clk (rise edge)
                          0.00   10.00   clock source latency
                  0.12    0.08   10.08 ^ clk (in)
     1    0.03                           clk (net)
                  0.12    0.00   10.08 ^ clkbuf_0_clk/A (sky130_fd_sc_hd__clkbuf_16)
                  0.11    0.20   10.28 ^ clkbuf_0_clk/X (sky130_fd_sc_hd__clkbuf_16)
     8    0.09                           clknet_0_clk (net)
                  0.11    0.00   10.28 ^ clkbuf_3_2__f_clk/A (sky130_fd_sc_hd__clkbuf_16)
                  0.05    0.15   10.43 ^ clkbuf_3_2__f_clk/X (sky130_fd_sc_hd__clkbuf_16)
     9    0.03                           clknet_3_2__leaf_clk (net)
                  0.05    0.00   10.43 ^ _492_/CLK (sky130_fd_sc_hd__dfrtp_4)
                         -0.25   10.18   clock uncertainty
                          0.00   10.18   clock reconvergence pessimism
                          0.18   10.36   library recovery time
                                 10.36   data required time
-----------------------------------------------------------------------------
                                 10.36   data required time
                                 -2.72   data arrival time
-----------------------------------------------------------------------------
                                  7.64   slack (MET)


Startpoint: rst_n (input port clocked by clk)
Endpoint: _519_ (recovery check against rising-edge clock clk)
Path Group: asynchronous
Path Type: max

Fanout     Cap    Slew   Delay    Time   Description
-----------------------------------------------------------------------------
                          0.00    0.00   clock clk (rise edge)
                          0.00    0.00   clock network delay (propagated)
                          2.00    2.00 ^ input external delay
                  0.03    0.02    2.02 ^ rst_n (in)
     1    0.00                           rst_n (net)
                  0.03    0.00    2.02 ^ input23/A (sky130_fd_sc_hd__clkbuf_2)
                  0.15    0.18    2.20 ^ input23/X (sky130_fd_sc_hd__clkbuf_2)
     4    0.03                           net23 (net)
                  0.15    0.00    2.20 ^ fanout33/A (sky130_fd_sc_hd__clkbuf_2)
                  0.17    0.24    2.44 ^ fanout33/X (sky130_fd_sc_hd__clkbuf_2)
     5    0.03                           net33 (net)
                  0.17    0.00    2.44 ^ fanout32/A (sky130_fd_sc_hd__clkbuf_4)
                  0.16    0.28    2.72 ^ fanout32/X (sky130_fd_sc_hd__clkbuf_4)
    10    0.05                           net32 (net)
                  0.16    0.00    2.72 ^ _519_/RESET_B (sky130_fd_sc_hd__dfrtp_1)
                                  2.72   data arrival time

                         10.00   10.00   clock clk (rise edge)
                          0.00   10.00   clock source latency
                  0.12    0.08   10.08 ^ clk (in)
     1    0.03                           clk (net)
                  0.12    0.00   10.08 ^ clkbuf_0_clk/A (sky130_fd_sc_hd__clkbuf_16)
                  0.11    0.20   10.28 ^ clkbuf_0_clk/X (sky130_fd_sc_hd__clkbuf_16)
     8    0.09                           clknet_0_clk (net)
                  0.11    0.00   10.28 ^ clkbuf_3_2__f_clk/A (sky130_fd_sc_hd__clkbuf_16)
                  0.05    0.15   10.43 ^ clkbuf_3_2__f_clk/X (sky130_fd_sc_hd__clkbuf_16)
     9    0.03                           clknet_3_2__leaf_clk (net)
                  0.05    0.00   10.43 ^ _519_/CLK (sky130_fd_sc_hd__dfrtp_1)
                         -0.25   10.18   clock uncertainty
                          0.00   10.18   clock reconvergence pessimism
                          0.20   10.38   library recovery time
                                 10.38   data required time
-----------------------------------------------------------------------------
                                 10.38   data required time
                                 -2.72   data arrival time
-----------------------------------------------------------------------------
                                  7.66   slack (MET)


Startpoint: rst_n (input port clocked by clk)
Endpoint: _548_ (recovery check against rising-edge clock clk)
Path Group: asynchronous
Path Type: max

Fanout     Cap    Slew   Delay    Time   Description
-----------------------------------------------------------------------------
                          0.00    0.00   clock clk (rise edge)
                          0.00    0.00   clock network delay (propagated)
                          2.00    2.00 ^ input external delay
                  0.03    0.02    2.02 ^ rst_n (in)
     1    0.00                           rst_n (net)
                  0.03    0.00    2.02 ^ input23/A (sky130_fd_sc_hd__clkbuf_2)
                  0.15    0.18    2.20 ^ input23/X (sky130_fd_sc_hd__clkbuf_2)
     4    0.03                           net23 (net)
                  0.15    0.00    2.20 ^ fanout33/A (sky130_fd_sc_hd__clkbuf_2)
                  0.17    0.24    2.44 ^ fanout33/X (sky130_fd_sc_hd__clkbuf_2)
     5    0.03                           net33 (net)
                  0.17    0.00    2.44 ^ fanout32/A (sky130_fd_sc_hd__clkbuf_4)
                  0.16    0.28    2.72 ^ fanout32/X (sky130_fd_sc_hd__clkbuf_4)
    10    0.05                           net32 (net)
                  0.16    0.00    2.72 ^ _548_/RESET_B (sky130_fd_sc_hd__dfrtp_1)
                                  2.72   data arrival time

                         10.00   10.00   clock clk (rise edge)
                          0.00   10.00   clock source latency
                  0.12    0.08   10.08 ^ clk (in)
     1    0.03                           clk (net)
                  0.12    0.00   10.08 ^ clkbuf_0_clk/A (sky130_fd_sc_hd__clkbuf_16)
                  0.11    0.20   10.28 ^ clkbuf_0_clk/X (sky130_fd_sc_hd__clkbuf_16)
     8    0.09                           clknet_0_clk (net)
                  0.11    0.00   10.28 ^ clkbuf_3_2__f_clk/A (sky130_fd_sc_hd__clkbuf_16)
                  0.05    0.15   10.43 ^ clkbuf_3_2__f_clk/X (sky130_fd_sc_hd__clkbuf_16)
     9    0.03                           clknet_3_2__leaf_clk (net)
                  0.05    0.00   10.43 ^ _548_/CLK (sky130_fd_sc_hd__dfrtp_1)
                         -0.25   10.18   clock uncertainty
                          0.00   10.18   clock reconvergence pessimism
                          0.20   10.38   library recovery time
                                 10.38   data required time
-----------------------------------------------------------------------------
                                 10.38   data required time
                                 -2.72   data arrival time
-----------------------------------------------------------------------------
                                  7.66   slack (MET)


Startpoint: rst_n (input port clocked by clk)
Endpoint: _497_ (recovery check against rising-edge clock clk)
Path Group: asynchronous
Path Type: max

Fanout     Cap    Slew   Delay    Time   Description
-----------------------------------------------------------------------------
                          0.00    0.00   clock clk (rise edge)
                          0.00    0.00   clock network delay (propagated)
                          2.00    2.00 ^ input external delay
                  0.03    0.02    2.02 ^ rst_n (in)
     1    0.00                           rst_n (net)
                  0.03    0.00    2.02 ^ input23/A (sky130_fd_sc_hd__clkbuf_2)
                  0.15    0.18    2.20 ^ input23/X (sky130_fd_sc_hd__clkbuf_2)
     4    0.03                           net23 (net)
                  0.15    0.00    2.20 ^ fanout33/A (sky130_fd_sc_hd__clkbuf_2)
                  0.17    0.24    2.44 ^ fanout33/X (sky130_fd_sc_hd__clkbuf_2)
     5    0.03                           net33 (net)
                  0.17    0.00    2.44 ^ fanout32/A (sky130_fd_sc_hd__clkbuf_4)
                  0.16    0.28    2.72 ^ fanout32/X (sky130_fd_sc_hd__clkbuf_4)
    10    0.05                           net32 (net)
                  0.16    0.00    2.72 ^ _497_/RESET_B (sky130_fd_sc_hd__dfrtp_1)
                                  2.72   data arrival time

                         10.00   10.00   clock clk (rise edge)
                          0.00   10.00   clock source latency
                  0.12    0.08   10.08 ^ clk (in)
     1    0.03                           clk (net)
                  0.12    0.00   10.08 ^ clkbuf_0_clk/A (sky130_fd_sc_hd__clkbuf_16)
                  0.11    0.20   10.28 ^ clkbuf_0_clk/X (sky130_fd_sc_hd__clkbuf_16)
     8    0.09                           clknet_0_clk (net)
                  0.11    0.00   10.28 ^ clkbuf_3_2__f_clk/A (sky130_fd_sc_hd__clkbuf_16)
                  0.05    0.15   10.43 ^ clkbuf_3_2__f_clk/X (sky130_fd_sc_hd__clkbuf_16)
     9    0.03                           clknet_3_2__leaf_clk (net)
                  0.05    0.00   10.43 ^ _497_/CLK (sky130_fd_sc_hd__dfrtp_1)
                         -0.25   10.18   clock uncertainty
                          0.00   10.18   clock reconvergence pessimism
                          0.20   10.38   library recovery time
                                 10.38   data required time
-----------------------------------------------------------------------------
                                 10.38   data required time
                                 -2.72   data arrival time
-----------------------------------------------------------------------------
                                  7.66   slack (MET)


Startpoint: rst_n (input port clocked by clk)
Endpoint: _498_ (recovery check against rising-edge clock clk)
Path Group: asynchronous
Path Type: max

Fanout     Cap    Slew   Delay    Time   Description
-----------------------------------------------------------------------------
                          0.00    0.00   clock clk (rise edge)
                          0.00    0.00   clock network delay (propagated)
                          2.00    2.00 ^ input external delay
                  0.03    0.02    2.02 ^ rst_n (in)
     1    0.00                           rst_n (net)
                  0.03    0.00    2.02 ^ input23/A (sky130_fd_sc_hd__clkbuf_2)
                  0.15    0.18    2.20 ^ input23/X (sky130_fd_sc_hd__clkbuf_2)
     4    0.03                           net23 (net)
                  0.15    0.00    2.20 ^ fanout33/A (sky130_fd_sc_hd__clkbuf_2)
                  0.17    0.24    2.44 ^ fanout33/X (sky130_fd_sc_hd__clkbuf_2)
     5    0.03                           net33 (net)
                  0.17    0.00    2.44 ^ fanout32/A (sky130_fd_sc_hd__clkbuf_4)
                  0.16    0.28    2.72 ^ fanout32/X (sky130_fd_sc_hd__clkbuf_4)
    10    0.05                           net32 (net)
                  0.16    0.00    2.72 ^ _498_/RESET_B (sky130_fd_sc_hd__dfrtp_1)
                                  2.72   data arrival time

                         10.00   10.00   clock clk (rise edge)
                          0.00   10.00   clock source latency
                  0.12    0.08   10.08 ^ clk (in)
     1    0.03                           clk (net)
                  0.12    0.00   10.08 ^ clkbuf_0_clk/A (sky130_fd_sc_hd__clkbuf_16)
                  0.11    0.20   10.28 ^ clkbuf_0_clk/X (sky130_fd_sc_hd__clkbuf_16)
     8    0.09                           clknet_0_clk (net)
                  0.11    0.00   10.28 ^ clkbuf_3_2__f_clk/A (sky130_fd_sc_hd__clkbuf_16)
                  0.05    0.15   10.43 ^ clkbuf_3_2__f_clk/X (sky130_fd_sc_hd__clkbuf_16)
     9    0.03                           clknet_3_2__leaf_clk (net)
                  0.05    0.00   10.43 ^ _498_/CLK (sky130_fd_sc_hd__dfrtp_1)
                         -0.25   10.18   clock uncertainty
                          0.00   10.18   clock reconvergence pessimism
                          0.20   10.38   library recovery time
                                 10.38   data required time
-----------------------------------------------------------------------------
                                 10.38   data required time
                                 -2.72   data arrival time
-----------------------------------------------------------------------------
                                  7.66   slack (MET)


Startpoint: rst_n (input port clocked by clk)
Endpoint: _527_ (recovery check against rising-edge clock clk)
Path Group: asynchronous
Path Type: max

Fanout     Cap    Slew   Delay    Time   Description
-----------------------------------------------------------------------------
                          0.00    0.00   clock clk (rise edge)
                          0.00    0.00   clock network delay (propagated)
                          2.00    2.00 ^ input external delay
                  0.03    0.02    2.02 ^ rst_n (in)
     1    0.00                           rst_n (net)
                  0.03    0.00    2.02 ^ input23/A (sky130_fd_sc_hd__clkbuf_2)
                  0.15    0.18    2.20 ^ input23/X (sky130_fd_sc_hd__clkbuf_2)
     4    0.03                           net23 (net)
                  0.15    0.00    2.20 ^ fanout33/A (sky130_fd_sc_hd__clkbuf_2)
                  0.17    0.24    2.44 ^ fanout33/X (sky130_fd_sc_hd__clkbuf_2)
     5    0.03                           net33 (net)
                  0.17    0.00    2.44 ^ fanout32/A (sky130_fd_sc_hd__clkbuf_4)
                  0.16    0.28    2.72 ^ fanout32/X (sky130_fd_sc_hd__clkbuf_4)
    10    0.05                           net32 (net)
                  0.16    0.00    2.72 ^ _527_/RESET_B (sky130_fd_sc_hd__dfrtp_1)
                                  2.72   data arrival time

                         10.00   10.00   clock clk (rise edge)
                          0.00   10.00   clock source latency
                  0.12    0.08   10.08 ^ clk (in)
     1    0.03                           clk (net)
                  0.12    0.00   10.08 ^ clkbuf_0_clk/A (sky130_fd_sc_hd__clkbuf_16)
                  0.11    0.20   10.28 ^ clkbuf_0_clk/X (sky130_fd_sc_hd__clkbuf_16)
     8    0.09                           clknet_0_clk (net)
                  0.11    0.00   10.28 ^ clkbuf_3_2__f_clk/A (sky130_fd_sc_hd__clkbuf_16)
                  0.05    0.15   10.43 ^ clkbuf_3_2__f_clk/X (sky130_fd_sc_hd__clkbuf_16)
     9    0.03                           clknet_3_2__leaf_clk (net)
                  0.05    0.00   10.43 ^ _527_/CLK (sky130_fd_sc_hd__dfrtp_1)
                         -0.25   10.18   clock uncertainty
                          0.00   10.18   clock reconvergence pessimism
                          0.20   10.38   library recovery time
                                 10.38   data required time
-----------------------------------------------------------------------------
                                 10.38   data required time
                                 -2.72   data arrival time
-----------------------------------------------------------------------------
                                  7.66   slack (MET)


Startpoint: rst_n (input port clocked by clk)
Endpoint: _551_ (recovery check against rising-edge clock clk)
Path Group: asynchronous
Path Type: max

Fanout     Cap    Slew   Delay    Time   Description
-----------------------------------------------------------------------------
                          0.00    0.00   clock clk (rise edge)
                          0.00    0.00   clock network delay (propagated)
                          2.00    2.00 ^ input external delay
                  0.03    0.02    2.02 ^ rst_n (in)
     1    0.00                           rst_n (net)
                  0.03    0.00    2.02 ^ input23/A (sky130_fd_sc_hd__clkbuf_2)
                  0.15    0.18    2.20 ^ input23/X (sky130_fd_sc_hd__clkbuf_2)
     4    0.03                           net23 (net)
                  0.15    0.00    2.20 ^ fanout33/A (sky130_fd_sc_hd__clkbuf_2)
                  0.17    0.24    2.44 ^ fanout33/X (sky130_fd_sc_hd__clkbuf_2)
     5    0.03                           net33 (net)
                  0.17    0.00    2.44 ^ fanout32/A (sky130_fd_sc_hd__clkbuf_4)
                  0.16    0.28    2.72 ^ fanout32/X (sky130_fd_sc_hd__clkbuf_4)
    10    0.05                           net32 (net)
                  0.16    0.00    2.72 ^ _551_/RESET_B (sky130_fd_sc_hd__dfrtp_1)
                                  2.72   data arrival time

                         10.00   10.00   clock clk (rise edge)
                          0.00   10.00   clock source latency
                  0.12    0.08   10.08 ^ clk (in)
     1    0.03                           clk (net)
                  0.12    0.00   10.08 ^ clkbuf_0_clk/A (sky130_fd_sc_hd__clkbuf_16)
                  0.11    0.20   10.28 ^ clkbuf_0_clk/X (sky130_fd_sc_hd__clkbuf_16)
     8    0.09                           clknet_0_clk (net)
                  0.11    0.00   10.28 ^ clkbuf_3_2__f_clk/A (sky130_fd_sc_hd__clkbuf_16)
                  0.05    0.15   10.43 ^ clkbuf_3_2__f_clk/X (sky130_fd_sc_hd__clkbuf_16)
     9    0.03                           clknet_3_2__leaf_clk (net)
                  0.05    0.00   10.43 ^ _551_/CLK (sky130_fd_sc_hd__dfrtp_1)
                         -0.25   10.18   clock uncertainty
                          0.00   10.18   clock reconvergence pessimism
                          0.20   10.38   library recovery time
                                 10.38   data required time
-----------------------------------------------------------------------------
                                 10.38   data required time
                                 -2.72   data arrival time
-----------------------------------------------------------------------------
                                  7.66   slack (MET)


Startpoint: rst_n (input port clocked by clk)
Endpoint: _559_ (recovery check against rising-edge clock clk)
Path Group: asynchronous
Path Type: max

Fanout     Cap    Slew   Delay    Time   Description
-----------------------------------------------------------------------------
                          0.00    0.00   clock clk (rise edge)
                          0.00    0.00   clock network delay (propagated)
                          2.00    2.00 ^ input external delay
                  0.03    0.02    2.02 ^ rst_n (in)
     1    0.00                           rst_n (net)
                  0.03    0.00    2.02 ^ input23/A (sky130_fd_sc_hd__clkbuf_2)
                  0.15    0.18    2.20 ^ input23/X (sky130_fd_sc_hd__clkbuf_2)
     4    0.03                           net23 (net)
                  0.15    0.00    2.20 ^ fanout33/A (sky130_fd_sc_hd__clkbuf_2)
                  0.17    0.24    2.44 ^ fanout33/X (sky130_fd_sc_hd__clkbuf_2)
     5    0.03                           net33 (net)
                  0.17    0.00    2.44 ^ fanout32/A (sky130_fd_sc_hd__clkbuf_4)
                  0.16    0.28    2.72 ^ fanout32/X (sky130_fd_sc_hd__clkbuf_4)
    10    0.05                           net32 (net)
                  0.16    0.00    2.72 ^ _559_/RESET_B (sky130_fd_sc_hd__dfrtp_1)
                                  2.72   data arrival time

                         10.00   10.00   clock clk (rise edge)
                          0.00   10.00   clock source latency
                  0.12    0.08   10.08 ^ clk (in)
     1    0.03                           clk (net)
                  0.12    0.00   10.08 ^ clkbuf_0_clk/A (sky130_fd_sc_hd__clkbuf_16)
                  0.11    0.20   10.28 ^ clkbuf_0_clk/X (sky130_fd_sc_hd__clkbuf_16)
     8    0.09                           clknet_0_clk (net)
                  0.11    0.00   10.28 ^ clkbuf_3_2__f_clk/A (sky130_fd_sc_hd__clkbuf_16)
                  0.05    0.15   10.43 ^ clkbuf_3_2__f_clk/X (sky130_fd_sc_hd__clkbuf_16)
     9    0.03                           clknet_3_2__leaf_clk (net)
                  0.05    0.00   10.43 ^ _559_/CLK (sky130_fd_sc_hd__dfrtp_1)
                         -0.25   10.18   clock uncertainty
                          0.00   10.18   clock reconvergence pessimism
                          0.20   10.38   library recovery time
                                 10.38   data required time
-----------------------------------------------------------------------------
                                 10.38   data required time
                                 -2.72   data arrival time
-----------------------------------------------------------------------------
                                  7.66   slack (MET)


Startpoint: rst_n (input port clocked by clk)
Endpoint: _511_ (recovery check against rising-edge clock clk)
Path Group: asynchronous
Path Type: max

Fanout     Cap    Slew   Delay    Time   Description
-----------------------------------------------------------------------------
                          0.00    0.00   clock clk (rise edge)
                          0.00    0.00   clock network delay (propagated)
                          2.00    2.00 ^ input external delay
                  0.03    0.02    2.02 ^ rst_n (in)
     1    0.00                           rst_n (net)
                  0.03    0.00    2.02 ^ input23/A (sky130_fd_sc_hd__clkbuf_2)
                  0.15    0.18    2.20 ^ input23/X (sky130_fd_sc_hd__clkbuf_2)
     4    0.03                           net23 (net)
                  0.15    0.00    2.20 ^ fanout33/A (sky130_fd_sc_hd__clkbuf_2)
                  0.17    0.24    2.44 ^ fanout33/X (sky130_fd_sc_hd__clkbuf_2)
     5    0.03                           net33 (net)
                  0.17    0.00    2.44 ^ fanout32/A (sky130_fd_sc_hd__clkbuf_4)
                  0.16    0.28    2.72 ^ fanout32/X (sky130_fd_sc_hd__clkbuf_4)
    10    0.05                           net32 (net)
                  0.16    0.00    2.72 ^ _511_/RESET_B (sky130_fd_sc_hd__dfrtp_1)
                                  2.72   data arrival time

                         10.00   10.00   clock clk (rise edge)
                          0.00   10.00   clock source latency
                  0.12    0.08   10.08 ^ clk (in)
     1    0.03                           clk (net)
                  0.12    0.00   10.08 ^ clkbuf_0_clk/A (sky130_fd_sc_hd__clkbuf_16)
                  0.11    0.20   10.28 ^ clkbuf_0_clk/X (sky130_fd_sc_hd__clkbuf_16)
     8    0.09                           clknet_0_clk (net)
                  0.11    0.00   10.28 ^ clkbuf_3_2__f_clk/A (sky130_fd_sc_hd__clkbuf_16)
                  0.05    0.15   10.43 ^ clkbuf_3_2__f_clk/X (sky130_fd_sc_hd__clkbuf_16)
     9    0.03                           clknet_3_2__leaf_clk (net)
                  0.05    0.00   10.43 ^ _511_/CLK (sky130_fd_sc_hd__dfrtp_1)
                         -0.25   10.18   clock uncertainty
                          0.00   10.18   clock reconvergence pessimism
                          0.20   10.38   library recovery time
                                 10.38   data required time
-----------------------------------------------------------------------------
                                 10.38   data required time
                                 -2.72   data arrival time
-----------------------------------------------------------------------------
                                  7.66   slack (MET)


Startpoint: rst_n (input port clocked by clk)
Endpoint: _552_ (recovery check against rising-edge clock clk)
Path Group: asynchronous
Path Type: max

Fanout     Cap    Slew   Delay    Time   Description
-----------------------------------------------------------------------------
                          0.00    0.00   clock clk (rise edge)
                          0.00    0.00   clock network delay (propagated)
                          2.00    2.00 ^ input external delay
                  0.03    0.02    2.02 ^ rst_n (in)
     1    0.00                           rst_n (net)
                  0.03    0.00    2.02 ^ input23/A (sky130_fd_sc_hd__clkbuf_2)
                  0.15    0.18    2.20 ^ input23/X (sky130_fd_sc_hd__clkbuf_2)
     4    0.03                           net23 (net)
                  0.15    0.00    2.20 ^ fanout33/A (sky130_fd_sc_hd__clkbuf_2)
                  0.17    0.24    2.44 ^ fanout33/X (sky130_fd_sc_hd__clkbuf_2)
     5    0.03                           net33 (net)
                  0.17    0.00    2.44 ^ fanout29/A (sky130_fd_sc_hd__clkbuf_4)
                  0.15    0.27    2.71 ^ fanout29/X (sky130_fd_sc_hd__clkbuf_4)
    10    0.05                           net29 (net)
                  0.15    0.00    2.71 ^ _552_/RESET_B (sky130_fd_sc_hd__dfrtp_1)
                                  2.71   data arrival time

                         10.00   10.00   clock clk (rise edge)
                          0.00   10.00   clock source latency
                  0.12    0.08   10.08 ^ clk (in)
     1    0.03                           clk (net)
                  0.12    0.00   10.08 ^ clkbuf_0_clk/A (sky130_fd_sc_hd__clkbuf_16)
                  0.11    0.20   10.28 ^ clkbuf_0_clk/X (sky130_fd_sc_hd__clkbuf_16)
     8    0.09                           clknet_0_clk (net)
                  0.11    0.00   10.28 ^ clkbuf_3_0__f_clk/A (sky130_fd_sc_hd__clkbuf_16)
                  0.04    0.14   10.42 ^ clkbuf_3_0__f_clk/X (sky130_fd_sc_hd__clkbuf_16)
     7    0.02                           clknet_3_0__leaf_clk (net)
                  0.04    0.00   10.42 ^ _552_/CLK (sky130_fd_sc_hd__dfrtp_1)
                         -0.25   10.17   clock uncertainty
                          0.00   10.17   clock reconvergence pessimism
                          0.20   10.37   library recovery time
                                 10.37   data required time
-----------------------------------------------------------------------------
                                 10.37   data required time
                                 -2.71   data arrival time
-----------------------------------------------------------------------------
                                  7.66   slack (MET)


Startpoint: rst_n (input port clocked by clk)
Endpoint: _528_ (recovery check against rising-edge clock clk)
Path Group: asynchronous
Path Type: max

Fanout     Cap    Slew   Delay    Time   Description
-----------------------------------------------------------------------------
                          0.00    0.00   clock clk (rise edge)
                          0.00    0.00   clock network delay (propagated)
                          2.00    2.00 ^ input external delay
                  0.03    0.02    2.02 ^ rst_n (in)
     1    0.00                           rst_n (net)
                  0.03    0.00    2.02 ^ input23/A (sky130_fd_sc_hd__clkbuf_2)
                  0.15    0.18    2.20 ^ input23/X (sky130_fd_sc_hd__clkbuf_2)
     4    0.03                           net23 (net)
                  0.15    0.00    2.20 ^ fanout33/A (sky130_fd_sc_hd__clkbuf_2)
                  0.17    0.24    2.44 ^ fanout33/X (sky130_fd_sc_hd__clkbuf_2)
     5    0.03                           net33 (net)
                  0.17    0.00    2.44 ^ fanout29/A (sky130_fd_sc_hd__clkbuf_4)
                  0.15    0.27    2.71 ^ fanout29/X (sky130_fd_sc_hd__clkbuf_4)
    10    0.05                           net29 (net)
                  0.15    0.00    2.71 ^ _528_/RESET_B (sky130_fd_sc_hd__dfrtp_1)
                                  2.71   data arrival time

                         10.00   10.00   clock clk (rise edge)
                          0.00   10.00   clock source latency
                  0.12    0.08   10.08 ^ clk (in)
     1    0.03                           clk (net)
                  0.12    0.00   10.08 ^ clkbuf_0_clk/A (sky130_fd_sc_hd__clkbuf_16)
                  0.11    0.20   10.28 ^ clkbuf_0_clk/X (sky130_fd_sc_hd__clkbuf_16)
     8    0.09                           clknet_0_clk (net)
                  0.11    0.00   10.28 ^ clkbuf_3_0__f_clk/A (sky130_fd_sc_hd__clkbuf_16)
                  0.04    0.14   10.42 ^ clkbuf_3_0__f_clk/X (sky130_fd_sc_hd__clkbuf_16)
     7    0.02                           clknet_3_0__leaf_clk (net)
                  0.04    0.00   10.42 ^ _528_/CLK (sky130_fd_sc_hd__dfrtp_1)
                         -0.25   10.17   clock uncertainty
                          0.00   10.17   clock reconvergence pessimism
                          0.20   10.37   library recovery time
                                 10.37   data required time
-----------------------------------------------------------------------------
                                 10.37   data required time
                                 -2.71   data arrival time
-----------------------------------------------------------------------------
                                  7.66   slack (MET)


Startpoint: rst_n (input port clocked by clk)
Endpoint: _560_ (recovery check against rising-edge clock clk)
Path Group: asynchronous
Path Type: max

Fanout     Cap    Slew   Delay    Time   Description
-----------------------------------------------------------------------------
                          0.00    0.00   clock clk (rise edge)
                          0.00    0.00   clock network delay (propagated)
                          2.00    2.00 ^ input external delay
                  0.03    0.02    2.02 ^ rst_n (in)
     1    0.00                           rst_n (net)
                  0.03    0.00    2.02 ^ input23/A (sky130_fd_sc_hd__clkbuf_2)
                  0.15    0.18    2.20 ^ input23/X (sky130_fd_sc_hd__clkbuf_2)
     4    0.03                           net23 (net)
                  0.15    0.00    2.20 ^ fanout33/A (sky130_fd_sc_hd__clkbuf_2)
                  0.17    0.24    2.44 ^ fanout33/X (sky130_fd_sc_hd__clkbuf_2)
     5    0.03                           net33 (net)
                  0.17    0.00    2.44 ^ fanout29/A (sky130_fd_sc_hd__clkbuf_4)
                  0.15    0.27    2.71 ^ fanout29/X (sky130_fd_sc_hd__clkbuf_4)
    10    0.05                           net29 (net)
                  0.15    0.00    2.71 ^ _560_/RESET_B (sky130_fd_sc_hd__dfrtp_1)
                                  2.71   data arrival time

                         10.00   10.00   clock clk (rise edge)
                          0.00   10.00   clock source latency
                  0.12    0.08   10.08 ^ clk (in)
     1    0.03                           clk (net)
                  0.12    0.00   10.08 ^ clkbuf_0_clk/A (sky130_fd_sc_hd__clkbuf_16)
                  0.11    0.20   10.28 ^ clkbuf_0_clk/X (sky130_fd_sc_hd__clkbuf_16)
     8    0.09                           clknet_0_clk (net)
                  0.11    0.00   10.28 ^ clkbuf_3_0__f_clk/A (sky130_fd_sc_hd__clkbuf_16)
                  0.04    0.14   10.42 ^ clkbuf_3_0__f_clk/X (sky130_fd_sc_hd__clkbuf_16)
     7    0.02                           clknet_3_0__leaf_clk (net)
                  0.04    0.00   10.42 ^ _560_/CLK (sky130_fd_sc_hd__dfrtp_1)
                         -0.25   10.17   clock uncertainty
                          0.00   10.17   clock reconvergence pessimism
                          0.20   10.37   library recovery time
                                 10.37   data required time
-----------------------------------------------------------------------------
                                 10.37   data required time
                                 -2.71   data arrival time
-----------------------------------------------------------------------------
                                  7.66   slack (MET)


Startpoint: rst_n (input port clocked by clk)
Endpoint: _520_ (recovery check against rising-edge clock clk)
Path Group: asynchronous
Path Type: max

Fanout     Cap    Slew   Delay    Time   Description
-----------------------------------------------------------------------------
                          0.00    0.00   clock clk (rise edge)
                          0.00    0.00   clock network delay (propagated)
                          2.00    2.00 ^ input external delay
                  0.03    0.02    2.02 ^ rst_n (in)
     1    0.00                           rst_n (net)
                  0.03    0.00    2.02 ^ input23/A (sky130_fd_sc_hd__clkbuf_2)
                  0.15    0.18    2.20 ^ input23/X (sky130_fd_sc_hd__clkbuf_2)
     4    0.03                           net23 (net)
                  0.15    0.00    2.20 ^ fanout33/A (sky130_fd_sc_hd__clkbuf_2)
                  0.17    0.24    2.44 ^ fanout33/X (sky130_fd_sc_hd__clkbuf_2)
     5    0.03                           net33 (net)
                  0.17    0.00    2.44 ^ fanout29/A (sky130_fd_sc_hd__clkbuf_4)
                  0.15    0.27    2.71 ^ fanout29/X (sky130_fd_sc_hd__clkbuf_4)
    10    0.05                           net29 (net)
                  0.15    0.00    2.71 ^ _520_/RESET_B (sky130_fd_sc_hd__dfrtp_1)
                                  2.71   data arrival time

                         10.00   10.00   clock clk (rise edge)
                          0.00   10.00   clock source latency
                  0.12    0.08   10.08 ^ clk (in)
     1    0.03                           clk (net)
                  0.12    0.00   10.08 ^ clkbuf_0_clk/A (sky130_fd_sc_hd__clkbuf_16)
                  0.11    0.20   10.28 ^ clkbuf_0_clk/X (sky130_fd_sc_hd__clkbuf_16)
     8    0.09                           clknet_0_clk (net)
                  0.11    0.00   10.28 ^ clkbuf_3_0__f_clk/A (sky130_fd_sc_hd__clkbuf_16)
                  0.04    0.14   10.42 ^ clkbuf_3_0__f_clk/X (sky130_fd_sc_hd__clkbuf_16)
     7    0.02                           clknet_3_0__leaf_clk (net)
                  0.04    0.00   10.42 ^ _520_/CLK (sky130_fd_sc_hd__dfrtp_1)
                         -0.25   10.17   clock uncertainty
                          0.00   10.17   clock reconvergence pessimism
                          0.20   10.37   library recovery time
                                 10.37   data required time
-----------------------------------------------------------------------------
                                 10.37   data required time
                                 -2.71   data arrival time
-----------------------------------------------------------------------------
                                  7.66   slack (MET)


Startpoint: rst_n (input port clocked by clk)
Endpoint: _516_ (recovery check against rising-edge clock clk)
Path Group: asynchronous
Path Type: max

Fanout     Cap    Slew   Delay    Time   Description
-----------------------------------------------------------------------------
                          0.00    0.00   clock clk (rise edge)
                          0.00    0.00   clock network delay (propagated)
                          2.00    2.00 ^ input external delay
                  0.03    0.02    2.02 ^ rst_n (in)
     1    0.00                           rst_n (net)
                  0.03    0.00    2.02 ^ input23/A (sky130_fd_sc_hd__clkbuf_2)
                  0.15    0.18    2.20 ^ input23/X (sky130_fd_sc_hd__clkbuf_2)
     4    0.03                           net23 (net)
                  0.15    0.00    2.20 ^ fanout33/A (sky130_fd_sc_hd__clkbuf_2)
                  0.17    0.24    2.44 ^ fanout33/X (sky130_fd_sc_hd__clkbuf_2)
     5    0.03                           net33 (net)
                  0.17    0.00    2.44 ^ fanout29/A (sky130_fd_sc_hd__clkbuf_4)
                  0.15    0.27    2.71 ^ fanout29/X (sky130_fd_sc_hd__clkbuf_4)
    10    0.05                           net29 (net)
                  0.15    0.00    2.71 ^ _516_/RESET_B (sky130_fd_sc_hd__dfrtp_1)
                                  2.71   data arrival time

                         10.00   10.00   clock clk (rise edge)
                          0.00   10.00   clock source latency
                  0.12    0.08   10.08 ^ clk (in)
     1    0.03                           clk (net)
                  0.12    0.00   10.08 ^ clkbuf_0_clk/A (sky130_fd_sc_hd__clkbuf_16)
                  0.11    0.20   10.28 ^ clkbuf_0_clk/X (sky130_fd_sc_hd__clkbuf_16)
     8    0.09                           clknet_0_clk (net)
                  0.11    0.00   10.28 ^ clkbuf_3_0__f_clk/A (sky130_fd_sc_hd__clkbuf_16)
                  0.04    0.14   10.42 ^ clkbuf_3_0__f_clk/X (sky130_fd_sc_hd__clkbuf_16)
     7    0.02                           clknet_3_0__leaf_clk (net)
                  0.04    0.00   10.42 ^ _516_/CLK (sky130_fd_sc_hd__dfrtp_1)
                         -0.25   10.17   clock uncertainty
                          0.00   10.17   clock reconvergence pessimism
                          0.20   10.37   library recovery time
                                 10.37   data required time
-----------------------------------------------------------------------------
                                 10.37   data required time
                                 -2.71   data arrival time
-----------------------------------------------------------------------------
                                  7.66   slack (MET)


Startpoint: rst_n (input port clocked by clk)
Endpoint: _524_ (recovery check against rising-edge clock clk)
Path Group: asynchronous
Path Type: max

Fanout     Cap    Slew   Delay    Time   Description
-----------------------------------------------------------------------------
                          0.00    0.00   clock clk (rise edge)
                          0.00    0.00   clock network delay (propagated)
                          2.00    2.00 ^ input external delay
                  0.03    0.02    2.02 ^ rst_n (in)
     1    0.00                           rst_n (net)
                  0.03    0.00    2.02 ^ input23/A (sky130_fd_sc_hd__clkbuf_2)
                  0.15    0.18    2.20 ^ input23/X (sky130_fd_sc_hd__clkbuf_2)
     4    0.03                           net23 (net)
                  0.15    0.00    2.20 ^ fanout33/A (sky130_fd_sc_hd__clkbuf_2)
                  0.17    0.24    2.44 ^ fanout33/X (sky130_fd_sc_hd__clkbuf_2)
     5    0.03                           net33 (net)
                  0.17    0.00    2.44 ^ fanout29/A (sky130_fd_sc_hd__clkbuf_4)
                  0.15    0.27    2.71 ^ fanout29/X (sky130_fd_sc_hd__clkbuf_4)
    10    0.05                           net29 (net)
                  0.15    0.00    2.71 ^ _524_/RESET_B (sky130_fd_sc_hd__dfrtp_1)
                                  2.71   data arrival time

                         10.00   10.00   clock clk (rise edge)
                          0.00   10.00   clock source latency
                  0.12    0.08   10.08 ^ clk (in)
     1    0.03                           clk (net)
                  0.12    0.00   10.08 ^ clkbuf_0_clk/A (sky130_fd_sc_hd__clkbuf_16)
                  0.11    0.20   10.28 ^ clkbuf_0_clk/X (sky130_fd_sc_hd__clkbuf_16)
     8    0.09                           clknet_0_clk (net)
                  0.11    0.00   10.28 ^ clkbuf_3_0__f_clk/A (sky130_fd_sc_hd__clkbuf_16)
                  0.04    0.14   10.42 ^ clkbuf_3_0__f_clk/X (sky130_fd_sc_hd__clkbuf_16)
     7    0.02                           clknet_3_0__leaf_clk (net)
                  0.04    0.00   10.42 ^ _524_/CLK (sky130_fd_sc_hd__dfrtp_1)
                         -0.25   10.17   clock uncertainty
                          0.00   10.17   clock reconvergence pessimism
                          0.20   10.37   library recovery time
                                 10.37   data required time
-----------------------------------------------------------------------------
                                 10.37   data required time
                                 -2.71   data arrival time
-----------------------------------------------------------------------------
                                  7.66   slack (MET)


Startpoint: rst_n (input port clocked by clk)
Endpoint: _556_ (recovery check against rising-edge clock clk)
Path Group: asynchronous
Path Type: max

Fanout     Cap    Slew   Delay    Time   Description
-----------------------------------------------------------------------------
                          0.00    0.00   clock clk (rise edge)
                          0.00    0.00   clock network delay (propagated)
                          2.00    2.00 ^ input external delay
                  0.03    0.02    2.02 ^ rst_n (in)
     1    0.00                           rst_n (net)
                  0.03    0.00    2.02 ^ input23/A (sky130_fd_sc_hd__clkbuf_2)
                  0.15    0.18    2.20 ^ input23/X (sky130_fd_sc_hd__clkbuf_2)
     4    0.03                           net23 (net)
                  0.15    0.00    2.20 ^ fanout33/A (sky130_fd_sc_hd__clkbuf_2)
                  0.17    0.24    2.44 ^ fanout33/X (sky130_fd_sc_hd__clkbuf_2)
     5    0.03                           net33 (net)
                  0.17    0.00    2.44 ^ fanout29/A (sky130_fd_sc_hd__clkbuf_4)
                  0.15    0.27    2.71 ^ fanout29/X (sky130_fd_sc_hd__clkbuf_4)
    10    0.05                           net29 (net)
                  0.15    0.00    2.71 ^ _556_/RESET_B (sky130_fd_sc_hd__dfrtp_1)
                                  2.71   data arrival time

                         10.00   10.00   clock clk (rise edge)
                          0.00   10.00   clock source latency
                  0.12    0.08   10.08 ^ clk (in)
     1    0.03                           clk (net)
                  0.12    0.00   10.08 ^ clkbuf_0_clk/A (sky130_fd_sc_hd__clkbuf_16)
                  0.11    0.20   10.28 ^ clkbuf_0_clk/X (sky130_fd_sc_hd__clkbuf_16)
     8    0.09                           clknet_0_clk (net)
                  0.11    0.00   10.28 ^ clkbuf_3_0__f_clk/A (sky130_fd_sc_hd__clkbuf_16)
                  0.04    0.14   10.42 ^ clkbuf_3_0__f_clk/X (sky130_fd_sc_hd__clkbuf_16)
     7    0.02                           clknet_3_0__leaf_clk (net)
                  0.04    0.00   10.42 ^ _556_/CLK (sky130_fd_sc_hd__dfrtp_1)
                         -0.25   10.17   clock uncertainty
                          0.00   10.17   clock reconvergence pessimism
                          0.20   10.37   library recovery time
                                 10.37   data required time
-----------------------------------------------------------------------------
                                 10.37   data required time
                                 -2.71   data arrival time
-----------------------------------------------------------------------------
                                  7.66   slack (MET)


Startpoint: rst_n (input port clocked by clk)
Endpoint: _500_ (recovery check against rising-edge clock clk)
Path Group: asynchronous
Path Type: max

Fanout     Cap    Slew   Delay    Time   Description
-----------------------------------------------------------------------------
                          0.00    0.00   clock clk (rise edge)
                          0.00    0.00   clock network delay (propagated)
                          2.00    2.00 ^ input external delay
                  0.03    0.02    2.02 ^ rst_n (in)
     1    0.00                           rst_n (net)
                  0.03    0.00    2.02 ^ input23/A (sky130_fd_sc_hd__clkbuf_2)
                  0.15    0.18    2.20 ^ input23/X (sky130_fd_sc_hd__clkbuf_2)
     4    0.03                           net23 (net)
                  0.15    0.00    2.20 ^ fanout33/A (sky130_fd_sc_hd__clkbuf_2)
                  0.17    0.24    2.44 ^ fanout33/X (sky130_fd_sc_hd__clkbuf_2)
     5    0.03                           net33 (net)
                  0.17    0.00    2.44 ^ fanout30/A (sky130_fd_sc_hd__buf_2)
                  0.19    0.27    2.70 ^ fanout30/X (sky130_fd_sc_hd__buf_2)
     7    0.04                           net30 (net)
                  0.19    0.00    2.70 ^ _500_/RESET_B (sky130_fd_sc_hd__dfrtp_1)
                                  2.70   data arrival time

                         10.00   10.00   clock clk (rise edge)
                          0.00   10.00   clock source latency
                  0.12    0.08   10.08 ^ clk (in)
     1    0.03                           clk (net)
                  0.12    0.00   10.08 ^ clkbuf_0_clk/A (sky130_fd_sc_hd__clkbuf_16)
                  0.11    0.20   10.28 ^ clkbuf_0_clk/X (sky130_fd_sc_hd__clkbuf_16)
     8    0.09                           clknet_0_clk (net)
                  0.11    0.00   10.28 ^ clkbuf_3_1__f_clk/A (sky130_fd_sc_hd__clkbuf_16)
                  0.06    0.15   10.43 ^ clkbuf_3_1__f_clk/X (sky130_fd_sc_hd__clkbuf_16)
    10    0.03                           clknet_3_1__leaf_clk (net)
                  0.06    0.00   10.43 ^ _500_/CLK (sky130_fd_sc_hd__dfrtp_1)
                         -0.25   10.18   clock uncertainty
                          0.00   10.18   clock reconvergence pessimism
                          0.20   10.38   library recovery time
                                 10.38   data required time
-----------------------------------------------------------------------------
                                 10.38   data required time
                                 -2.70   data arrival time
-----------------------------------------------------------------------------
                                  7.67   slack (MET)


Startpoint: rst_n (input port clocked by clk)
Endpoint: _506_ (recovery check against rising-edge clock clk)
Path Group: asynchronous
Path Type: max

Fanout     Cap    Slew   Delay    Time   Description
-----------------------------------------------------------------------------
                          0.00    0.00   clock clk (rise edge)
                          0.00    0.00   clock network delay (propagated)
                          2.00    2.00 ^ input external delay
                  0.03    0.02    2.02 ^ rst_n (in)
     1    0.00                           rst_n (net)
                  0.03    0.00    2.02 ^ input23/A (sky130_fd_sc_hd__clkbuf_2)
                  0.15    0.18    2.20 ^ input23/X (sky130_fd_sc_hd__clkbuf_2)
     4    0.03                           net23 (net)
                  0.15    0.00    2.20 ^ fanout33/A (sky130_fd_sc_hd__clkbuf_2)
                  0.17    0.24    2.44 ^ fanout33/X (sky130_fd_sc_hd__clkbuf_2)
     5    0.03                           net33 (net)
                  0.17    0.00    2.44 ^ fanout30/A (sky130_fd_sc_hd__buf_2)
                  0.19    0.27    2.70 ^ fanout30/X (sky130_fd_sc_hd__buf_2)
     7    0.04                           net30 (net)
                  0.19    0.00    2.70 ^ _506_/RESET_B (sky130_fd_sc_hd__dfrtp_1)
                                  2.70   data arrival time

                         10.00   10.00   clock clk (rise edge)
                          0.00   10.00   clock source latency
                  0.12    0.08   10.08 ^ clk (in)
     1    0.03                           clk (net)
                  0.12    0.00   10.08 ^ clkbuf_0_clk/A (sky130_fd_sc_hd__clkbuf_16)
                  0.11    0.20   10.28 ^ clkbuf_0_clk/X (sky130_fd_sc_hd__clkbuf_16)
     8    0.09                           clknet_0_clk (net)
                  0.11    0.00   10.28 ^ clkbuf_3_1__f_clk/A (sky130_fd_sc_hd__clkbuf_16)
                  0.06    0.15   10.43 ^ clkbuf_3_1__f_clk/X (sky130_fd_sc_hd__clkbuf_16)
    10    0.03                           clknet_3_1__leaf_clk (net)
                  0.06    0.00   10.43 ^ _506_/CLK (sky130_fd_sc_hd__dfrtp_1)
                         -0.25   10.18   clock uncertainty
                          0.00   10.18   clock reconvergence pessimism
                          0.20   10.38   library recovery time
                                 10.38   data required time
-----------------------------------------------------------------------------
                                 10.38   data required time
                                 -2.70   data arrival time
-----------------------------------------------------------------------------
                                  7.67   slack (MET)


Startpoint: rst_n (input port clocked by clk)
Endpoint: _522_ (recovery check against rising-edge clock clk)
Path Group: asynchronous
Path Type: max

Fanout     Cap    Slew   Delay    Time   Description
-----------------------------------------------------------------------------
                          0.00    0.00   clock clk (rise edge)
                          0.00    0.00   clock network delay (propagated)
                          2.00    2.00 ^ input external delay
                  0.03    0.02    2.02 ^ rst_n (in)
     1    0.00                           rst_n (net)
                  0.03    0.00    2.02 ^ input23/A (sky130_fd_sc_hd__clkbuf_2)
                  0.15    0.18    2.20 ^ input23/X (sky130_fd_sc_hd__clkbuf_2)
     4    0.03                           net23 (net)
                  0.15    0.00    2.20 ^ fanout33/A (sky130_fd_sc_hd__clkbuf_2)
                  0.17    0.24    2.44 ^ fanout33/X (sky130_fd_sc_hd__clkbuf_2)
     5    0.03                           net33 (net)
                  0.17    0.00    2.44 ^ fanout30/A (sky130_fd_sc_hd__buf_2)
                  0.19    0.27    2.70 ^ fanout30/X (sky130_fd_sc_hd__buf_2)
     7    0.04                           net30 (net)
                  0.19    0.00    2.70 ^ _522_/RESET_B (sky130_fd_sc_hd__dfrtp_1)
                                  2.70   data arrival time

                         10.00   10.00   clock clk (rise edge)
                          0.00   10.00   clock source latency
                  0.12    0.08   10.08 ^ clk (in)
     1    0.03                           clk (net)
                  0.12    0.00   10.08 ^ clkbuf_0_clk/A (sky130_fd_sc_hd__clkbuf_16)
                  0.11    0.20   10.28 ^ clkbuf_0_clk/X (sky130_fd_sc_hd__clkbuf_16)
     8    0.09                           clknet_0_clk (net)
                  0.11    0.00   10.28 ^ clkbuf_3_1__f_clk/A (sky130_fd_sc_hd__clkbuf_16)
                  0.06    0.15   10.43 ^ clkbuf_3_1__f_clk/X (sky130_fd_sc_hd__clkbuf_16)
    10    0.03                           clknet_3_1__leaf_clk (net)
                  0.06    0.00   10.43 ^ _522_/CLK (sky130_fd_sc_hd__dfrtp_1)
                         -0.25   10.18   clock uncertainty
                          0.00   10.18   clock reconvergence pessimism
                          0.20   10.38   library recovery time
                                 10.38   data required time
-----------------------------------------------------------------------------
                                 10.38   data required time
                                 -2.70   data arrival time
-----------------------------------------------------------------------------
                                  7.67   slack (MET)


Startpoint: rst_n (input port clocked by clk)
Endpoint: _536_ (recovery check against rising-edge clock clk)
Path Group: asynchronous
Path Type: max

Fanout     Cap    Slew   Delay    Time   Description
-----------------------------------------------------------------------------
                          0.00    0.00   clock clk (rise edge)
                          0.00    0.00   clock network delay (propagated)
                          2.00    2.00 ^ input external delay
                  0.03    0.02    2.02 ^ rst_n (in)
     1    0.00                           rst_n (net)
                  0.03    0.00    2.02 ^ input23/A (sky130_fd_sc_hd__clkbuf_2)
                  0.15    0.18    2.20 ^ input23/X (sky130_fd_sc_hd__clkbuf_2)
     4    0.03                           net23 (net)
                  0.15    0.00    2.20 ^ fanout33/A (sky130_fd_sc_hd__clkbuf_2)
                  0.17    0.24    2.44 ^ fanout33/X (sky130_fd_sc_hd__clkbuf_2)
     5    0.03                           net33 (net)
                  0.17    0.00    2.44 ^ fanout30/A (sky130_fd_sc_hd__buf_2)
                  0.19    0.27    2.70 ^ fanout30/X (sky130_fd_sc_hd__buf_2)
     7    0.04                           net30 (net)
                  0.19    0.00    2.70 ^ _536_/RESET_B (sky130_fd_sc_hd__dfrtp_1)
                                  2.70   data arrival time

                         10.00   10.00   clock clk (rise edge)
                          0.00   10.00   clock source latency
                  0.12    0.08   10.08 ^ clk (in)
     1    0.03                           clk (net)
                  0.12    0.00   10.08 ^ clkbuf_0_clk/A (sky130_fd_sc_hd__clkbuf_16)
                  0.11    0.20   10.28 ^ clkbuf_0_clk/X (sky130_fd_sc_hd__clkbuf_16)
     8    0.09                           clknet_0_clk (net)
                  0.11    0.00   10.28 ^ clkbuf_3_1__f_clk/A (sky130_fd_sc_hd__clkbuf_16)
                  0.06    0.15   10.43 ^ clkbuf_3_1__f_clk/X (sky130_fd_sc_hd__clkbuf_16)
    10    0.03                           clknet_3_1__leaf_clk (net)
                  0.06    0.00   10.43 ^ _536_/CLK (sky130_fd_sc_hd__dfrtp_1)
                         -0.25   10.18   clock uncertainty
                          0.00   10.18   clock reconvergence pessimism
                          0.20   10.38   library recovery time
                                 10.38   data required time
-----------------------------------------------------------------------------
                                 10.38   data required time
                                 -2.70   data arrival time
-----------------------------------------------------------------------------
                                  7.68   slack (MET)


Startpoint: rst_n (input port clocked by clk)
Endpoint: _530_ (recovery check against rising-edge clock clk)
Path Group: asynchronous
Path Type: max

Fanout     Cap    Slew   Delay    Time   Description
-----------------------------------------------------------------------------
                          0.00    0.00   clock clk (rise edge)
                          0.00    0.00   clock network delay (propagated)
                          2.00    2.00 ^ input external delay
                  0.03    0.02    2.02 ^ rst_n (in)
     1    0.00                           rst_n (net)
                  0.03    0.00    2.02 ^ input23/A (sky130_fd_sc_hd__clkbuf_2)
                  0.15    0.18    2.20 ^ input23/X (sky130_fd_sc_hd__clkbuf_2)
     4    0.03                           net23 (net)
                  0.15    0.00    2.20 ^ fanout33/A (sky130_fd_sc_hd__clkbuf_2)
                  0.17    0.24    2.44 ^ fanout33/X (sky130_fd_sc_hd__clkbuf_2)
     5    0.03                           net33 (net)
                  0.17    0.00    2.44 ^ fanout30/A (sky130_fd_sc_hd__buf_2)
                  0.19    0.27    2.70 ^ fanout30/X (sky130_fd_sc_hd__buf_2)
     7    0.04                           net30 (net)
                  0.19    0.00    2.70 ^ _530_/RESET_B (sky130_fd_sc_hd__dfrtp_1)
                                  2.70   data arrival time

                         10.00   10.00   clock clk (rise edge)
                          0.00   10.00   clock source latency
                  0.12    0.08   10.08 ^ clk (in)
     1    0.03                           clk (net)
                  0.12    0.00   10.08 ^ clkbuf_0_clk/A (sky130_fd_sc_hd__clkbuf_16)
                  0.11    0.20   10.28 ^ clkbuf_0_clk/X (sky130_fd_sc_hd__clkbuf_16)
     8    0.09                           clknet_0_clk (net)
                  0.11    0.00   10.28 ^ clkbuf_3_1__f_clk/A (sky130_fd_sc_hd__clkbuf_16)
                  0.06    0.15   10.43 ^ clkbuf_3_1__f_clk/X (sky130_fd_sc_hd__clkbuf_16)
    10    0.03                           clknet_3_1__leaf_clk (net)
                  0.06    0.00   10.43 ^ _530_/CLK (sky130_fd_sc_hd__dfrtp_1)
                         -0.25   10.18   clock uncertainty
                          0.00   10.18   clock reconvergence pessimism
                          0.20   10.38   library recovery time
                                 10.38   data required time
-----------------------------------------------------------------------------
                                 10.38   data required time
                                 -2.70   data arrival time
-----------------------------------------------------------------------------
                                  7.68   slack (MET)


Startpoint: rst_n (input port clocked by clk)
Endpoint: _544_ (recovery check against rising-edge clock clk)
Path Group: asynchronous
Path Type: max

Fanout     Cap    Slew   Delay    Time   Description
-----------------------------------------------------------------------------
                          0.00    0.00   clock clk (rise edge)
                          0.00    0.00   clock network delay (propagated)
                          2.00    2.00 ^ input external delay
                  0.03    0.02    2.02 ^ rst_n (in)
     1    0.00                           rst_n (net)
                  0.03    0.00    2.02 ^ input23/A (sky130_fd_sc_hd__clkbuf_2)
                  0.15    0.18    2.20 ^ input23/X (sky130_fd_sc_hd__clkbuf_2)
     4    0.03                           net23 (net)
                  0.15    0.00    2.20 ^ fanout33/A (sky130_fd_sc_hd__clkbuf_2)
                  0.17    0.24    2.44 ^ fanout33/X (sky130_fd_sc_hd__clkbuf_2)
     5    0.03                           net33 (net)
                  0.17    0.00    2.44 ^ fanout30/A (sky130_fd_sc_hd__buf_2)
                  0.19    0.27    2.70 ^ fanout30/X (sky130_fd_sc_hd__buf_2)
     7    0.04                           net30 (net)
                  0.19    0.00    2.70 ^ _544_/RESET_B (sky130_fd_sc_hd__dfrtp_1)
                                  2.70   data arrival time

                         10.00   10.00   clock clk (rise edge)
                          0.00   10.00   clock source latency
                  0.12    0.08   10.08 ^ clk (in)
     1    0.03                           clk (net)
                  0.12    0.00   10.08 ^ clkbuf_0_clk/A (sky130_fd_sc_hd__clkbuf_16)
                  0.11    0.20   10.28 ^ clkbuf_0_clk/X (sky130_fd_sc_hd__clkbuf_16)
     8    0.09                           clknet_0_clk (net)
                  0.11    0.00   10.28 ^ clkbuf_3_1__f_clk/A (sky130_fd_sc_hd__clkbuf_16)
                  0.06    0.15   10.43 ^ clkbuf_3_1__f_clk/X (sky130_fd_sc_hd__clkbuf_16)
    10    0.03                           clknet_3_1__leaf_clk (net)
                  0.06    0.00   10.43 ^ _544_/CLK (sky130_fd_sc_hd__dfrtp_1)
                         -0.25   10.18   clock uncertainty
                          0.00   10.18   clock reconvergence pessimism
                          0.20   10.38   library recovery time
                                 10.38   data required time
-----------------------------------------------------------------------------
                                 10.38   data required time
                                 -2.70   data arrival time
-----------------------------------------------------------------------------
                                  7.68   slack (MET)


Startpoint: rst_n (input port clocked by clk)
Endpoint: _504_ (recovery check against rising-edge clock clk)
Path Group: asynchronous
Path Type: max

Fanout     Cap    Slew   Delay    Time   Description
-----------------------------------------------------------------------------
                          0.00    0.00   clock clk (rise edge)
                          0.00    0.00   clock network delay (propagated)
                          2.00    2.00 ^ input external delay
                  0.03    0.02    2.02 ^ rst_n (in)
     1    0.00                           rst_n (net)
                  0.03    0.00    2.02 ^ input23/A (sky130_fd_sc_hd__clkbuf_2)
                  0.15    0.18    2.20 ^ input23/X (sky130_fd_sc_hd__clkbuf_2)
     4    0.03                           net23 (net)
                  0.15    0.00    2.20 ^ fanout33/A (sky130_fd_sc_hd__clkbuf_2)
                  0.17    0.24    2.44 ^ fanout33/X (sky130_fd_sc_hd__clkbuf_2)
     5    0.03                           net33 (net)
                  0.17    0.00    2.44 ^ fanout30/A (sky130_fd_sc_hd__buf_2)
                  0.19    0.27    2.70 ^ fanout30/X (sky130_fd_sc_hd__buf_2)
     7    0.04                           net30 (net)
                  0.19    0.00    2.70 ^ _504_/RESET_B (sky130_fd_sc_hd__dfrtp_1)
                                  2.70   data arrival time

                         10.00   10.00   clock clk (rise edge)
                          0.00   10.00   clock source latency
                  0.12    0.08   10.08 ^ clk (in)
     1    0.03                           clk (net)
                  0.12    0.00   10.08 ^ clkbuf_0_clk/A (sky130_fd_sc_hd__clkbuf_16)
                  0.11    0.20   10.28 ^ clkbuf_0_clk/X (sky130_fd_sc_hd__clkbuf_16)
     8    0.09                           clknet_0_clk (net)
                  0.11    0.00   10.28 ^ clkbuf_3_1__f_clk/A (sky130_fd_sc_hd__clkbuf_16)
                  0.06    0.15   10.43 ^ clkbuf_3_1__f_clk/X (sky130_fd_sc_hd__clkbuf_16)
    10    0.03                           clknet_3_1__leaf_clk (net)
                  0.06    0.00   10.43 ^ _504_/CLK (sky130_fd_sc_hd__dfrtp_1)
                         -0.25   10.18   clock uncertainty
                          0.00   10.18   clock reconvergence pessimism
                          0.20   10.38   library recovery time
                                 10.38   data required time
-----------------------------------------------------------------------------
                                 10.38   data required time
                                 -2.70   data arrival time
-----------------------------------------------------------------------------
                                  7.68   slack (MET)


Startpoint: rst_n (input port clocked by clk)
Endpoint: _540_ (recovery check against rising-edge clock clk)
Path Group: asynchronous
Path Type: max

Fanout     Cap    Slew   Delay    Time   Description
-----------------------------------------------------------------------------
                          0.00    0.00   clock clk (rise edge)
                          0.00    0.00   clock network delay (propagated)
                          2.00    2.00 ^ input external delay
                  0.03    0.02    2.02 ^ rst_n (in)
     1    0.00                           rst_n (net)
                  0.03    0.00    2.02 ^ input23/A (sky130_fd_sc_hd__clkbuf_2)
                  0.15    0.18    2.20 ^ input23/X (sky130_fd_sc_hd__clkbuf_2)
     4    0.03                           net23 (net)
                  0.15    0.00    2.20 ^ fanout33/A (sky130_fd_sc_hd__clkbuf_2)
                  0.17    0.24    2.44 ^ fanout33/X (sky130_fd_sc_hd__clkbuf_2)
     5    0.03                           net33 (net)
                  0.17    0.00    2.44 ^ fanout29/A (sky130_fd_sc_hd__clkbuf_4)
                  0.15    0.27    2.71 ^ fanout29/X (sky130_fd_sc_hd__clkbuf_4)
    10    0.05                           net29 (net)
                  0.15    0.00    2.71 ^ _540_/RESET_B (sky130_fd_sc_hd__dfrtp_1)
                                  2.71   data arrival time

                         10.00   10.00   clock clk (rise edge)
                          0.00   10.00   clock source latency
                  0.12    0.08   10.08 ^ clk (in)
     1    0.03                           clk (net)
                  0.12    0.00   10.08 ^ clkbuf_0_clk/A (sky130_fd_sc_hd__clkbuf_16)
                  0.11    0.20   10.28 ^ clkbuf_0_clk/X (sky130_fd_sc_hd__clkbuf_16)
     8    0.09                           clknet_0_clk (net)
                  0.11    0.00   10.28 ^ clkbuf_3_1__f_clk/A (sky130_fd_sc_hd__clkbuf_16)
                  0.06    0.15   10.43 ^ clkbuf_3_1__f_clk/X (sky130_fd_sc_hd__clkbuf_16)
    10    0.03                           clknet_3_1__leaf_clk (net)
                  0.06    0.00   10.43 ^ _540_/CLK (sky130_fd_sc_hd__dfrtp_1)
                         -0.25   10.18   clock uncertainty
                          0.00   10.18   clock reconvergence pessimism
                          0.21   10.39   library recovery time
                                 10.39   data required time
-----------------------------------------------------------------------------
                                 10.39   data required time
                                 -2.71   data arrival time
-----------------------------------------------------------------------------
                                  7.68   slack (MET)


Startpoint: rst_n (input port clocked by clk)
Endpoint: _508_ (recovery check against rising-edge clock clk)
Path Group: asynchronous
Path Type: max

Fanout     Cap    Slew   Delay    Time   Description
-----------------------------------------------------------------------------
                          0.00    0.00   clock clk (rise edge)
                          0.00    0.00   clock network delay (propagated)
                          2.00    2.00 ^ input external delay
                  0.03    0.02    2.02 ^ rst_n (in)
     1    0.00                           rst_n (net)
                  0.03    0.00    2.02 ^ input23/A (sky130_fd_sc_hd__clkbuf_2)
                  0.15    0.18    2.20 ^ input23/X (sky130_fd_sc_hd__clkbuf_2)
     4    0.03                           net23 (net)
                  0.15    0.00    2.20 ^ fanout33/A (sky130_fd_sc_hd__clkbuf_2)
                  0.17    0.24    2.44 ^ fanout33/X (sky130_fd_sc_hd__clkbuf_2)
     5    0.03                           net33 (net)
                  0.17    0.00    2.44 ^ fanout29/A (sky130_fd_sc_hd__clkbuf_4)
                  0.15    0.27    2.71 ^ fanout29/X (sky130_fd_sc_hd__clkbuf_4)
    10    0.05                           net29 (net)
                  0.15    0.00    2.71 ^ _508_/RESET_B (sky130_fd_sc_hd__dfrtp_1)
                                  2.71   data arrival time

                         10.00   10.00   clock clk (rise edge)
                          0.00   10.00   clock source latency
                  0.12    0.08   10.08 ^ clk (in)
     1    0.03                           clk (net)
                  0.12    0.00   10.08 ^ clkbuf_0_clk/A (sky130_fd_sc_hd__clkbuf_16)
                  0.11    0.20   10.28 ^ clkbuf_0_clk/X (sky130_fd_sc_hd__clkbuf_16)
     8    0.09                           clknet_0_clk (net)
                  0.11    0.00   10.28 ^ clkbuf_3_1__f_clk/A (sky130_fd_sc_hd__clkbuf_16)
                  0.06    0.15   10.43 ^ clkbuf_3_1__f_clk/X (sky130_fd_sc_hd__clkbuf_16)
    10    0.03                           clknet_3_1__leaf_clk (net)
                  0.06    0.00   10.43 ^ _508_/CLK (sky130_fd_sc_hd__dfrtp_1)
                         -0.25   10.18   clock uncertainty
                          0.00   10.18   clock reconvergence pessimism
                          0.21   10.39   library recovery time
                                 10.39   data required time
-----------------------------------------------------------------------------
                                 10.39   data required time
                                 -2.71   data arrival time
-----------------------------------------------------------------------------
                                  7.68   slack (MET)


Startpoint: rst_n (input port clocked by clk)
Endpoint: _512_ (recovery check against rising-edge clock clk)
Path Group: asynchronous
Path Type: max

Fanout     Cap    Slew   Delay    Time   Description
-----------------------------------------------------------------------------
                          0.00    0.00   clock clk (rise edge)
                          0.00    0.00   clock network delay (propagated)
                          2.00    2.00 ^ input external delay
                  0.03    0.02    2.02 ^ rst_n (in)
     1    0.00                           rst_n (net)
                  0.03    0.00    2.02 ^ input23/A (sky130_fd_sc_hd__clkbuf_2)
                  0.15    0.18    2.20 ^ input23/X (sky130_fd_sc_hd__clkbuf_2)
     4    0.03                           net23 (net)
                  0.15    0.00    2.20 ^ fanout33/A (sky130_fd_sc_hd__clkbuf_2)
                  0.17    0.24    2.44 ^ fanout33/X (sky130_fd_sc_hd__clkbuf_2)
     5    0.03                           net33 (net)
                  0.17    0.00    2.44 ^ fanout29/A (sky130_fd_sc_hd__clkbuf_4)
                  0.15    0.27    2.71 ^ fanout29/X (sky130_fd_sc_hd__clkbuf_4)
    10    0.05                           net29 (net)
                  0.15    0.00    2.71 ^ _512_/RESET_B (sky130_fd_sc_hd__dfrtp_1)
                                  2.71   data arrival time

                         10.00   10.00   clock clk (rise edge)
                          0.00   10.00   clock source latency
                  0.12    0.08   10.08 ^ clk (in)
     1    0.03                           clk (net)
                  0.12    0.00   10.08 ^ clkbuf_0_clk/A (sky130_fd_sc_hd__clkbuf_16)
                  0.11    0.20   10.28 ^ clkbuf_0_clk/X (sky130_fd_sc_hd__clkbuf_16)
     8    0.09                           clknet_0_clk (net)
                  0.11    0.00   10.28 ^ clkbuf_3_1__f_clk/A (sky130_fd_sc_hd__clkbuf_16)
                  0.06    0.15   10.43 ^ clkbuf_3_1__f_clk/X (sky130_fd_sc_hd__clkbuf_16)
    10    0.03                           clknet_3_1__leaf_clk (net)
                  0.06    0.00   10.43 ^ _512_/CLK (sky130_fd_sc_hd__dfrtp_1)
                         -0.25   10.18   clock uncertainty
                          0.00   10.18   clock reconvergence pessimism
                          0.21   10.39   library recovery time
                                 10.39   data required time
-----------------------------------------------------------------------------
                                 10.39   data required time
                                 -2.71   data arrival time
-----------------------------------------------------------------------------
                                  7.68   slack (MET)


Startpoint: rst_n (input port clocked by clk)
Endpoint: _490_ (recovery check against rising-edge clock clk)
Path Group: asynchronous
Path Type: max

Fanout     Cap    Slew   Delay    Time   Description
-----------------------------------------------------------------------------
                          0.00    0.00   clock clk (rise edge)
                          0.00    0.00   clock network delay (propagated)
                          2.00    2.00 ^ input external delay
                  0.03    0.02    2.02 ^ rst_n (in)
     1    0.00                           rst_n (net)
                  0.03    0.00    2.02 ^ input23/A (sky130_fd_sc_hd__clkbuf_2)
                  0.15    0.18    2.20 ^ input23/X (sky130_fd_sc_hd__clkbuf_2)
     4    0.03                           net23 (net)
                  0.15    0.00    2.20 ^ fanout37/A (sky130_fd_sc_hd__clkbuf_4)
                  0.17    0.28    2.48 ^ fanout37/X (sky130_fd_sc_hd__clkbuf_4)
    10    0.06                           net37 (net)
                  0.17    0.00    2.48 ^ _490_/RESET_B (sky130_fd_sc_hd__dfrtp_4)
                                  2.48   data arrival time

                         10.00   10.00   clock clk (rise edge)
                          0.00   10.00   clock source latency
                  0.12    0.08   10.08 ^ clk (in)
     1    0.03                           clk (net)
                  0.12    0.00   10.08 ^ clkbuf_0_clk/A (sky130_fd_sc_hd__clkbuf_16)
                  0.11    0.20   10.28 ^ clkbuf_0_clk/X (sky130_fd_sc_hd__clkbuf_16)
     8    0.09                           clknet_0_clk (net)
                  0.11    0.00   10.28 ^ clkbuf_3_6__f_clk/A (sky130_fd_sc_hd__clkbuf_16)
                  0.05    0.15   10.43 ^ clkbuf_3_6__f_clk/X (sky130_fd_sc_hd__clkbuf_16)
     9    0.03                           clknet_3_6__leaf_clk (net)
                  0.05    0.00   10.43 ^ _490_/CLK (sky130_fd_sc_hd__dfrtp_4)
                         -0.25   10.18   clock uncertainty
                          0.00   10.18   clock reconvergence pessimism
                          0.18   10.36   library recovery time
                                 10.36   data required time
-----------------------------------------------------------------------------
                                 10.36   data required time
                                 -2.48   data arrival time
-----------------------------------------------------------------------------
                                  7.88   slack (MET)


Startpoint: rst_n (input port clocked by clk)
Endpoint: _491_ (recovery check against rising-edge clock clk)
Path Group: asynchronous
Path Type: max

Fanout     Cap    Slew   Delay    Time   Description
-----------------------------------------------------------------------------
                          0.00    0.00   clock clk (rise edge)
                          0.00    0.00   clock network delay (propagated)
                          2.00    2.00 ^ input external delay
                  0.03    0.02    2.02 ^ rst_n (in)
     1    0.00                           rst_n (net)
                  0.03    0.00    2.02 ^ input23/A (sky130_fd_sc_hd__clkbuf_2)
                  0.15    0.18    2.20 ^ input23/X (sky130_fd_sc_hd__clkbuf_2)
     4    0.03                           net23 (net)
                  0.15    0.00    2.20 ^ fanout37/A (sky130_fd_sc_hd__clkbuf_4)
                  0.17    0.28    2.48 ^ fanout37/X (sky130_fd_sc_hd__clkbuf_4)
    10    0.06                           net37 (net)
                  0.17    0.00    2.48 ^ _491_/RESET_B (sky130_fd_sc_hd__dfrtp_4)
                                  2.48   data arrival time

                         10.00   10.00   clock clk (rise edge)
                          0.00   10.00   clock source latency
                  0.12    0.08   10.08 ^ clk (in)
     1    0.03                           clk (net)
                  0.12    0.00   10.08 ^ clkbuf_0_clk/A (sky130_fd_sc_hd__clkbuf_16)
                  0.11    0.20   10.28 ^ clkbuf_0_clk/X (sky130_fd_sc_hd__clkbuf_16)
     8    0.09                           clknet_0_clk (net)
                  0.11    0.00   10.28 ^ clkbuf_3_6__f_clk/A (sky130_fd_sc_hd__clkbuf_16)
                  0.05    0.15   10.43 ^ clkbuf_3_6__f_clk/X (sky130_fd_sc_hd__clkbuf_16)
     9    0.03                           clknet_3_6__leaf_clk (net)
                  0.05    0.00   10.43 ^ _491_/CLK (sky130_fd_sc_hd__dfrtp_4)
                         -0.25   10.18   clock uncertainty
                          0.00   10.18   clock reconvergence pessimism
                          0.18   10.36   library recovery time
                                 10.36   data required time
-----------------------------------------------------------------------------
                                 10.36   data required time
                                 -2.48   data arrival time
-----------------------------------------------------------------------------
                                  7.88   slack (MET)


Startpoint: rst_n (input port clocked by clk)
Endpoint: _494_ (recovery check against rising-edge clock clk)
Path Group: asynchronous
Path Type: max

Fanout     Cap    Slew   Delay    Time   Description
-----------------------------------------------------------------------------
                          0.00    0.00   clock clk (rise edge)
                          0.00    0.00   clock network delay (propagated)
                          2.00    2.00 ^ input external delay
                  0.03    0.02    2.02 ^ rst_n (in)
     1    0.00                           rst_n (net)
                  0.03    0.00    2.02 ^ input23/A (sky130_fd_sc_hd__clkbuf_2)
                  0.15    0.18    2.20 ^ input23/X (sky130_fd_sc_hd__clkbuf_2)
     4    0.03                           net23 (net)
                  0.15    0.00    2.20 ^ fanout34/A (sky130_fd_sc_hd__clkbuf_4)
                  0.16    0.27    2.47 ^ fanout34/X (sky130_fd_sc_hd__clkbuf_4)
    10    0.05                           net34 (net)
                  0.16    0.00    2.47 ^ _494_/RESET_B (sky130_fd_sc_hd__dfrtp_4)
                                  2.47   data arrival time

                         10.00   10.00   clock clk (rise edge)
                          0.00   10.00   clock source latency
                  0.12    0.08   10.08 ^ clk (in)
     1    0.03                           clk (net)
                  0.12    0.00   10.08 ^ clkbuf_0_clk/A (sky130_fd_sc_hd__clkbuf_16)
                  0.11    0.20   10.28 ^ clkbuf_0_clk/X (sky130_fd_sc_hd__clkbuf_16)
     8    0.09                           clknet_0_clk (net)
                  0.11    0.00   10.28 ^ clkbuf_3_4__f_clk/A (sky130_fd_sc_hd__clkbuf_16)
                  0.05    0.15   10.43 ^ clkbuf_3_4__f_clk/X (sky130_fd_sc_hd__clkbuf_16)
     9    0.03                           clknet_3_4__leaf_clk (net)
                  0.05    0.00   10.43 ^ _494_/CLK (sky130_fd_sc_hd__dfrtp_4)
                         -0.25   10.18   clock uncertainty
                          0.00   10.18   clock reconvergence pessimism
                          0.18   10.36   library recovery time
                                 10.36   data required time
-----------------------------------------------------------------------------
                                 10.36   data required time
                                 -2.47   data arrival time
-----------------------------------------------------------------------------
                                  7.89   slack (MET)


Startpoint: rst_n (input port clocked by clk)
Endpoint: _488_ (recovery check against rising-edge clock clk)
Path Group: asynchronous
Path Type: max

Fanout     Cap    Slew   Delay    Time   Description
-----------------------------------------------------------------------------
                          0.00    0.00   clock clk (rise edge)
                          0.00    0.00   clock network delay (propagated)
                          2.00    2.00 ^ input external delay
                  0.03    0.02    2.02 ^ rst_n (in)
     1    0.00                           rst_n (net)
                  0.03    0.00    2.02 ^ input23/A (sky130_fd_sc_hd__clkbuf_2)
                  0.15    0.18    2.20 ^ input23/X (sky130_fd_sc_hd__clkbuf_2)
     4    0.03                           net23 (net)
                  0.15    0.00    2.20 ^ fanout34/A (sky130_fd_sc_hd__clkbuf_4)
                  0.16    0.27    2.47 ^ fanout34/X (sky130_fd_sc_hd__clkbuf_4)
    10    0.05                           net34 (net)
                  0.16    0.00    2.47 ^ _488_/RESET_B (sky130_fd_sc_hd__dfrtp_4)
                                  2.47   data arrival time

                         10.00   10.00   clock clk (rise edge)
                          0.00   10.00   clock source latency
                  0.12    0.08   10.08 ^ clk (in)
     1    0.03                           clk (net)
                  0.12    0.00   10.08 ^ clkbuf_0_clk/A (sky130_fd_sc_hd__clkbuf_16)
                  0.11    0.20   10.28 ^ clkbuf_0_clk/X (sky130_fd_sc_hd__clkbuf_16)
     8    0.09                           clknet_0_clk (net)
                  0.11    0.00   10.28 ^ clkbuf_3_5__f_clk/A (sky130_fd_sc_hd__clkbuf_16)
                  0.05    0.15   10.43 ^ clkbuf_3_5__f_clk/X (sky130_fd_sc_hd__clkbuf_16)
    10    0.03                           clknet_3_5__leaf_clk (net)
                  0.05    0.00   10.43 ^ _488_/CLK (sky130_fd_sc_hd__dfrtp_4)
                         -0.25   10.18   clock uncertainty
                          0.00   10.18   clock reconvergence pessimism
                          0.18   10.36   library recovery time
                                 10.36   data required time
-----------------------------------------------------------------------------
                                 10.36   data required time
                                 -2.47   data arrival time
-----------------------------------------------------------------------------
                                  7.89   slack (MET)


Startpoint: rst_n (input port clocked by clk)
Endpoint: _513_ (recovery check against rising-edge clock clk)
Path Group: asynchronous
Path Type: max

Fanout     Cap    Slew   Delay    Time   Description
-----------------------------------------------------------------------------
                          0.00    0.00   clock clk (rise edge)
                          0.00    0.00   clock network delay (propagated)
                          2.00    2.00 ^ input external delay
                  0.03    0.02    2.02 ^ rst_n (in)
     1    0.00                           rst_n (net)
                  0.03    0.00    2.02 ^ input23/A (sky130_fd_sc_hd__clkbuf_2)
                  0.15    0.18    2.20 ^ input23/X (sky130_fd_sc_hd__clkbuf_2)
     4    0.03                           net23 (net)
                  0.15    0.00    2.20 ^ fanout37/A (sky130_fd_sc_hd__clkbuf_4)
                  0.17    0.28    2.48 ^ fanout37/X (sky130_fd_sc_hd__clkbuf_4)
    10    0.06                           net37 (net)
                  0.17    0.00    2.48 ^ _513_/RESET_B (sky130_fd_sc_hd__dfrtp_1)
                                  2.48   data arrival time

                         10.00   10.00   clock clk (rise edge)
                          0.00   10.00   clock source latency
                  0.12    0.08   10.08 ^ clk (in)
     1    0.03                           clk (net)
                  0.12    0.00   10.08 ^ clkbuf_0_clk/A (sky130_fd_sc_hd__clkbuf_16)
                  0.11    0.20   10.28 ^ clkbuf_0_clk/X (sky130_fd_sc_hd__clkbuf_16)
     8    0.09                           clknet_0_clk (net)
                  0.11    0.00   10.28 ^ clkbuf_3_6__f_clk/A (sky130_fd_sc_hd__clkbuf_16)
                  0.05    0.15   10.43 ^ clkbuf_3_6__f_clk/X (sky130_fd_sc_hd__clkbuf_16)
     9    0.03                           clknet_3_6__leaf_clk (net)
                  0.05    0.00   10.43 ^ _513_/CLK (sky130_fd_sc_hd__dfrtp_1)
                         -0.25   10.18   clock uncertainty
                          0.00   10.18   clock reconvergence pessimism
                          0.20   10.38   library recovery time
                                 10.38   data required time
-----------------------------------------------------------------------------
                                 10.38   data required time
                                 -2.48   data arrival time
-----------------------------------------------------------------------------
                                  7.90   slack (MET)


Startpoint: rst_n (input port clocked by clk)
Endpoint: _545_ (recovery check against rising-edge clock clk)
Path Group: asynchronous
Path Type: max

Fanout     Cap    Slew   Delay    Time   Description
-----------------------------------------------------------------------------
                          0.00    0.00   clock clk (rise edge)
                          0.00    0.00   clock network delay (propagated)
                          2.00    2.00 ^ input external delay
                  0.03    0.02    2.02 ^ rst_n (in)
     1    0.00                           rst_n (net)
                  0.03    0.00    2.02 ^ input23/A (sky130_fd_sc_hd__clkbuf_2)
                  0.15    0.18    2.20 ^ input23/X (sky130_fd_sc_hd__clkbuf_2)
     4    0.03                           net23 (net)
                  0.15    0.00    2.20 ^ fanout37/A (sky130_fd_sc_hd__clkbuf_4)
                  0.17    0.28    2.48 ^ fanout37/X (sky130_fd_sc_hd__clkbuf_4)
    10    0.06                           net37 (net)
                  0.17    0.00    2.48 ^ _545_/RESET_B (sky130_fd_sc_hd__dfrtp_1)
                                  2.48   data arrival time

                         10.00   10.00   clock clk (rise edge)
                          0.00   10.00   clock source latency
                  0.12    0.08   10.08 ^ clk (in)
     1    0.03                           clk (net)
                  0.12    0.00   10.08 ^ clkbuf_0_clk/A (sky130_fd_sc_hd__clkbuf_16)
                  0.11    0.20   10.28 ^ clkbuf_0_clk/X (sky130_fd_sc_hd__clkbuf_16)
     8    0.09                           clknet_0_clk (net)
                  0.11    0.00   10.28 ^ clkbuf_3_6__f_clk/A (sky130_fd_sc_hd__clkbuf_16)
                  0.05    0.15   10.43 ^ clkbuf_3_6__f_clk/X (sky130_fd_sc_hd__clkbuf_16)
     9    0.03                           clknet_3_6__leaf_clk (net)
                  0.05    0.00   10.43 ^ _545_/CLK (sky130_fd_sc_hd__dfrtp_1)
                         -0.25   10.18   clock uncertainty
                          0.00   10.18   clock reconvergence pessimism
                          0.20   10.38   library recovery time
                                 10.38   data required time
-----------------------------------------------------------------------------
                                 10.38   data required time
                                 -2.48   data arrival time
-----------------------------------------------------------------------------
                                  7.90   slack (MET)


Startpoint: rst_n (input port clocked by clk)
Endpoint: _553_ (recovery check against rising-edge clock clk)
Path Group: asynchronous
Path Type: max

Fanout     Cap    Slew   Delay    Time   Description
-----------------------------------------------------------------------------
                          0.00    0.00   clock clk (rise edge)
                          0.00    0.00   clock network delay (propagated)
                          2.00    2.00 ^ input external delay
                  0.03    0.02    2.02 ^ rst_n (in)
     1    0.00                           rst_n (net)
                  0.03    0.00    2.02 ^ input23/A (sky130_fd_sc_hd__clkbuf_2)
                  0.15    0.18    2.20 ^ input23/X (sky130_fd_sc_hd__clkbuf_2)
     4    0.03                           net23 (net)
                  0.15    0.00    2.20 ^ fanout37/A (sky130_fd_sc_hd__clkbuf_4)
                  0.17    0.28    2.48 ^ fanout37/X (sky130_fd_sc_hd__clkbuf_4)
    10    0.06                           net37 (net)
                  0.17    0.00    2.48 ^ _553_/RESET_B (sky130_fd_sc_hd__dfrtp_1)
                                  2.48   data arrival time

                         10.00   10.00   clock clk (rise edge)
                          0.00   10.00   clock source latency
                  0.12    0.08   10.08 ^ clk (in)
     1    0.03                           clk (net)
                  0.12    0.00   10.08 ^ clkbuf_0_clk/A (sky130_fd_sc_hd__clkbuf_16)
                  0.11    0.20   10.28 ^ clkbuf_0_clk/X (sky130_fd_sc_hd__clkbuf_16)
     8    0.09                           clknet_0_clk (net)
                  0.11    0.00   10.28 ^ clkbuf_3_6__f_clk/A (sky130_fd_sc_hd__clkbuf_16)
                  0.05    0.15   10.43 ^ clkbuf_3_6__f_clk/X (sky130_fd_sc_hd__clkbuf_16)
     9    0.03                           clknet_3_6__leaf_clk (net)
                  0.05    0.00   10.43 ^ _553_/CLK (sky130_fd_sc_hd__dfrtp_1)
                         -0.25   10.18   clock uncertainty
                          0.00   10.18   clock reconvergence pessimism
                          0.20   10.38   library recovery time
                                 10.38   data required time
-----------------------------------------------------------------------------
                                 10.38   data required time
                                 -2.48   data arrival time
-----------------------------------------------------------------------------
                                  7.90   slack (MET)


Startpoint: rst_n (input port clocked by clk)
Endpoint: _542_ (recovery check against rising-edge clock clk)
Path Group: asynchronous
Path Type: max

Fanout     Cap    Slew   Delay    Time   Description
-----------------------------------------------------------------------------
                          0.00    0.00   clock clk (rise edge)
                          0.00    0.00   clock network delay (propagated)
                          2.00    2.00 ^ input external delay
                  0.03    0.02    2.02 ^ rst_n (in)
     1    0.00                           rst_n (net)
                  0.03    0.00    2.02 ^ input23/A (sky130_fd_sc_hd__clkbuf_2)
                  0.15    0.18    2.20 ^ input23/X (sky130_fd_sc_hd__clkbuf_2)
     4    0.03                           net23 (net)
                  0.15    0.00    2.20 ^ fanout37/A (sky130_fd_sc_hd__clkbuf_4)
                  0.17    0.28    2.48 ^ fanout37/X (sky130_fd_sc_hd__clkbuf_4)
    10    0.06                           net37 (net)
                  0.17    0.00    2.48 ^ _542_/RESET_B (sky130_fd_sc_hd__dfrtp_1)
                                  2.48   data arrival time

                         10.00   10.00   clock clk (rise edge)
                          0.00   10.00   clock source latency
                  0.12    0.08   10.08 ^ clk (in)
     1    0.03                           clk (net)
                  0.12    0.00   10.08 ^ clkbuf_0_clk/A (sky130_fd_sc_hd__clkbuf_16)
                  0.11    0.20   10.28 ^ clkbuf_0_clk/X (sky130_fd_sc_hd__clkbuf_16)
     8    0.09                           clknet_0_clk (net)
                  0.11    0.00   10.28 ^ clkbuf_3_6__f_clk/A (sky130_fd_sc_hd__clkbuf_16)
                  0.05    0.15   10.43 ^ clkbuf_3_6__f_clk/X (sky130_fd_sc_hd__clkbuf_16)
     9    0.03                           clknet_3_6__leaf_clk (net)
                  0.05    0.00   10.43 ^ _542_/CLK (sky130_fd_sc_hd__dfrtp_1)
                         -0.25   10.18   clock uncertainty
                          0.00   10.18   clock reconvergence pessimism
                          0.20   10.38   library recovery time
                                 10.38   data required time
-----------------------------------------------------------------------------
                                 10.38   data required time
                                 -2.48   data arrival time
-----------------------------------------------------------------------------
                                  7.90   slack (MET)


Startpoint: rst_n (input port clocked by clk)
Endpoint: _534_ (recovery check against rising-edge clock clk)
Path Group: asynchronous
Path Type: max

Fanout     Cap    Slew   Delay    Time   Description
-----------------------------------------------------------------------------
                          0.00    0.00   clock clk (rise edge)
                          0.00    0.00   clock network delay (propagated)
                          2.00    2.00 ^ input external delay
                  0.03    0.02    2.02 ^ rst_n (in)
     1    0.00                           rst_n (net)
                  0.03    0.00    2.02 ^ input23/A (sky130_fd_sc_hd__clkbuf_2)
                  0.15    0.18    2.20 ^ input23/X (sky130_fd_sc_hd__clkbuf_2)
     4    0.03                           net23 (net)
                  0.15    0.00    2.20 ^ fanout37/A (sky130_fd_sc_hd__clkbuf_4)
                  0.17    0.28    2.48 ^ fanout37/X (sky130_fd_sc_hd__clkbuf_4)
    10    0.06                           net37 (net)
                  0.17    0.00    2.48 ^ _534_/RESET_B (sky130_fd_sc_hd__dfrtp_1)
                                  2.48   data arrival time

                         10.00   10.00   clock clk (rise edge)
                          0.00   10.00   clock source latency
                  0.12    0.08   10.08 ^ clk (in)
     1    0.03                           clk (net)
                  0.12    0.00   10.08 ^ clkbuf_0_clk/A (sky130_fd_sc_hd__clkbuf_16)
                  0.11    0.20   10.28 ^ clkbuf_0_clk/X (sky130_fd_sc_hd__clkbuf_16)
     8    0.09                           clknet_0_clk (net)
                  0.11    0.00   10.28 ^ clkbuf_3_6__f_clk/A (sky130_fd_sc_hd__clkbuf_16)
                  0.05    0.15   10.43 ^ clkbuf_3_6__f_clk/X (sky130_fd_sc_hd__clkbuf_16)
     9    0.03                           clknet_3_6__leaf_clk (net)
                  0.05    0.00   10.43 ^ _534_/CLK (sky130_fd_sc_hd__dfrtp_1)
                         -0.25   10.18   clock uncertainty
                          0.00   10.18   clock reconvergence pessimism
                          0.20   10.38   library recovery time
                                 10.38   data required time
-----------------------------------------------------------------------------
                                 10.38   data required time
                                 -2.48   data arrival time
-----------------------------------------------------------------------------
                                  7.90   slack (MET)


Startpoint: rst_n (input port clocked by clk)
Endpoint: _502_ (recovery check against rising-edge clock clk)
Path Group: asynchronous
Path Type: max

Fanout     Cap    Slew   Delay    Time   Description
-----------------------------------------------------------------------------
                          0.00    0.00   clock clk (rise edge)
                          0.00    0.00   clock network delay (propagated)
                          2.00    2.00 ^ input external delay
                  0.03    0.02    2.02 ^ rst_n (in)
     1    0.00                           rst_n (net)
                  0.03    0.00    2.02 ^ input23/A (sky130_fd_sc_hd__clkbuf_2)
                  0.15    0.18    2.20 ^ input23/X (sky130_fd_sc_hd__clkbuf_2)
     4    0.03                           net23 (net)
                  0.15    0.00    2.20 ^ fanout37/A (sky130_fd_sc_hd__clkbuf_4)
                  0.17    0.28    2.48 ^ fanout37/X (sky130_fd_sc_hd__clkbuf_4)
    10    0.06                           net37 (net)
                  0.17    0.00    2.48 ^ _502_/RESET_B (sky130_fd_sc_hd__dfrtp_1)
                                  2.48   data arrival time

                         10.00   10.00   clock clk (rise edge)
                          0.00   10.00   clock source latency
                  0.12    0.08   10.08 ^ clk (in)
     1    0.03                           clk (net)
                  0.12    0.00   10.08 ^ clkbuf_0_clk/A (sky130_fd_sc_hd__clkbuf_16)
                  0.11    0.20   10.28 ^ clkbuf_0_clk/X (sky130_fd_sc_hd__clkbuf_16)
     8    0.09                           clknet_0_clk (net)
                  0.11    0.00   10.28 ^ clkbuf_3_6__f_clk/A (sky130_fd_sc_hd__clkbuf_16)
                  0.05    0.15   10.43 ^ clkbuf_3_6__f_clk/X (sky130_fd_sc_hd__clkbuf_16)
     9    0.03                           clknet_3_6__leaf_clk (net)
                  0.05    0.00   10.43 ^ _502_/CLK (sky130_fd_sc_hd__dfrtp_1)
                         -0.25   10.18   clock uncertainty
                          0.00   10.18   clock reconvergence pessimism
                          0.20   10.38   library recovery time
                                 10.38   data required time
-----------------------------------------------------------------------------
                                 10.38   data required time
                                 -2.48   data arrival time
-----------------------------------------------------------------------------
                                  7.90   slack (MET)


Startpoint: rst_n (input port clocked by clk)
Endpoint: _558_ (recovery check against rising-edge clock clk)
Path Group: asynchronous
Path Type: max

Fanout     Cap    Slew   Delay    Time   Description
-----------------------------------------------------------------------------
                          0.00    0.00   clock clk (rise edge)
                          0.00    0.00   clock network delay (propagated)
                          2.00    2.00 ^ input external delay
                  0.03    0.02    2.02 ^ rst_n (in)
     1    0.00                           rst_n (net)
                  0.03    0.00    2.02 ^ input23/A (sky130_fd_sc_hd__clkbuf_2)
                  0.15    0.18    2.20 ^ input23/X (sky130_fd_sc_hd__clkbuf_2)
     4    0.03                           net23 (net)
                  0.15    0.00    2.20 ^ fanout37/A (sky130_fd_sc_hd__clkbuf_4)
                  0.17    0.28    2.48 ^ fanout37/X (sky130_fd_sc_hd__clkbuf_4)
    10    0.06                           net37 (net)
                  0.17    0.00    2.48 ^ _558_/RESET_B (sky130_fd_sc_hd__dfrtp_1)
                                  2.48   data arrival time

                         10.00   10.00   clock clk (rise edge)
                          0.00   10.00   clock source latency
                  0.12    0.08   10.08 ^ clk (in)
     1    0.03                           clk (net)
                  0.12    0.00   10.08 ^ clkbuf_0_clk/A (sky130_fd_sc_hd__clkbuf_16)
                  0.11    0.20   10.28 ^ clkbuf_0_clk/X (sky130_fd_sc_hd__clkbuf_16)
     8    0.09                           clknet_0_clk (net)
                  0.11    0.00   10.28 ^ clkbuf_3_7__f_clk/A (sky130_fd_sc_hd__clkbuf_16)
                  0.06    0.15   10.43 ^ clkbuf_3_7__f_clk/X (sky130_fd_sc_hd__clkbuf_16)
    11    0.04                           clknet_3_7__leaf_clk (net)
                  0.06    0.00   10.43 ^ _558_/CLK (sky130_fd_sc_hd__dfrtp_1)
                         -0.25   10.18   clock uncertainty
                          0.00   10.18   clock reconvergence pessimism
                          0.20   10.38   library recovery time
                                 10.38   data required time
-----------------------------------------------------------------------------
                                 10.38   data required time
                                 -2.48   data arrival time
-----------------------------------------------------------------------------
                                  7.90   slack (MET)


Startpoint: rst_n (input port clocked by clk)
Endpoint: _489_ (recovery check against rising-edge clock clk)
Path Group: asynchronous
Path Type: max

Fanout     Cap    Slew   Delay    Time   Description
-----------------------------------------------------------------------------
                          0.00    0.00   clock clk (rise edge)
                          0.00    0.00   clock network delay (propagated)
                          2.00    2.00 ^ input external delay
                  0.03    0.02    2.02 ^ rst_n (in)
     1    0.00                           rst_n (net)
                  0.03    0.00    2.02 ^ input23/A (sky130_fd_sc_hd__clkbuf_2)
                  0.15    0.18    2.20 ^ input23/X (sky130_fd_sc_hd__clkbuf_2)
     4    0.03                           net23 (net)
                  0.15    0.00    2.20 ^ fanout35/A (sky130_fd_sc_hd__clkbuf_4)
                  0.15    0.26    2.46 ^ fanout35/X (sky130_fd_sc_hd__clkbuf_4)
     9    0.05                           net35 (net)
                  0.15    0.00    2.46 ^ _489_/RESET_B (sky130_fd_sc_hd__dfrtp_4)
                                  2.46   data arrival time

                         10.00   10.00   clock clk (rise edge)
                          0.00   10.00   clock source latency
                  0.12    0.08   10.08 ^ clk (in)
     1    0.03                           clk (net)
                  0.12    0.00   10.08 ^ clkbuf_0_clk/A (sky130_fd_sc_hd__clkbuf_16)
                  0.11    0.20   10.28 ^ clkbuf_0_clk/X (sky130_fd_sc_hd__clkbuf_16)
     8    0.09                           clknet_0_clk (net)
                  0.11    0.00   10.28 ^ clkbuf_3_5__f_clk/A (sky130_fd_sc_hd__clkbuf_16)
                  0.05    0.15   10.43 ^ clkbuf_3_5__f_clk/X (sky130_fd_sc_hd__clkbuf_16)
    10    0.03                           clknet_3_5__leaf_clk (net)
                  0.05    0.00   10.43 ^ _489_/CLK (sky130_fd_sc_hd__dfrtp_4)
                         -0.25   10.18   clock uncertainty
                          0.00   10.18   clock reconvergence pessimism
                          0.19   10.37   library recovery time
                                 10.37   data required time
-----------------------------------------------------------------------------
                                 10.37   data required time
                                 -2.46   data arrival time
-----------------------------------------------------------------------------
                                  7.91   slack (MET)


Startpoint: rst_n (input port clocked by clk)
Endpoint: _538_ (recovery check against rising-edge clock clk)
Path Group: asynchronous
Path Type: max

Fanout     Cap    Slew   Delay    Time   Description
-----------------------------------------------------------------------------
                          0.00    0.00   clock clk (rise edge)
                          0.00    0.00   clock network delay (propagated)
                          2.00    2.00 ^ input external delay
                  0.03    0.02    2.02 ^ rst_n (in)
     1    0.00                           rst_n (net)
                  0.03    0.00    2.02 ^ input23/A (sky130_fd_sc_hd__clkbuf_2)
                  0.15    0.18    2.20 ^ input23/X (sky130_fd_sc_hd__clkbuf_2)
     4    0.03                           net23 (net)
                  0.15    0.00    2.20 ^ fanout34/A (sky130_fd_sc_hd__clkbuf_4)
                  0.16    0.27    2.47 ^ fanout34/X (sky130_fd_sc_hd__clkbuf_4)
    10    0.05                           net34 (net)
                  0.16    0.00    2.47 ^ _538_/RESET_B (sky130_fd_sc_hd__dfrtp_1)
                                  2.47   data arrival time

                         10.00   10.00   clock clk (rise edge)
                          0.00   10.00   clock source latency
                  0.12    0.08   10.08 ^ clk (in)
     1    0.03                           clk (net)
                  0.12    0.00   10.08 ^ clkbuf_0_clk/A (sky130_fd_sc_hd__clkbuf_16)
                  0.11    0.20   10.28 ^ clkbuf_0_clk/X (sky130_fd_sc_hd__clkbuf_16)
     8    0.09                           clknet_0_clk (net)
                  0.11    0.00   10.28 ^ clkbuf_3_4__f_clk/A (sky130_fd_sc_hd__clkbuf_16)
                  0.05    0.15   10.43 ^ clkbuf_3_4__f_clk/X (sky130_fd_sc_hd__clkbuf_16)
     9    0.03                           clknet_3_4__leaf_clk (net)
                  0.05    0.00   10.43 ^ _538_/CLK (sky130_fd_sc_hd__dfrtp_1)
                         -0.25   10.18   clock uncertainty
                          0.00   10.18   clock reconvergence pessimism
                          0.20   10.38   library recovery time
                                 10.38   data required time
-----------------------------------------------------------------------------
                                 10.38   data required time
                                 -2.47   data arrival time
-----------------------------------------------------------------------------
                                  7.91   slack (MET)


Startpoint: rst_n (input port clocked by clk)
Endpoint: _514_ (recovery check against rising-edge clock clk)
Path Group: asynchronous
Path Type: max

Fanout     Cap    Slew   Delay    Time   Description
-----------------------------------------------------------------------------
                          0.00    0.00   clock clk (rise edge)
                          0.00    0.00   clock network delay (propagated)
                          2.00    2.00 ^ input external delay
                  0.03    0.02    2.02 ^ rst_n (in)
     1    0.00                           rst_n (net)
                  0.03    0.00    2.02 ^ input23/A (sky130_fd_sc_hd__clkbuf_2)
                  0.15    0.18    2.20 ^ input23/X (sky130_fd_sc_hd__clkbuf_2)
     4    0.03                           net23 (net)
                  0.15    0.00    2.20 ^ fanout34/A (sky130_fd_sc_hd__clkbuf_4)
                  0.16    0.27    2.47 ^ fanout34/X (sky130_fd_sc_hd__clkbuf_4)
    10    0.05                           net34 (net)
                  0.16    0.00    2.47 ^ _514_/RESET_B (sky130_fd_sc_hd__dfrtp_1)
                                  2.47   data arrival time

                         10.00   10.00   clock clk (rise edge)
                          0.00   10.00   clock source latency
                  0.12    0.08   10.08 ^ clk (in)
     1    0.03                           clk (net)
                  0.12    0.00   10.08 ^ clkbuf_0_clk/A (sky130_fd_sc_hd__clkbuf_16)
                  0.11    0.20   10.28 ^ clkbuf_0_clk/X (sky130_fd_sc_hd__clkbuf_16)
     8    0.09                           clknet_0_clk (net)
                  0.11    0.00   10.28 ^ clkbuf_3_4__f_clk/A (sky130_fd_sc_hd__clkbuf_16)
                  0.05    0.15   10.43 ^ clkbuf_3_4__f_clk/X (sky130_fd_sc_hd__clkbuf_16)
     9    0.03                           clknet_3_4__leaf_clk (net)
                  0.05    0.00   10.43 ^ _514_/CLK (sky130_fd_sc_hd__dfrtp_1)
                         -0.25   10.18   clock uncertainty
                          0.00   10.18   clock reconvergence pessimism
                          0.20   10.38   library recovery time
                                 10.38   data required time
-----------------------------------------------------------------------------
                                 10.38   data required time
                                 -2.47   data arrival time
-----------------------------------------------------------------------------
                                  7.91   slack (MET)


Startpoint: rst_n (input port clocked by clk)
Endpoint: _554_ (recovery check against rising-edge clock clk)
Path Group: asynchronous
Path Type: max

Fanout     Cap    Slew   Delay    Time   Description
-----------------------------------------------------------------------------
                          0.00    0.00   clock clk (rise edge)
                          0.00    0.00   clock network delay (propagated)
                          2.00    2.00 ^ input external delay
                  0.03    0.02    2.02 ^ rst_n (in)
     1    0.00                           rst_n (net)
                  0.03    0.00    2.02 ^ input23/A (sky130_fd_sc_hd__clkbuf_2)
                  0.15    0.18    2.20 ^ input23/X (sky130_fd_sc_hd__clkbuf_2)
     4    0.03                           net23 (net)
                  0.15    0.00    2.20 ^ fanout34/A (sky130_fd_sc_hd__clkbuf_4)
                  0.16    0.27    2.47 ^ fanout34/X (sky130_fd_sc_hd__clkbuf_4)
    10    0.05                           net34 (net)
                  0.16    0.00    2.47 ^ _554_/RESET_B (sky130_fd_sc_hd__dfrtp_1)
                                  2.47   data arrival time

                         10.00   10.00   clock clk (rise edge)
                          0.00   10.00   clock source latency
                  0.12    0.08   10.08 ^ clk (in)
     1    0.03                           clk (net)
                  0.12    0.00   10.08 ^ clkbuf_0_clk/A (sky130_fd_sc_hd__clkbuf_16)
                  0.11    0.20   10.28 ^ clkbuf_0_clk/X (sky130_fd_sc_hd__clkbuf_16)
     8    0.09                           clknet_0_clk (net)
                  0.11    0.00   10.28 ^ clkbuf_3_4__f_clk/A (sky130_fd_sc_hd__clkbuf_16)
                  0.05    0.15   10.43 ^ clkbuf_3_4__f_clk/X (sky130_fd_sc_hd__clkbuf_16)
     9    0.03                           clknet_3_4__leaf_clk (net)
                  0.05    0.00   10.43 ^ _554_/CLK (sky130_fd_sc_hd__dfrtp_1)
                         -0.25   10.18   clock uncertainty
                          0.00   10.18   clock reconvergence pessimism
                          0.20   10.38   library recovery time
                                 10.38   data required time
-----------------------------------------------------------------------------
                                 10.38   data required time
                                 -2.47   data arrival time
-----------------------------------------------------------------------------
                                  7.91   slack (MET)


Startpoint: rst_n (input port clocked by clk)
Endpoint: _562_ (recovery check against rising-edge clock clk)
Path Group: asynchronous
Path Type: max

Fanout     Cap    Slew   Delay    Time   Description
-----------------------------------------------------------------------------
                          0.00    0.00   clock clk (rise edge)
                          0.00    0.00   clock network delay (propagated)
                          2.00    2.00 ^ input external delay
                  0.03    0.02    2.02 ^ rst_n (in)
     1    0.00                           rst_n (net)
                  0.03    0.00    2.02 ^ input23/A (sky130_fd_sc_hd__clkbuf_2)
                  0.15    0.18    2.20 ^ input23/X (sky130_fd_sc_hd__clkbuf_2)
     4    0.03                           net23 (net)
                  0.15    0.00    2.20 ^ fanout34/A (sky130_fd_sc_hd__clkbuf_4)
                  0.16    0.27    2.47 ^ fanout34/X (sky130_fd_sc_hd__clkbuf_4)
    10    0.05                           net34 (net)
                  0.16    0.00    2.47 ^ _562_/RESET_B (sky130_fd_sc_hd__dfrtp_1)
                                  2.47   data arrival time

                         10.00   10.00   clock clk (rise edge)
                          0.00   10.00   clock source latency
                  0.12    0.08   10.08 ^ clk (in)
     1    0.03                           clk (net)
                  0.12    0.00   10.08 ^ clkbuf_0_clk/A (sky130_fd_sc_hd__clkbuf_16)
                  0.11    0.20   10.28 ^ clkbuf_0_clk/X (sky130_fd_sc_hd__clkbuf_16)
     8    0.09                           clknet_0_clk (net)
                  0.11    0.00   10.28 ^ clkbuf_3_4__f_clk/A (sky130_fd_sc_hd__clkbuf_16)
                  0.05    0.15   10.43 ^ clkbuf_3_4__f_clk/X (sky130_fd_sc_hd__clkbuf_16)
     9    0.03                           clknet_3_4__leaf_clk (net)
                  0.05    0.00   10.43 ^ _562_/CLK (sky130_fd_sc_hd__dfrtp_1)
                         -0.25   10.18   clock uncertainty
                          0.00   10.18   clock reconvergence pessimism
                          0.20   10.38   library recovery time
                                 10.38   data required time
-----------------------------------------------------------------------------
                                 10.38   data required time
                                 -2.47   data arrival time
-----------------------------------------------------------------------------
                                  7.91   slack (MET)


Startpoint: rst_n (input port clocked by clk)
Endpoint: _546_ (recovery check against rising-edge clock clk)
Path Group: asynchronous
Path Type: max

Fanout     Cap    Slew   Delay    Time   Description
-----------------------------------------------------------------------------
                          0.00    0.00   clock clk (rise edge)
                          0.00    0.00   clock network delay (propagated)
                          2.00    2.00 ^ input external delay
                  0.03    0.02    2.02 ^ rst_n (in)
     1    0.00                           rst_n (net)
                  0.03    0.00    2.02 ^ input23/A (sky130_fd_sc_hd__clkbuf_2)
                  0.15    0.18    2.20 ^ input23/X (sky130_fd_sc_hd__clkbuf_2)
     4    0.03                           net23 (net)
                  0.15    0.00    2.20 ^ fanout34/A (sky130_fd_sc_hd__clkbuf_4)
                  0.16    0.27    2.47 ^ fanout34/X (sky130_fd_sc_hd__clkbuf_4)
    10    0.05                           net34 (net)
                  0.16    0.00    2.47 ^ _546_/RESET_B (sky130_fd_sc_hd__dfrtp_1)
                                  2.47   data arrival time

                         10.00   10.00   clock clk (rise edge)
                          0.00   10.00   clock source latency
                  0.12    0.08   10.08 ^ clk (in)
     1    0.03                           clk (net)
                  0.12    0.00   10.08 ^ clkbuf_0_clk/A (sky130_fd_sc_hd__clkbuf_16)
                  0.11    0.20   10.28 ^ clkbuf_0_clk/X (sky130_fd_sc_hd__clkbuf_16)
     8    0.09                           clknet_0_clk (net)
                  0.11    0.00   10.28 ^ clkbuf_3_4__f_clk/A (sky130_fd_sc_hd__clkbuf_16)
                  0.05    0.15   10.43 ^ clkbuf_3_4__f_clk/X (sky130_fd_sc_hd__clkbuf_16)
     9    0.03                           clknet_3_4__leaf_clk (net)
                  0.05    0.00   10.43 ^ _546_/CLK (sky130_fd_sc_hd__dfrtp_1)
                         -0.25   10.18   clock uncertainty
                          0.00   10.18   clock reconvergence pessimism
                          0.20   10.38   library recovery time
                                 10.38   data required time
-----------------------------------------------------------------------------
                                 10.38   data required time
                                 -2.47   data arrival time
-----------------------------------------------------------------------------
                                  7.91   slack (MET)


Startpoint: rst_n (input port clocked by clk)
Endpoint: _533_ (recovery check against rising-edge clock clk)
Path Group: asynchronous
Path Type: max

Fanout     Cap    Slew   Delay    Time   Description
-----------------------------------------------------------------------------
                          0.00    0.00   clock clk (rise edge)
                          0.00    0.00   clock network delay (propagated)
                          2.00    2.00 ^ input external delay
                  0.03    0.02    2.02 ^ rst_n (in)
     1    0.00                           rst_n (net)
                  0.03    0.00    2.02 ^ input23/A (sky130_fd_sc_hd__clkbuf_2)
                  0.15    0.18    2.20 ^ input23/X (sky130_fd_sc_hd__clkbuf_2)
     4    0.03                           net23 (net)
                  0.15    0.00    2.20 ^ fanout34/A (sky130_fd_sc_hd__clkbuf_4)
                  0.16    0.27    2.47 ^ fanout34/X (sky130_fd_sc_hd__clkbuf_4)
    10    0.05                           net34 (net)
                  0.16    0.00    2.47 ^ _533_/RESET_B (sky130_fd_sc_hd__dfrtp_1)
                                  2.47   data arrival time

                         10.00   10.00   clock clk (rise edge)
                          0.00   10.00   clock source latency
                  0.12    0.08   10.08 ^ clk (in)
     1    0.03                           clk (net)
                  0.12    0.00   10.08 ^ clkbuf_0_clk/A (sky130_fd_sc_hd__clkbuf_16)
                  0.11    0.20   10.28 ^ clkbuf_0_clk/X (sky130_fd_sc_hd__clkbuf_16)
     8    0.09                           clknet_0_clk (net)
                  0.11    0.00   10.28 ^ clkbuf_3_4__f_clk/A (sky130_fd_sc_hd__clkbuf_16)
                  0.05    0.15   10.43 ^ clkbuf_3_4__f_clk/X (sky130_fd_sc_hd__clkbuf_16)
     9    0.03                           clknet_3_4__leaf_clk (net)
                  0.05    0.00   10.43 ^ _533_/CLK (sky130_fd_sc_hd__dfrtp_1)
                         -0.25   10.18   clock uncertainty
                          0.00   10.18   clock reconvergence pessimism
                          0.20   10.38   library recovery time
                                 10.38   data required time
-----------------------------------------------------------------------------
                                 10.38   data required time
                                 -2.47   data arrival time
-----------------------------------------------------------------------------
                                  7.91   slack (MET)


Startpoint: rst_n (input port clocked by clk)
Endpoint: _510_ (recovery check against rising-edge clock clk)
Path Group: asynchronous
Path Type: max

Fanout     Cap    Slew   Delay    Time   Description
-----------------------------------------------------------------------------
                          0.00    0.00   clock clk (rise edge)
                          0.00    0.00   clock network delay (propagated)
                          2.00    2.00 ^ input external delay
                  0.03    0.02    2.02 ^ rst_n (in)
     1    0.00                           rst_n (net)
                  0.03    0.00    2.02 ^ input23/A (sky130_fd_sc_hd__clkbuf_2)
                  0.15    0.18    2.20 ^ input23/X (sky130_fd_sc_hd__clkbuf_2)
     4    0.03                           net23 (net)
                  0.15    0.00    2.20 ^ fanout34/A (sky130_fd_sc_hd__clkbuf_4)
                  0.16    0.27    2.47 ^ fanout34/X (sky130_fd_sc_hd__clkbuf_4)
    10    0.05                           net34 (net)
                  0.16    0.00    2.47 ^ _510_/RESET_B (sky130_fd_sc_hd__dfrtp_1)
                                  2.47   data arrival time

                         10.00   10.00   clock clk (rise edge)
                          0.00   10.00   clock source latency
                  0.12    0.08   10.08 ^ clk (in)
     1    0.03                           clk (net)
                  0.12    0.00   10.08 ^ clkbuf_0_clk/A (sky130_fd_sc_hd__clkbuf_16)
                  0.11    0.20   10.28 ^ clkbuf_0_clk/X (sky130_fd_sc_hd__clkbuf_16)
     8    0.09                           clknet_0_clk (net)
                  0.11    0.00   10.28 ^ clkbuf_3_5__f_clk/A (sky130_fd_sc_hd__clkbuf_16)
                  0.05    0.15   10.43 ^ clkbuf_3_5__f_clk/X (sky130_fd_sc_hd__clkbuf_16)
    10    0.03                           clknet_3_5__leaf_clk (net)
                  0.05    0.00   10.43 ^ _510_/CLK (sky130_fd_sc_hd__dfrtp_1)
                         -0.25   10.18   clock uncertainty
                          0.00   10.18   clock reconvergence pessimism
                          0.20   10.39   library recovery time
                                 10.39   data required time
-----------------------------------------------------------------------------
                                 10.39   data required time
                                 -2.47   data arrival time
-----------------------------------------------------------------------------
                                  7.91   slack (MET)


Startpoint: rst_n (input port clocked by clk)
Endpoint: _541_ (recovery check against rising-edge clock clk)
Path Group: asynchronous
Path Type: max

Fanout     Cap    Slew   Delay    Time   Description
-----------------------------------------------------------------------------
                          0.00    0.00   clock clk (rise edge)
                          0.00    0.00   clock network delay (propagated)
                          2.00    2.00 ^ input external delay
                  0.03    0.02    2.02 ^ rst_n (in)
     1    0.00                           rst_n (net)
                  0.03    0.00    2.02 ^ input23/A (sky130_fd_sc_hd__clkbuf_2)
                  0.15    0.18    2.20 ^ input23/X (sky130_fd_sc_hd__clkbuf_2)
     4    0.03                           net23 (net)
                  0.15    0.00    2.20 ^ fanout34/A (sky130_fd_sc_hd__clkbuf_4)
                  0.16    0.27    2.47 ^ fanout34/X (sky130_fd_sc_hd__clkbuf_4)
    10    0.05                           net34 (net)
                  0.16    0.00    2.47 ^ _541_/RESET_B (sky130_fd_sc_hd__dfrtp_1)
                                  2.47   data arrival time

                         10.00   10.00   clock clk (rise edge)
                          0.00   10.00   clock source latency
                  0.12    0.08   10.08 ^ clk (in)
     1    0.03                           clk (net)
                  0.12    0.00   10.08 ^ clkbuf_0_clk/A (sky130_fd_sc_hd__clkbuf_16)
                  0.11    0.20   10.28 ^ clkbuf_0_clk/X (sky130_fd_sc_hd__clkbuf_16)
     8    0.09                           clknet_0_clk (net)
                  0.11    0.00   10.28 ^ clkbuf_3_4__f_clk/A (sky130_fd_sc_hd__clkbuf_16)
                  0.05    0.15   10.43 ^ clkbuf_3_4__f_clk/X (sky130_fd_sc_hd__clkbuf_16)
     9    0.03                           clknet_3_4__leaf_clk (net)
                  0.05    0.00   10.43 ^ _541_/CLK (sky130_fd_sc_hd__dfrtp_1)
                         -0.25   10.18   clock uncertainty
                          0.00   10.18   clock reconvergence pessimism
                          0.20   10.38   library recovery time
                                 10.38   data required time
-----------------------------------------------------------------------------
                                 10.38   data required time
                                 -2.47   data arrival time
-----------------------------------------------------------------------------
                                  7.91   slack (MET)


Startpoint: rst_n (input port clocked by clk)
Endpoint: _509_ (recovery check against rising-edge clock clk)
Path Group: asynchronous
Path Type: max

Fanout     Cap    Slew   Delay    Time   Description
-----------------------------------------------------------------------------
                          0.00    0.00   clock clk (rise edge)
                          0.00    0.00   clock network delay (propagated)
                          2.00    2.00 ^ input external delay
                  0.03    0.02    2.02 ^ rst_n (in)
     1    0.00                           rst_n (net)
                  0.03    0.00    2.02 ^ input23/A (sky130_fd_sc_hd__clkbuf_2)
                  0.15    0.18    2.20 ^ input23/X (sky130_fd_sc_hd__clkbuf_2)
     4    0.03                           net23 (net)
                  0.15    0.00    2.20 ^ fanout35/A (sky130_fd_sc_hd__clkbuf_4)
                  0.15    0.26    2.46 ^ fanout35/X (sky130_fd_sc_hd__clkbuf_4)
     9    0.05                           net35 (net)
                  0.15    0.00    2.46 ^ _509_/RESET_B (sky130_fd_sc_hd__dfrtp_1)
                                  2.46   data arrival time

                         10.00   10.00   clock clk (rise edge)
                          0.00   10.00   clock source latency
                  0.12    0.08   10.08 ^ clk (in)
     1    0.03                           clk (net)
                  0.12    0.00   10.08 ^ clkbuf_0_clk/A (sky130_fd_sc_hd__clkbuf_16)
                  0.11    0.20   10.28 ^ clkbuf_0_clk/X (sky130_fd_sc_hd__clkbuf_16)
     8    0.09                           clknet_0_clk (net)
                  0.11    0.00   10.28 ^ clkbuf_3_4__f_clk/A (sky130_fd_sc_hd__clkbuf_16)
                  0.05    0.15   10.43 ^ clkbuf_3_4__f_clk/X (sky130_fd_sc_hd__clkbuf_16)
     9    0.03                           clknet_3_4__leaf_clk (net)
                  0.05    0.00   10.43 ^ _509_/CLK (sky130_fd_sc_hd__dfrtp_1)
                         -0.25   10.18   clock uncertainty
                          0.00   10.18   clock reconvergence pessimism
                          0.21   10.39   library recovery time
                                 10.39   data required time
-----------------------------------------------------------------------------
                                 10.39   data required time
                                 -2.46   data arrival time
-----------------------------------------------------------------------------
                                  7.92   slack (MET)


Startpoint: rst_n (input port clocked by clk)
Endpoint: _501_ (recovery check against rising-edge clock clk)
Path Group: asynchronous
Path Type: max

Fanout     Cap    Slew   Delay    Time   Description
-----------------------------------------------------------------------------
                          0.00    0.00   clock clk (rise edge)
                          0.00    0.00   clock network delay (propagated)
                          2.00    2.00 ^ input external delay
                  0.03    0.02    2.02 ^ rst_n (in)
     1    0.00                           rst_n (net)
                  0.03    0.00    2.02 ^ input23/A (sky130_fd_sc_hd__clkbuf_2)
                  0.15    0.18    2.20 ^ input23/X (sky130_fd_sc_hd__clkbuf_2)
     4    0.03                           net23 (net)
                  0.15    0.00    2.20 ^ fanout35/A (sky130_fd_sc_hd__clkbuf_4)
                  0.15    0.26    2.46 ^ fanout35/X (sky130_fd_sc_hd__clkbuf_4)
     9    0.05                           net35 (net)
                  0.15    0.00    2.46 ^ _501_/RESET_B (sky130_fd_sc_hd__dfrtp_1)
                                  2.46   data arrival time

                         10.00   10.00   clock clk (rise edge)
                          0.00   10.00   clock source latency
                  0.12    0.08   10.08 ^ clk (in)
     1    0.03                           clk (net)
                  0.12    0.00   10.08 ^ clkbuf_0_clk/A (sky130_fd_sc_hd__clkbuf_16)
                  0.11    0.20   10.28 ^ clkbuf_0_clk/X (sky130_fd_sc_hd__clkbuf_16)
     8    0.09                           clknet_0_clk (net)
                  0.11    0.00   10.28 ^ clkbuf_3_5__f_clk/A (sky130_fd_sc_hd__clkbuf_16)
                  0.05    0.15   10.43 ^ clkbuf_3_5__f_clk/X (sky130_fd_sc_hd__clkbuf_16)
    10    0.03                           clknet_3_5__leaf_clk (net)
                  0.05    0.00   10.43 ^ _501_/CLK (sky130_fd_sc_hd__dfrtp_1)
                         -0.25   10.18   clock uncertainty
                          0.00   10.18   clock reconvergence pessimism
                          0.21   10.39   library recovery time
                                 10.39   data required time
-----------------------------------------------------------------------------
                                 10.39   data required time
                                 -2.46   data arrival time
-----------------------------------------------------------------------------
                                  7.92   slack (MET)


Startpoint: rst_n (input port clocked by clk)
Endpoint: _549_ (recovery check against rising-edge clock clk)
Path Group: asynchronous
Path Type: max

Fanout     Cap    Slew   Delay    Time   Description
-----------------------------------------------------------------------------
                          0.00    0.00   clock clk (rise edge)
                          0.00    0.00   clock network delay (propagated)
                          2.00    2.00 ^ input external delay
                  0.03    0.02    2.02 ^ rst_n (in)
     1    0.00                           rst_n (net)
                  0.03    0.00    2.02 ^ input23/A (sky130_fd_sc_hd__clkbuf_2)
                  0.15    0.18    2.20 ^ input23/X (sky130_fd_sc_hd__clkbuf_2)
     4    0.03                           net23 (net)
                  0.15    0.00    2.20 ^ fanout35/A (sky130_fd_sc_hd__clkbuf_4)
                  0.15    0.26    2.46 ^ fanout35/X (sky130_fd_sc_hd__clkbuf_4)
     9    0.05                           net35 (net)
                  0.15    0.00    2.46 ^ _549_/RESET_B (sky130_fd_sc_hd__dfrtp_1)
                                  2.46   data arrival time

                         10.00   10.00   clock clk (rise edge)
                          0.00   10.00   clock source latency
                  0.12    0.08   10.08 ^ clk (in)
     1    0.03                           clk (net)
                  0.12    0.00   10.08 ^ clkbuf_0_clk/A (sky130_fd_sc_hd__clkbuf_16)
                  0.11    0.20   10.28 ^ clkbuf_0_clk/X (sky130_fd_sc_hd__clkbuf_16)
     8    0.09                           clknet_0_clk (net)
                  0.11    0.00   10.28 ^ clkbuf_3_5__f_clk/A (sky130_fd_sc_hd__clkbuf_16)
                  0.05    0.15   10.43 ^ clkbuf_3_5__f_clk/X (sky130_fd_sc_hd__clkbuf_16)
    10    0.03                           clknet_3_5__leaf_clk (net)
                  0.05    0.00   10.43 ^ _549_/CLK (sky130_fd_sc_hd__dfrtp_1)
                         -0.25   10.18   clock uncertainty
                          0.00   10.18   clock reconvergence pessimism
                          0.21   10.39   library recovery time
                                 10.39   data required time
-----------------------------------------------------------------------------
                                 10.39   data required time
                                 -2.46   data arrival time
-----------------------------------------------------------------------------
                                  7.93   slack (MET)


Startpoint: rst_n (input port clocked by clk)
Endpoint: _557_ (recovery check against rising-edge clock clk)
Path Group: asynchronous
Path Type: max

Fanout     Cap    Slew   Delay    Time   Description
-----------------------------------------------------------------------------
                          0.00    0.00   clock clk (rise edge)
                          0.00    0.00   clock network delay (propagated)
                          2.00    2.00 ^ input external delay
                  0.03    0.02    2.02 ^ rst_n (in)
     1    0.00                           rst_n (net)
                  0.03    0.00    2.02 ^ input23/A (sky130_fd_sc_hd__clkbuf_2)
                  0.15    0.18    2.20 ^ input23/X (sky130_fd_sc_hd__clkbuf_2)
     4    0.03                           net23 (net)
                  0.15    0.00    2.20 ^ fanout35/A (sky130_fd_sc_hd__clkbuf_4)
                  0.15    0.26    2.46 ^ fanout35/X (sky130_fd_sc_hd__clkbuf_4)
     9    0.05                           net35 (net)
                  0.15    0.00    2.46 ^ _557_/RESET_B (sky130_fd_sc_hd__dfrtp_1)
                                  2.46   data arrival time

                         10.00   10.00   clock clk (rise edge)
                          0.00   10.00   clock source latency
                  0.12    0.08   10.08 ^ clk (in)
     1    0.03                           clk (net)
                  0.12    0.00   10.08 ^ clkbuf_0_clk/A (sky130_fd_sc_hd__clkbuf_16)
                  0.11    0.20   10.28 ^ clkbuf_0_clk/X (sky130_fd_sc_hd__clkbuf_16)
     8    0.09                           clknet_0_clk (net)
                  0.11    0.00   10.28 ^ clkbuf_3_5__f_clk/A (sky130_fd_sc_hd__clkbuf_16)
                  0.05    0.15   10.43 ^ clkbuf_3_5__f_clk/X (sky130_fd_sc_hd__clkbuf_16)
    10    0.03                           clknet_3_5__leaf_clk (net)
                  0.05    0.00   10.43 ^ _557_/CLK (sky130_fd_sc_hd__dfrtp_1)
                         -0.25   10.18   clock uncertainty
                          0.00   10.18   clock reconvergence pessimism
                          0.21   10.39   library recovery time
                                 10.39   data required time
-----------------------------------------------------------------------------
                                 10.39   data required time
                                 -2.46   data arrival time
-----------------------------------------------------------------------------
                                  7.93   slack (MET)


Startpoint: rst_n (input port clocked by clk)
Endpoint: _517_ (recovery check against rising-edge clock clk)
Path Group: asynchronous
Path Type: max

Fanout     Cap    Slew   Delay    Time   Description
-----------------------------------------------------------------------------
                          0.00    0.00   clock clk (rise edge)
                          0.00    0.00   clock network delay (propagated)
                          2.00    2.00 ^ input external delay
                  0.03    0.02    2.02 ^ rst_n (in)
     1    0.00                           rst_n (net)
                  0.03    0.00    2.02 ^ input23/A (sky130_fd_sc_hd__clkbuf_2)
                  0.15    0.18    2.20 ^ input23/X (sky130_fd_sc_hd__clkbuf_2)
     4    0.03                           net23 (net)
                  0.15    0.00    2.20 ^ fanout35/A (sky130_fd_sc_hd__clkbuf_4)
                  0.15    0.26    2.46 ^ fanout35/X (sky130_fd_sc_hd__clkbuf_4)
     9    0.05                           net35 (net)
                  0.15    0.00    2.46 ^ _517_/RESET_B (sky130_fd_sc_hd__dfrtp_1)
                                  2.46   data arrival time

                         10.00   10.00   clock clk (rise edge)
                          0.00   10.00   clock source latency
                  0.12    0.08   10.08 ^ clk (in)
     1    0.03                           clk (net)
                  0.12    0.00   10.08 ^ clkbuf_0_clk/A (sky130_fd_sc_hd__clkbuf_16)
                  0.11    0.20   10.28 ^ clkbuf_0_clk/X (sky130_fd_sc_hd__clkbuf_16)
     8    0.09                           clknet_0_clk (net)
                  0.11    0.00   10.28 ^ clkbuf_3_5__f_clk/A (sky130_fd_sc_hd__clkbuf_16)
                  0.05    0.15   10.43 ^ clkbuf_3_5__f_clk/X (sky130_fd_sc_hd__clkbuf_16)
    10    0.03                           clknet_3_5__leaf_clk (net)
                  0.05    0.00   10.43 ^ _517_/CLK (sky130_fd_sc_hd__dfrtp_1)
                         -0.25   10.18   clock uncertainty
                          0.00   10.18   clock reconvergence pessimism
                          0.21   10.39   library recovery time
                                 10.39   data required time
-----------------------------------------------------------------------------
                                 10.39   data required time
                                 -2.46   data arrival time
-----------------------------------------------------------------------------
                                  7.93   slack (MET)


Startpoint: rst_n (input port clocked by clk)
Endpoint: _525_ (recovery check against rising-edge clock clk)
Path Group: asynchronous
Path Type: max

Fanout     Cap    Slew   Delay    Time   Description
-----------------------------------------------------------------------------
                          0.00    0.00   clock clk (rise edge)
                          0.00    0.00   clock network delay (propagated)
                          2.00    2.00 ^ input external delay
                  0.03    0.02    2.02 ^ rst_n (in)
     1    0.00                           rst_n (net)
                  0.03    0.00    2.02 ^ input23/A (sky130_fd_sc_hd__clkbuf_2)
                  0.15    0.18    2.20 ^ input23/X (sky130_fd_sc_hd__clkbuf_2)
     4    0.03                           net23 (net)
                  0.15    0.00    2.20 ^ fanout35/A (sky130_fd_sc_hd__clkbuf_4)
                  0.15    0.26    2.46 ^ fanout35/X (sky130_fd_sc_hd__clkbuf_4)
     9    0.05                           net35 (net)
                  0.15    0.00    2.46 ^ _525_/RESET_B (sky130_fd_sc_hd__dfrtp_1)
                                  2.46   data arrival time

                         10.00   10.00   clock clk (rise edge)
                          0.00   10.00   clock source latency
                  0.12    0.08   10.08 ^ clk (in)
     1    0.03                           clk (net)
                  0.12    0.00   10.08 ^ clkbuf_0_clk/A (sky130_fd_sc_hd__clkbuf_16)
                  0.11    0.20   10.28 ^ clkbuf_0_clk/X (sky130_fd_sc_hd__clkbuf_16)
     8    0.09                           clknet_0_clk (net)
                  0.11    0.00   10.28 ^ clkbuf_3_5__f_clk/A (sky130_fd_sc_hd__clkbuf_16)
                  0.05    0.15   10.43 ^ clkbuf_3_5__f_clk/X (sky130_fd_sc_hd__clkbuf_16)
    10    0.03                           clknet_3_5__leaf_clk (net)
                  0.05    0.00   10.43 ^ _525_/CLK (sky130_fd_sc_hd__dfrtp_1)
                         -0.25   10.18   clock uncertainty
                          0.00   10.18   clock reconvergence pessimism
                          0.21   10.39   library recovery time
                                 10.39   data required time
-----------------------------------------------------------------------------
                                 10.39   data required time
                                 -2.46   data arrival time
-----------------------------------------------------------------------------
                                  7.93   slack (MET)


Startpoint: rst_n (input port clocked by clk)
Endpoint: _539_ (recovery check against rising-edge clock clk)
Path Group: asynchronous
Path Type: max

Fanout     Cap    Slew   Delay    Time   Description
-----------------------------------------------------------------------------
                          0.00    0.00   clock clk (rise edge)
                          0.00    0.00   clock network delay (propagated)
                          2.00    2.00 ^ input external delay
                  0.03    0.02    2.02 ^ rst_n (in)
     1    0.00                           rst_n (net)
                  0.03    0.00    2.02 ^ input23/A (sky130_fd_sc_hd__clkbuf_2)
                  0.15    0.18    2.20 ^ input23/X (sky130_fd_sc_hd__clkbuf_2)
     4    0.03                           net23 (net)
                  0.15    0.00    2.20 ^ fanout35/A (sky130_fd_sc_hd__clkbuf_4)
                  0.15    0.26    2.46 ^ fanout35/X (sky130_fd_sc_hd__clkbuf_4)
     9    0.05                           net35 (net)
                  0.15    0.00    2.46 ^ _539_/RESET_B (sky130_fd_sc_hd__dfrtp_1)
                                  2.46   data arrival time

                         10.00   10.00   clock clk (rise edge)
                          0.00   10.00   clock source latency
                  0.12    0.08   10.08 ^ clk (in)
     1    0.03                           clk (net)
                  0.12    0.00   10.08 ^ clkbuf_0_clk/A (sky130_fd_sc_hd__clkbuf_16)
                  0.11    0.20   10.28 ^ clkbuf_0_clk/X (sky130_fd_sc_hd__clkbuf_16)
     8    0.09                           clknet_0_clk (net)
                  0.11    0.00   10.28 ^ clkbuf_3_5__f_clk/A (sky130_fd_sc_hd__clkbuf_16)
                  0.05    0.15   10.43 ^ clkbuf_3_5__f_clk/X (sky130_fd_sc_hd__clkbuf_16)
    10    0.03                           clknet_3_5__leaf_clk (net)
                  0.05    0.00   10.43 ^ _539_/CLK (sky130_fd_sc_hd__dfrtp_1)
                         -0.25   10.18   clock uncertainty
                          0.00   10.18   clock reconvergence pessimism
                          0.21   10.39   library recovery time
                                 10.39   data required time
-----------------------------------------------------------------------------
                                 10.39   data required time
                                 -2.46   data arrival time
-----------------------------------------------------------------------------
                                  7.93   slack (MET)


Startpoint: rst_n (input port clocked by clk)
Endpoint: _507_ (recovery check against rising-edge clock clk)
Path Group: asynchronous
Path Type: max

Fanout     Cap    Slew   Delay    Time   Description
-----------------------------------------------------------------------------
                          0.00    0.00   clock clk (rise edge)
                          0.00    0.00   clock network delay (propagated)
                          2.00    2.00 ^ input external delay
                  0.03    0.02    2.02 ^ rst_n (in)
     1    0.00                           rst_n (net)
                  0.03    0.00    2.02 ^ input23/A (sky130_fd_sc_hd__clkbuf_2)
                  0.15    0.18    2.20 ^ input23/X (sky130_fd_sc_hd__clkbuf_2)
     4    0.03                           net23 (net)
                  0.15    0.00    2.20 ^ fanout35/A (sky130_fd_sc_hd__clkbuf_4)
                  0.15    0.26    2.46 ^ fanout35/X (sky130_fd_sc_hd__clkbuf_4)
     9    0.05                           net35 (net)
                  0.15    0.00    2.46 ^ _507_/RESET_B (sky130_fd_sc_hd__dfrtp_1)
                                  2.46   data arrival time

                         10.00   10.00   clock clk (rise edge)
                          0.00   10.00   clock source latency
                  0.12    0.08   10.08 ^ clk (in)
     1    0.03                           clk (net)
                  0.12    0.00   10.08 ^ clkbuf_0_clk/A (sky130_fd_sc_hd__clkbuf_16)
                  0.11    0.20   10.28 ^ clkbuf_0_clk/X (sky130_fd_sc_hd__clkbuf_16)
     8    0.09                           clknet_0_clk (net)
                  0.11    0.00   10.28 ^ clkbuf_3_5__f_clk/A (sky130_fd_sc_hd__clkbuf_16)
                  0.05    0.15   10.43 ^ clkbuf_3_5__f_clk/X (sky130_fd_sc_hd__clkbuf_16)
    10    0.03                           clknet_3_5__leaf_clk (net)
                  0.05    0.00   10.43 ^ _507_/CLK (sky130_fd_sc_hd__dfrtp_1)
                         -0.25   10.18   clock uncertainty
                          0.00   10.18   clock reconvergence pessimism
                          0.21   10.39   library recovery time
                                 10.39   data required time
-----------------------------------------------------------------------------
                                 10.39   data required time
                                 -2.46   data arrival time
-----------------------------------------------------------------------------
                                  7.93   slack (MET)


Startpoint: rst_n (input port clocked by clk)
Endpoint: _543_ (recovery check against rising-edge clock clk)
Path Group: asynchronous
Path Type: max

Fanout     Cap    Slew   Delay    Time   Description
-----------------------------------------------------------------------------
                          0.00    0.00   clock clk (rise edge)
                          0.00    0.00   clock network delay (propagated)
                          2.00    2.00 ^ input external delay
                  0.03    0.02    2.02 ^ rst_n (in)
     1    0.00                           rst_n (net)
                  0.03    0.00    2.02 ^ input23/A (sky130_fd_sc_hd__clkbuf_2)
                  0.15    0.18    2.20 ^ input23/X (sky130_fd_sc_hd__clkbuf_2)
     4    0.03                           net23 (net)
                  0.15    0.00    2.20 ^ fanout33/A (sky130_fd_sc_hd__clkbuf_2)
                  0.17    0.24    2.44 ^ fanout33/X (sky130_fd_sc_hd__clkbuf_2)
     5    0.03                           net33 (net)
                  0.17    0.00    2.44 ^ _543_/RESET_B (sky130_fd_sc_hd__dfrtp_1)
                                  2.44   data arrival time

                         10.00   10.00   clock clk (rise edge)
                          0.00   10.00   clock source latency
                  0.12    0.08   10.08 ^ clk (in)
     1    0.03                           clk (net)
                  0.12    0.00   10.08 ^ clkbuf_0_clk/A (sky130_fd_sc_hd__clkbuf_16)
                  0.11    0.20   10.28 ^ clkbuf_0_clk/X (sky130_fd_sc_hd__clkbuf_16)
     8    0.09                           clknet_0_clk (net)
                  0.11    0.00   10.28 ^ clkbuf_3_3__f_clk/A (sky130_fd_sc_hd__clkbuf_16)
                  0.06    0.15   10.43 ^ clkbuf_3_3__f_clk/X (sky130_fd_sc_hd__clkbuf_16)
    11    0.04                           clknet_3_3__leaf_clk (net)
                  0.06    0.00   10.43 ^ _543_/CLK (sky130_fd_sc_hd__dfrtp_1)
                         -0.25   10.18   clock uncertainty
                          0.00   10.18   clock reconvergence pessimism
                          0.20   10.39   library recovery time
                                 10.39   data required time
-----------------------------------------------------------------------------
                                 10.39   data required time
                                 -2.44   data arrival time
-----------------------------------------------------------------------------
                                  7.95   slack (MET)


Startpoint: rst_n (input port clocked by clk)
Endpoint: _561_ (recovery check against rising-edge clock clk)
Path Group: asynchronous
Path Type: max

Fanout     Cap    Slew   Delay    Time   Description
-----------------------------------------------------------------------------
                          0.00    0.00   clock clk (rise edge)
                          0.00    0.00   clock network delay (propagated)
                          2.00    2.00 ^ input external delay
                  0.03    0.02    2.02 ^ rst_n (in)
     1    0.00                           rst_n (net)
                  0.03    0.00    2.02 ^ input23/A (sky130_fd_sc_hd__clkbuf_2)
                  0.15    0.18    2.20 ^ input23/X (sky130_fd_sc_hd__clkbuf_2)
     4    0.03                           net23 (net)
                  0.15    0.00    2.20 ^ fanout33/A (sky130_fd_sc_hd__clkbuf_2)
                  0.17    0.24    2.44 ^ fanout33/X (sky130_fd_sc_hd__clkbuf_2)
     5    0.03                           net33 (net)
                  0.17    0.00    2.44 ^ _561_/RESET_B (sky130_fd_sc_hd__dfrtp_1)
                                  2.44   data arrival time

                         10.00   10.00   clock clk (rise edge)
                          0.00   10.00   clock source latency
                  0.12    0.08   10.08 ^ clk (in)
     1    0.03                           clk (net)
                  0.12    0.00   10.08 ^ clkbuf_0_clk/A (sky130_fd_sc_hd__clkbuf_16)
                  0.11    0.20   10.28 ^ clkbuf_0_clk/X (sky130_fd_sc_hd__clkbuf_16)
     8    0.09                           clknet_0_clk (net)
                  0.11    0.00   10.28 ^ clkbuf_3_3__f_clk/A (sky130_fd_sc_hd__clkbuf_16)
                  0.06    0.15   10.43 ^ clkbuf_3_3__f_clk/X (sky130_fd_sc_hd__clkbuf_16)
    11    0.04                           clknet_3_3__leaf_clk (net)
                  0.06    0.00   10.44 ^ _561_/CLK (sky130_fd_sc_hd__dfrtp_1)
                         -0.25   10.19   clock uncertainty
                          0.00   10.19   clock reconvergence pessimism
                          0.20   10.39   library recovery time
                                 10.39   data required time
-----------------------------------------------------------------------------
                                 10.39   data required time
                                 -2.44   data arrival time
-----------------------------------------------------------------------------
                                  7.95   slack (MET)



