
===========================================================================
report_checks -path_delay min (Hold)
============================================================================
======================= Typical Corner ===================================

Startpoint: _524_ (rising edge-triggered flip-flop clocked by clk)
Endpoint: _524_ (rising edge-triggered flip-flop clocked by clk)
Path Group: clk
Path Type: min

Fanout     Cap    Slew   Delay    Time   Description
-----------------------------------------------------------------------------
                          0.00    0.00   clock clk (rise edge)
                          0.00    0.00   clock source latency
                  0.12    0.08    0.08 ^ clk (in)
     1    0.03                           clk (net)
                  0.12    0.00    0.08 ^ clkbuf_0_clk/A (sky130_fd_sc_hd__clkbuf_16)
                  0.11    0.20    0.28 ^ clkbuf_0_clk/X (sky130_fd_sc_hd__clkbuf_16)
     8    0.09                           clknet_0_clk (net)
                  0.11    0.00    0.28 ^ clkbuf_3_0__f_clk/A (sky130_fd_sc_hd__clkbuf_16)
                  0.04    0.14    0.42 ^ clkbuf_3_0__f_clk/X (sky130_fd_sc_hd__clkbuf_16)
     7    0.02                           clknet_3_0__leaf_clk (net)
                  0.04    0.00    0.42 ^ _524_/CLK (sky130_fd_sc_hd__dfrtp_1)
                  0.09    0.33    0.76 ^ _524_/Q (sky130_fd_sc_hd__dfrtp_1)
     3    0.01                           patterns[3][1] (net)
                  0.09    0.00    0.76 ^ _409_/A0 (sky130_fd_sc_hd__mux2_1)
                  0.04    0.12    0.88 ^ _409_/X (sky130_fd_sc_hd__mux2_1)
     1    0.00                           _202_ (net)
                  0.04    0.00    0.88 ^ _410_/A (sky130_fd_sc_hd__clkbuf_1)
                  0.04    0.07    0.95 ^ _410_/X (sky130_fd_sc_hd__clkbuf_1)
     1    0.00                           _037_ (net)
                  0.04    0.00    0.95 ^ _524_/D (sky130_fd_sc_hd__dfrtp_1)
                                  0.95   data arrival time

                          0.00    0.00   clock clk (rise edge)
                          0.00    0.00   clock source latency
                  0.12    0.09    0.09 ^ clk (in)
     1    0.03                           clk (net)
                  0.12    0.00    0.09 ^ clkbuf_0_clk/A (sky130_fd_sc_hd__clkbuf_16)
                  0.11    0.22    0.31 ^ clkbuf_0_clk/X (sky130_fd_sc_hd__clkbuf_16)
     8    0.09                           clknet_0_clk (net)
                  0.11    0.00    0.31 ^ clkbuf_3_0__f_clk/A (sky130_fd_sc_hd__clkbuf_16)
                  0.04    0.16    0.47 ^ clkbuf_3_0__f_clk/X (sky130_fd_sc_hd__clkbuf_16)
     7    0.02                           clknet_3_0__leaf_clk (net)
                  0.04    0.00    0.47 ^ _524_/CLK (sky130_fd_sc_hd__dfrtp_1)
                          0.25    0.72   clock uncertainty
                         -0.04    0.67   clock reconvergence pessimism
                         -0.03    0.64   library hold time
                                  0.64   data required time
-----------------------------------------------------------------------------
                                  0.64   data required time
                                 -0.95   data arrival time
-----------------------------------------------------------------------------
                                  0.32   slack (MET)


Startpoint: _530_ (rising edge-triggered flip-flop clocked by clk)
Endpoint: _530_ (rising edge-triggered flip-flop clocked by clk)
Path Group: clk
Path Type: min

Fanout     Cap    Slew   Delay    Time   Description
-----------------------------------------------------------------------------
                          0.00    0.00   clock clk (rise edge)
                          0.00    0.00   clock source latency
                  0.12    0.08    0.08 ^ clk (in)
     1    0.03                           clk (net)
                  0.12    0.00    0.08 ^ clkbuf_0_clk/A (sky130_fd_sc_hd__clkbuf_16)
                  0.11    0.20    0.28 ^ clkbuf_0_clk/X (sky130_fd_sc_hd__clkbuf_16)
     8    0.09                           clknet_0_clk (net)
                  0.11    0.00    0.28 ^ clkbuf_3_1__f_clk/A (sky130_fd_sc_hd__clkbuf_16)
                  0.06    0.15    0.43 ^ clkbuf_3_1__f_clk/X (sky130_fd_sc_hd__clkbuf_16)
    10    0.03                           clknet_3_1__leaf_clk (net)
                  0.06    0.00    0.43 ^ _530_/CLK (sky130_fd_sc_hd__dfrtp_1)
                  0.09    0.34    0.77 ^ _530_/Q (sky130_fd_sc_hd__dfrtp_1)
     3    0.01                           patterns[3][7] (net)
                  0.09    0.00    0.77 ^ _421_/A0 (sky130_fd_sc_hd__mux2_1)
                  0.04    0.12    0.89 ^ _421_/X (sky130_fd_sc_hd__mux2_1)
     1    0.00                           _208_ (net)
                  0.04    0.00    0.89 ^ _422_/A (sky130_fd_sc_hd__clkbuf_1)
                  0.04    0.07    0.97 ^ _422_/X (sky130_fd_sc_hd__clkbuf_1)
     1    0.00                           _043_ (net)
                  0.04    0.00    0.97 ^ _530_/D (sky130_fd_sc_hd__dfrtp_1)
                                  0.97   data arrival time

                          0.00    0.00   clock clk (rise edge)
                          0.00    0.00   clock source latency
                  0.12    0.09    0.09 ^ clk (in)
     1    0.03                           clk (net)
                  0.12    0.00    0.09 ^ clkbuf_0_clk/A (sky130_fd_sc_hd__clkbuf_16)
                  0.11    0.22    0.31 ^ clkbuf_0_clk/X (sky130_fd_sc_hd__clkbuf_16)
     8    0.09                           clknet_0_clk (net)
                  0.11    0.00    0.31 ^ clkbuf_3_1__f_clk/A (sky130_fd_sc_hd__clkbuf_16)
                  0.06    0.17    0.48 ^ clkbuf_3_1__f_clk/X (sky130_fd_sc_hd__clkbuf_16)
    10    0.03                           clknet_3_1__leaf_clk (net)
                  0.06    0.00    0.48 ^ _530_/CLK (sky130_fd_sc_hd__dfrtp_1)
                          0.25    0.73   clock uncertainty
                         -0.05    0.68   clock reconvergence pessimism
                         -0.03    0.65   library hold time
                                  0.65   data required time
-----------------------------------------------------------------------------
                                  0.65   data required time
                                 -0.97   data arrival time
-----------------------------------------------------------------------------
                                  0.32   slack (MET)


Startpoint: _506_ (rising edge-triggered flip-flop clocked by clk)
Endpoint: _506_ (rising edge-triggered flip-flop clocked by clk)
Path Group: clk
Path Type: min

Fanout     Cap    Slew   Delay    Time   Description
-----------------------------------------------------------------------------
                          0.00    0.00   clock clk (rise edge)
                          0.00    0.00   clock source latency
                  0.12    0.08    0.08 ^ clk (in)
     1    0.03                           clk (net)
                  0.12    0.00    0.08 ^ clkbuf_0_clk/A (sky130_fd_sc_hd__clkbuf_16)
                  0.11    0.20    0.28 ^ clkbuf_0_clk/X (sky130_fd_sc_hd__clkbuf_16)
     8    0.09                           clknet_0_clk (net)
                  0.11    0.00    0.28 ^ clkbuf_3_1__f_clk/A (sky130_fd_sc_hd__clkbuf_16)
                  0.06    0.15    0.43 ^ clkbuf_3_1__f_clk/X (sky130_fd_sc_hd__clkbuf_16)
    10    0.03                           clknet_3_1__leaf_clk (net)
                  0.06    0.00    0.43 ^ _506_/CLK (sky130_fd_sc_hd__dfrtp_1)
                  0.09    0.34    0.77 ^ _506_/Q (sky130_fd_sc_hd__dfrtp_1)
     3    0.01                           patterns[0][7] (net)
                  0.09    0.00    0.77 ^ _373_/A1 (sky130_fd_sc_hd__mux2_1)
                  0.04    0.12    0.90 ^ _373_/X (sky130_fd_sc_hd__mux2_1)
     1    0.00                           _184_ (net)
                  0.04    0.00    0.90 ^ _374_/A (sky130_fd_sc_hd__clkbuf_1)
                  0.04    0.07    0.97 ^ _374_/X (sky130_fd_sc_hd__clkbuf_1)
     1    0.00                           _019_ (net)
                  0.04    0.00    0.97 ^ _506_/D (sky130_fd_sc_hd__dfrtp_1)
                                  0.97   data arrival time

                          0.00    0.00   clock clk (rise edge)
                          0.00    0.00   clock source latency
                  0.12    0.09    0.09 ^ clk (in)
     1    0.03                           clk (net)
                  0.12    0.00    0.09 ^ clkbuf_0_clk/A (sky130_fd_sc_hd__clkbuf_16)
                  0.11    0.22    0.31 ^ clkbuf_0_clk/X (sky130_fd_sc_hd__clkbuf_16)
     8    0.09                           clknet_0_clk (net)
                  0.11    0.00    0.31 ^ clkbuf_3_1__f_clk/A (sky130_fd_sc_hd__clkbuf_16)
                  0.06    0.17    0.48 ^ clkbuf_3_1__f_clk/X (sky130_fd_sc_hd__clkbuf_16)
    10    0.03                           clknet_3_1__leaf_clk (net)
                  0.06    0.00    0.48 ^ _506_/CLK (sky130_fd_sc_hd__dfrtp_1)
                          0.25    0.73   clock uncertainty
                         -0.05    0.68   clock reconvergence pessimism
                         -0.03    0.65   library hold time
                                  0.65   data required time
-----------------------------------------------------------------------------
                                  0.65   data required time
                                 -0.97   data arrival time
-----------------------------------------------------------------------------
                                  0.32   slack (MET)


Startpoint: _523_ (rising edge-triggered flip-flop clocked by clk)
Endpoint: _523_ (rising edge-triggered flip-flop clocked by clk)
Path Group: clk
Path Type: min

Fanout     Cap    Slew   Delay    Time   Description
-----------------------------------------------------------------------------
                          0.00    0.00   clock clk (rise edge)
                          0.00    0.00   clock source latency
                  0.12    0.08    0.08 ^ clk (in)
     1    0.03                           clk (net)
                  0.12    0.00    0.08 ^ clkbuf_0_clk/A (sky130_fd_sc_hd__clkbuf_16)
                  0.11    0.20    0.28 ^ clkbuf_0_clk/X (sky130_fd_sc_hd__clkbuf_16)
     8    0.09                           clknet_0_clk (net)
                  0.11    0.00    0.28 ^ clkbuf_3_7__f_clk/A (sky130_fd_sc_hd__clkbuf_16)
                  0.06    0.15    0.43 ^ clkbuf_3_7__f_clk/X (sky130_fd_sc_hd__clkbuf_16)
    11    0.04                           clknet_3_7__leaf_clk (net)
                  0.06    0.00    0.43 ^ _523_/CLK (sky130_fd_sc_hd__dfrtp_1)
                  0.09    0.34    0.77 ^ _523_/Q (sky130_fd_sc_hd__dfrtp_1)
     3    0.01                           patterns[3][0] (net)
                  0.09    0.00    0.77 ^ _407_/A0 (sky130_fd_sc_hd__mux2_1)
                  0.04    0.12    0.90 ^ _407_/X (sky130_fd_sc_hd__mux2_1)
     1    0.00                           _201_ (net)
                  0.04    0.00    0.90 ^ _408_/A (sky130_fd_sc_hd__clkbuf_1)
                  0.04    0.07    0.97 ^ _408_/X (sky130_fd_sc_hd__clkbuf_1)
     1    0.00                           _036_ (net)
                  0.04    0.00    0.97 ^ _523_/D (sky130_fd_sc_hd__dfrtp_1)
                                  0.97   data arrival time

                          0.00    0.00   clock clk (rise edge)
                          0.00    0.00   clock source latency
                  0.12    0.09    0.09 ^ clk (in)
     1    0.03                           clk (net)
                  0.12    0.00    0.09 ^ clkbuf_0_clk/A (sky130_fd_sc_hd__clkbuf_16)
                  0.11    0.22    0.31 ^ clkbuf_0_clk/X (sky130_fd_sc_hd__clkbuf_16)
     8    0.09                           clknet_0_clk (net)
                  0.11    0.00    0.31 ^ clkbuf_3_7__f_clk/A (sky130_fd_sc_hd__clkbuf_16)
                  0.06    0.17    0.48 ^ clkbuf_3_7__f_clk/X (sky130_fd_sc_hd__clkbuf_16)
    11    0.04                           clknet_3_7__leaf_clk (net)
                  0.06    0.00    0.48 ^ _523_/CLK (sky130_fd_sc_hd__dfrtp_1)
                          0.25    0.73   clock uncertainty
                         -0.05    0.68   clock reconvergence pessimism
                         -0.03    0.65   library hold time
                                  0.65   data required time
-----------------------------------------------------------------------------
                                  0.65   data required time
                                 -0.97   data arrival time
-----------------------------------------------------------------------------
                                  0.32   slack (MET)


Startpoint: _529_ (rising edge-triggered flip-flop clocked by clk)
Endpoint: _529_ (rising edge-triggered flip-flop clocked by clk)
Path Group: clk
Path Type: min

Fanout     Cap    Slew   Delay    Time   Description
-----------------------------------------------------------------------------
                          0.00    0.00   clock clk (rise edge)
                          0.00    0.00   clock source latency
                  0.12    0.08    0.08 ^ clk (in)
     1    0.03                           clk (net)
                  0.12    0.00    0.08 ^ clkbuf_0_clk/A (sky130_fd_sc_hd__clkbuf_16)
                  0.11    0.20    0.28 ^ clkbuf_0_clk/X (sky130_fd_sc_hd__clkbuf_16)
     8    0.09                           clknet_0_clk (net)
                  0.11    0.00    0.28 ^ clkbuf_3_3__f_clk/A (sky130_fd_sc_hd__clkbuf_16)
                  0.06    0.15    0.43 ^ clkbuf_3_3__f_clk/X (sky130_fd_sc_hd__clkbuf_16)
    11    0.04                           clknet_3_3__leaf_clk (net)
                  0.06    0.00    0.43 ^ _529_/CLK (sky130_fd_sc_hd__dfrtp_1)
                  0.09    0.34    0.78 ^ _529_/Q (sky130_fd_sc_hd__dfrtp_1)
     3    0.01                           patterns[3][6] (net)
                  0.09    0.00    0.78 ^ _419_/A0 (sky130_fd_sc_hd__mux2_1)
                  0.04    0.12    0.90 ^ _419_/X (sky130_fd_sc_hd__mux2_1)
     1    0.00                           _207_ (net)
                  0.04    0.00    0.90 ^ _420_/A (sky130_fd_sc_hd__clkbuf_1)
                  0.04    0.07    0.97 ^ _420_/X (sky130_fd_sc_hd__clkbuf_1)
     1    0.00                           _042_ (net)
                  0.04    0.00    0.97 ^ _529_/D (sky130_fd_sc_hd__dfrtp_1)
                                  0.97   data arrival time

                          0.00    0.00   clock clk (rise edge)
                          0.00    0.00   clock source latency
                  0.12    0.09    0.09 ^ clk (in)
     1    0.03                           clk (net)
                  0.12    0.00    0.09 ^ clkbuf_0_clk/A (sky130_fd_sc_hd__clkbuf_16)
                  0.11    0.22    0.31 ^ clkbuf_0_clk/X (sky130_fd_sc_hd__clkbuf_16)
     8    0.09                           clknet_0_clk (net)
                  0.11    0.00    0.31 ^ clkbuf_3_3__f_clk/A (sky130_fd_sc_hd__clkbuf_16)
                  0.06    0.17    0.48 ^ clkbuf_3_3__f_clk/X (sky130_fd_sc_hd__clkbuf_16)
    11    0.04                           clknet_3_3__leaf_clk (net)
                  0.06    0.00    0.48 ^ _529_/CLK (sky130_fd_sc_hd__dfrtp_1)
                          0.25    0.73   clock uncertainty
                         -0.05    0.68   clock reconvergence pessimism
                         -0.03    0.65   library hold time
                                  0.65   data required time
-----------------------------------------------------------------------------
                                  0.65   data required time
                                 -0.97   data arrival time
-----------------------------------------------------------------------------
                                  0.32   slack (MET)


Startpoint: _528_ (rising edge-triggered flip-flop clocked by clk)
Endpoint: _528_ (rising edge-triggered flip-flop clocked by clk)
Path Group: clk
Path Type: min

Fanout     Cap    Slew   Delay    Time   Description
-----------------------------------------------------------------------------
                          0.00    0.00   clock clk (rise edge)
                          0.00    0.00   clock source latency
                  0.12    0.08    0.08 ^ clk (in)
     1    0.03                           clk (net)
                  0.12    0.00    0.08 ^ clkbuf_0_clk/A (sky130_fd_sc_hd__clkbuf_16)
                  0.11    0.20    0.28 ^ clkbuf_0_clk/X (sky130_fd_sc_hd__clkbuf_16)
     8    0.09                           clknet_0_clk (net)
                  0.11    0.00    0.28 ^ clkbuf_3_0__f_clk/A (sky130_fd_sc_hd__clkbuf_16)
                  0.04    0.14    0.42 ^ clkbuf_3_0__f_clk/X (sky130_fd_sc_hd__clkbuf_16)
     7    0.02                           clknet_3_0__leaf_clk (net)
                  0.04    0.00    0.42 ^ _528_/CLK (sky130_fd_sc_hd__dfrtp_1)
                  0.09    0.33    0.76 ^ _528_/Q (sky130_fd_sc_hd__dfrtp_1)
     3    0.01                           patterns[3][5] (net)
                  0.09    0.00    0.76 ^ _417_/A0 (sky130_fd_sc_hd__mux2_1)
                  0.04    0.12    0.88 ^ _417_/X (sky130_fd_sc_hd__mux2_1)
     1    0.00                           _206_ (net)
                  0.04    0.00    0.88 ^ _418_/A (sky130_fd_sc_hd__clkbuf_1)
                  0.04    0.07    0.95 ^ _418_/X (sky130_fd_sc_hd__clkbuf_1)
     1    0.00                           _041_ (net)
                  0.04    0.00    0.95 ^ _528_/D (sky130_fd_sc_hd__dfrtp_1)
                                  0.95   data arrival time

                          0.00    0.00   clock clk (rise edge)
                          0.00    0.00   clock source latency
                  0.12    0.09    0.09 ^ clk (in)
     1    0.03                           clk (net)
                  0.12    0.00    0.09 ^ clkbuf_0_clk/A (sky130_fd_sc_hd__clkbuf_16)
                  0.11    0.22    0.31 ^ clkbuf_0_clk/X (sky130_fd_sc_hd__clkbuf_16)
     8    0.09                           clknet_0_clk (net)
                  0.11    0.00    0.31 ^ clkbuf_3_0__f_clk/A (sky130_fd_sc_hd__clkbuf_16)
                  0.04    0.16    0.47 ^ clkbuf_3_0__f_clk/X (sky130_fd_sc_hd__clkbuf_16)
     7    0.02                           clknet_3_0__leaf_clk (net)
                  0.04    0.00    0.47 ^ _528_/CLK (sky130_fd_sc_hd__dfrtp_1)
                          0.25    0.72   clock uncertainty
                         -0.04    0.67   clock reconvergence pessimism
                         -0.03    0.64   library hold time
                                  0.64   data required time
-----------------------------------------------------------------------------
                                  0.64   data required time
                                 -0.95   data arrival time
-----------------------------------------------------------------------------
                                  0.32   slack (MET)


Startpoint: _509_ (rising edge-triggered flip-flop clocked by clk)
Endpoint: _509_ (rising edge-triggered flip-flop clocked by clk)
Path Group: clk
Path Type: min

Fanout     Cap    Slew   Delay    Time   Description
-----------------------------------------------------------------------------
                          0.00    0.00   clock clk (rise edge)
                          0.00    0.00   clock source latency
                  0.12    0.08    0.08 ^ clk (in)
     1    0.03                           clk (net)
                  0.12    0.00    0.08 ^ clkbuf_0_clk/A (sky130_fd_sc_hd__clkbuf_16)
                  0.11    0.20    0.28 ^ clkbuf_0_clk/X (sky130_fd_sc_hd__clkbuf_16)
     8    0.09                           clknet_0_clk (net)
                  0.11    0.00    0.28 ^ clkbuf_3_4__f_clk/A (sky130_fd_sc_hd__clkbuf_16)
                  0.05    0.15    0.43 ^ clkbuf_3_4__f_clk/X (sky130_fd_sc_hd__clkbuf_16)
     9    0.03                           clknet_3_4__leaf_clk (net)
                  0.05    0.00    0.43 ^ _509_/CLK (sky130_fd_sc_hd__dfrtp_1)
                  0.09    0.34    0.77 ^ _509_/Q (sky130_fd_sc_hd__dfrtp_1)
     3    0.01                           patterns[1][2] (net)
                  0.09    0.00    0.77 ^ _379_/A0 (sky130_fd_sc_hd__mux2_1)
                  0.04    0.12    0.89 ^ _379_/X (sky130_fd_sc_hd__mux2_1)
     1    0.00                           _187_ (net)
                  0.04    0.00    0.89 ^ _380_/A (sky130_fd_sc_hd__clkbuf_1)
                  0.04    0.07    0.96 ^ _380_/X (sky130_fd_sc_hd__clkbuf_1)
     1    0.00                           _022_ (net)
                  0.04    0.00    0.96 ^ _509_/D (sky130_fd_sc_hd__dfrtp_1)
                                  0.96   data arrival time

                          0.00    0.00   clock clk (rise edge)
                          0.00    0.00   clock source latency
                  0.12    0.09    0.09 ^ clk (in)
     1    0.03                           clk (net)
                  0.12    0.00    0.09 ^ clkbuf_0_clk/A (sky130_fd_sc_hd__clkbuf_16)
                  0.11    0.22    0.31 ^ clkbuf_0_clk/X (sky130_fd_sc_hd__clkbuf_16)
     8    0.09                           clknet_0_clk (net)
                  0.11    0.00    0.31 ^ clkbuf_3_4__f_clk/A (sky130_fd_sc_hd__clkbuf_16)
                  0.05    0.17    0.47 ^ clkbuf_3_4__f_clk/X (sky130_fd_sc_hd__clkbuf_16)
     9    0.03                           clknet_3_4__leaf_clk (net)
                  0.05    0.00    0.48 ^ _509_/CLK (sky130_fd_sc_hd__dfrtp_1)
                          0.25    0.73   clock uncertainty
                         -0.05    0.68   clock reconvergence pessimism
                         -0.03    0.65   library hold time
                                  0.65   data required time
-----------------------------------------------------------------------------
                                  0.65   data required time
                                 -0.96   data arrival time
-----------------------------------------------------------------------------
                                  0.32   slack (MET)


Startpoint: _522_ (rising edge-triggered flip-flop clocked by clk)
Endpoint: _522_ (rising edge-triggered flip-flop clocked by clk)
Path Group: clk
Path Type: min

Fanout     Cap    Slew   Delay    Time   Description
-----------------------------------------------------------------------------
                          0.00    0.00   clock clk (rise edge)
                          0.00    0.00   clock source latency
                  0.12    0.08    0.08 ^ clk (in)
     1    0.03                           clk (net)
                  0.12    0.00    0.08 ^ clkbuf_0_clk/A (sky130_fd_sc_hd__clkbuf_16)
                  0.11    0.20    0.28 ^ clkbuf_0_clk/X (sky130_fd_sc_hd__clkbuf_16)
     8    0.09                           clknet_0_clk (net)
                  0.11    0.00    0.28 ^ clkbuf_3_1__f_clk/A (sky130_fd_sc_hd__clkbuf_16)
                  0.06    0.15    0.43 ^ clkbuf_3_1__f_clk/X (sky130_fd_sc_hd__clkbuf_16)
    10    0.03                           clknet_3_1__leaf_clk (net)
                  0.06    0.00    0.43 ^ _522_/CLK (sky130_fd_sc_hd__dfrtp_1)
                  0.09    0.34    0.77 ^ _522_/Q (sky130_fd_sc_hd__dfrtp_1)
     3    0.01                           patterns[2][7] (net)
                  0.09    0.00    0.77 ^ _405_/A0 (sky130_fd_sc_hd__mux2_1)
                  0.04    0.13    0.90 ^ _405_/X (sky130_fd_sc_hd__mux2_1)
     1    0.00                           _200_ (net)
                  0.04    0.00    0.90 ^ _406_/A (sky130_fd_sc_hd__clkbuf_1)
                  0.04    0.07    0.97 ^ _406_/X (sky130_fd_sc_hd__clkbuf_1)
     1    0.00                           _035_ (net)
                  0.04    0.00    0.97 ^ _522_/D (sky130_fd_sc_hd__dfrtp_1)
                                  0.97   data arrival time

                          0.00    0.00   clock clk (rise edge)
                          0.00    0.00   clock source latency
                  0.12    0.09    0.09 ^ clk (in)
     1    0.03                           clk (net)
                  0.12    0.00    0.09 ^ clkbuf_0_clk/A (sky130_fd_sc_hd__clkbuf_16)
                  0.11    0.22    0.31 ^ clkbuf_0_clk/X (sky130_fd_sc_hd__clkbuf_16)
     8    0.09                           clknet_0_clk (net)
                  0.11    0.00    0.31 ^ clkbuf_3_1__f_clk/A (sky130_fd_sc_hd__clkbuf_16)
                  0.06    0.17    0.48 ^ clkbuf_3_1__f_clk/X (sky130_fd_sc_hd__clkbuf_16)
    10    0.03                           clknet_3_1__leaf_clk (net)
                  0.06    0.00    0.48 ^ _522_/CLK (sky130_fd_sc_hd__dfrtp_1)
                          0.25    0.73   clock uncertainty
                         -0.05    0.68   clock reconvergence pessimism
                         -0.03    0.65   library hold time
                                  0.65   data required time
-----------------------------------------------------------------------------
                                  0.65   data required time
                                 -0.97   data arrival time
-----------------------------------------------------------------------------
                                  0.32   slack (MET)


Startpoint: _505_ (rising edge-triggered flip-flop clocked by clk)
Endpoint: _505_ (rising edge-triggered flip-flop clocked by clk)
Path Group: clk
Path Type: min

Fanout     Cap    Slew   Delay    Time   Description
-----------------------------------------------------------------------------
                          0.00    0.00   clock clk (rise edge)
                          0.00    0.00   clock source latency
                  0.12    0.08    0.08 ^ clk (in)
     1    0.03                           clk (net)
                  0.12    0.00    0.08 ^ clkbuf_0_clk/A (sky130_fd_sc_hd__clkbuf_16)
                  0.11    0.20    0.28 ^ clkbuf_0_clk/X (sky130_fd_sc_hd__clkbuf_16)
     8    0.09                           clknet_0_clk (net)
                  0.11    0.00    0.28 ^ clkbuf_3_3__f_clk/A (sky130_fd_sc_hd__clkbuf_16)
                  0.06    0.15    0.43 ^ clkbuf_3_3__f_clk/X (sky130_fd_sc_hd__clkbuf_16)
    11    0.04                           clknet_3_3__leaf_clk (net)
                  0.06    0.00    0.43 ^ _505_/CLK (sky130_fd_sc_hd__dfrtp_1)
                  0.08    0.34    0.77 ^ _505_/Q (sky130_fd_sc_hd__dfrtp_1)
     3    0.01                           patterns[0][6] (net)
                  0.08    0.00    0.77 ^ _371_/A1 (sky130_fd_sc_hd__mux2_1)
                  0.04    0.13    0.90 ^ _371_/X (sky130_fd_sc_hd__mux2_1)
     1    0.00                           _183_ (net)
                  0.04    0.00    0.90 ^ _372_/A (sky130_fd_sc_hd__clkbuf_1)
                  0.04    0.07    0.97 ^ _372_/X (sky130_fd_sc_hd__clkbuf_1)
     1    0.00                           _018_ (net)
                  0.04    0.00    0.97 ^ _505_/D (sky130_fd_sc_hd__dfrtp_1)
                                  0.97   data arrival time

                          0.00    0.00   clock clk (rise edge)
                          0.00    0.00   clock source latency
                  0.12    0.09    0.09 ^ clk (in)
     1    0.03                           clk (net)
                  0.12    0.00    0.09 ^ clkbuf_0_clk/A (sky130_fd_sc_hd__clkbuf_16)
                  0.11    0.22    0.31 ^ clkbuf_0_clk/X (sky130_fd_sc_hd__clkbuf_16)
     8    0.09                           clknet_0_clk (net)
                  0.11    0.00    0.31 ^ clkbuf_3_3__f_clk/A (sky130_fd_sc_hd__clkbuf_16)
                  0.06    0.17    0.48 ^ clkbuf_3_3__f_clk/X (sky130_fd_sc_hd__clkbuf_16)
    11    0.04                           clknet_3_3__leaf_clk (net)
                  0.06    0.00    0.48 ^ _505_/CLK (sky130_fd_sc_hd__dfrtp_1)
                          0.25    0.73   clock uncertainty
                         -0.05    0.68   clock reconvergence pessimism
                         -0.03    0.65   library hold time
                                  0.65   data required time
-----------------------------------------------------------------------------
                                  0.65   data required time
                                 -0.97   data arrival time
-----------------------------------------------------------------------------
                                  0.32   slack (MET)


Startpoint: _520_ (rising edge-triggered flip-flop clocked by clk)
Endpoint: _520_ (rising edge-triggered flip-flop clocked by clk)
Path Group: clk
Path Type: min

Fanout     Cap    Slew   Delay    Time   Description
-----------------------------------------------------------------------------
                          0.00    0.00   clock clk (rise edge)
                          0.00    0.00   clock source latency
                  0.12    0.08    0.08 ^ clk (in)
     1    0.03                           clk (net)
                  0.12    0.00    0.08 ^ clkbuf_0_clk/A (sky130_fd_sc_hd__clkbuf_16)
                  0.11    0.20    0.28 ^ clkbuf_0_clk/X (sky130_fd_sc_hd__clkbuf_16)
     8    0.09                           clknet_0_clk (net)
                  0.11    0.00    0.28 ^ clkbuf_3_0__f_clk/A (sky130_fd_sc_hd__clkbuf_16)
                  0.04    0.14    0.42 ^ clkbuf_3_0__f_clk/X (sky130_fd_sc_hd__clkbuf_16)
     7    0.02                           clknet_3_0__leaf_clk (net)
                  0.04    0.00    0.42 ^ _520_/CLK (sky130_fd_sc_hd__dfrtp_1)
                  0.09    0.34    0.76 ^ _520_/Q (sky130_fd_sc_hd__dfrtp_1)
     3    0.01                           patterns[2][5] (net)
                  0.09    0.00    0.76 ^ _401_/A0 (sky130_fd_sc_hd__mux2_1)
                  0.04    0.13    0.89 ^ _401_/X (sky130_fd_sc_hd__mux2_1)
     1    0.00                           _198_ (net)
                  0.04    0.00    0.89 ^ _402_/A (sky130_fd_sc_hd__clkbuf_1)
                  0.04    0.07    0.96 ^ _402_/X (sky130_fd_sc_hd__clkbuf_1)
     1    0.00                           _033_ (net)
                  0.04    0.00    0.96 ^ _520_/D (sky130_fd_sc_hd__dfrtp_1)
                                  0.96   data arrival time

                          0.00    0.00   clock clk (rise edge)
                          0.00    0.00   clock source latency
                  0.12    0.09    0.09 ^ clk (in)
     1    0.03                           clk (net)
                  0.12    0.00    0.09 ^ clkbuf_0_clk/A (sky130_fd_sc_hd__clkbuf_16)
                  0.11    0.22    0.31 ^ clkbuf_0_clk/X (sky130_fd_sc_hd__clkbuf_16)
     8    0.09                           clknet_0_clk (net)
                  0.11    0.00    0.31 ^ clkbuf_3_0__f_clk/A (sky130_fd_sc_hd__clkbuf_16)
                  0.04    0.16    0.47 ^ clkbuf_3_0__f_clk/X (sky130_fd_sc_hd__clkbuf_16)
     7    0.02                           clknet_3_0__leaf_clk (net)
                  0.04    0.00    0.47 ^ _520_/CLK (sky130_fd_sc_hd__dfrtp_1)
                          0.25    0.72   clock uncertainty
                         -0.04    0.67   clock reconvergence pessimism
                         -0.03    0.64   library hold time
                                  0.64   data required time
-----------------------------------------------------------------------------
                                  0.64   data required time
                                 -0.96   data arrival time
-----------------------------------------------------------------------------
                                  0.32   slack (MET)


Startpoint: _516_ (rising edge-triggered flip-flop clocked by clk)
Endpoint: _516_ (rising edge-triggered flip-flop clocked by clk)
Path Group: clk
Path Type: min

Fanout     Cap    Slew   Delay    Time   Description
-----------------------------------------------------------------------------
                          0.00    0.00   clock clk (rise edge)
                          0.00    0.00   clock source latency
                  0.12    0.08    0.08 ^ clk (in)
     1    0.03                           clk (net)
                  0.12    0.00    0.08 ^ clkbuf_0_clk/A (sky130_fd_sc_hd__clkbuf_16)
                  0.11    0.20    0.28 ^ clkbuf_0_clk/X (sky130_fd_sc_hd__clkbuf_16)
     8    0.09                           clknet_0_clk (net)
                  0.11    0.00    0.28 ^ clkbuf_3_0__f_clk/A (sky130_fd_sc_hd__clkbuf_16)
                  0.04    0.14    0.42 ^ clkbuf_3_0__f_clk/X (sky130_fd_sc_hd__clkbuf_16)
     7    0.02                           clknet_3_0__leaf_clk (net)
                  0.04    0.00    0.42 ^ _516_/CLK (sky130_fd_sc_hd__dfrtp_1)
                  0.10    0.34    0.76 ^ _516_/Q (sky130_fd_sc_hd__dfrtp_1)
     3    0.01                           patterns[2][1] (net)
                  0.10    0.00    0.76 ^ _393_/A0 (sky130_fd_sc_hd__mux2_1)
                  0.04    0.12    0.89 ^ _393_/X (sky130_fd_sc_hd__mux2_1)
     1    0.00                           _194_ (net)
                  0.04    0.00    0.89 ^ _394_/A (sky130_fd_sc_hd__clkbuf_1)
                  0.04    0.07    0.96 ^ _394_/X (sky130_fd_sc_hd__clkbuf_1)
     1    0.00                           _029_ (net)
                  0.04    0.00    0.96 ^ _516_/D (sky130_fd_sc_hd__dfrtp_1)
                                  0.96   data arrival time

                          0.00    0.00   clock clk (rise edge)
                          0.00    0.00   clock source latency
                  0.12    0.09    0.09 ^ clk (in)
     1    0.03                           clk (net)
                  0.12    0.00    0.09 ^ clkbuf_0_clk/A (sky130_fd_sc_hd__clkbuf_16)
                  0.11    0.22    0.31 ^ clkbuf_0_clk/X (sky130_fd_sc_hd__clkbuf_16)
     8    0.09                           clknet_0_clk (net)
                  0.11    0.00    0.31 ^ clkbuf_3_0__f_clk/A (sky130_fd_sc_hd__clkbuf_16)
                  0.04    0.16    0.47 ^ clkbuf_3_0__f_clk/X (sky130_fd_sc_hd__clkbuf_16)
     7    0.02                           clknet_3_0__leaf_clk (net)
                  0.04    0.00    0.47 ^ _516_/CLK (sky130_fd_sc_hd__dfrtp_1)
                          0.25    0.72   clock uncertainty
                         -0.04    0.67   clock reconvergence pessimism
                         -0.03    0.64   library hold time
                                  0.64   data required time
-----------------------------------------------------------------------------
                                  0.64   data required time
                                 -0.96   data arrival time
-----------------------------------------------------------------------------
                                  0.32   slack (MET)


Startpoint: _507_ (rising edge-triggered flip-flop clocked by clk)
Endpoint: _507_ (rising edge-triggered flip-flop clocked by clk)
Path Group: clk
Path Type: min

Fanout     Cap    Slew   Delay    Time   Description
-----------------------------------------------------------------------------
                          0.00    0.00   clock clk (rise edge)
                          0.00    0.00   clock source latency
                  0.12    0.08    0.08 ^ clk (in)
     1    0.03                           clk (net)
                  0.12    0.00    0.08 ^ clkbuf_0_clk/A (sky130_fd_sc_hd__clkbuf_16)
                  0.11    0.20    0.28 ^ clkbuf_0_clk/X (sky130_fd_sc_hd__clkbuf_16)
     8    0.09                           clknet_0_clk (net)
                  0.11    0.00    0.28 ^ clkbuf_3_5__f_clk/A (sky130_fd_sc_hd__clkbuf_16)
                  0.05    0.15    0.43 ^ clkbuf_3_5__f_clk/X (sky130_fd_sc_hd__clkbuf_16)
    10    0.03                           clknet_3_5__leaf_clk (net)
                  0.05    0.00    0.43 ^ _507_/CLK (sky130_fd_sc_hd__dfrtp_1)
                  0.09    0.34    0.77 ^ _507_/Q (sky130_fd_sc_hd__dfrtp_1)
     3    0.01                           patterns[1][0] (net)
                  0.09    0.00    0.77 ^ _375_/A0 (sky130_fd_sc_hd__mux2_1)
                  0.04    0.12    0.89 ^ _375_/X (sky130_fd_sc_hd__mux2_1)
     1    0.00                           _185_ (net)
                  0.04    0.00    0.89 ^ _376_/A (sky130_fd_sc_hd__clkbuf_1)
                  0.05    0.08    0.97 ^ _376_/X (sky130_fd_sc_hd__clkbuf_1)
     1    0.00                           _020_ (net)
                  0.05    0.00    0.97 ^ _507_/D (sky130_fd_sc_hd__dfrtp_1)
                                  0.97   data arrival time

                          0.00    0.00   clock clk (rise edge)
                          0.00    0.00   clock source latency
                  0.12    0.09    0.09 ^ clk (in)
     1    0.03                           clk (net)
                  0.12    0.00    0.09 ^ clkbuf_0_clk/A (sky130_fd_sc_hd__clkbuf_16)
                  0.11    0.22    0.31 ^ clkbuf_0_clk/X (sky130_fd_sc_hd__clkbuf_16)
     8    0.09                           clknet_0_clk (net)
                  0.11    0.00    0.31 ^ clkbuf_3_5__f_clk/A (sky130_fd_sc_hd__clkbuf_16)
                  0.05    0.17    0.48 ^ clkbuf_3_5__f_clk/X (sky130_fd_sc_hd__clkbuf_16)
    10    0.03                           clknet_3_5__leaf_clk (net)
                  0.05    0.00    0.48 ^ _507_/CLK (sky130_fd_sc_hd__dfrtp_1)
                          0.25    0.73   clock uncertainty
                         -0.05    0.68   clock reconvergence pessimism
                         -0.03    0.65   library hold time
                                  0.65   data required time
-----------------------------------------------------------------------------
                                  0.65   data required time
                                 -0.97   data arrival time
-----------------------------------------------------------------------------
                                  0.32   slack (MET)


Startpoint: _503_ (rising edge-triggered flip-flop clocked by clk)
Endpoint: _503_ (rising edge-triggered flip-flop clocked by clk)
Path Group: clk
Path Type: min

Fanout     Cap    Slew   Delay    Time   Description
-----------------------------------------------------------------------------
                          0.00    0.00   clock clk (rise edge)
                          0.00    0.00   clock source latency
                  0.12    0.08    0.08 ^ clk (in)
     1    0.03                           clk (net)
                  0.12    0.00    0.08 ^ clkbuf_0_clk/A (sky130_fd_sc_hd__clkbuf_16)
                  0.11    0.20    0.28 ^ clkbuf_0_clk/X (sky130_fd_sc_hd__clkbuf_16)
     8    0.09                           clknet_0_clk (net)
                  0.11    0.00    0.28 ^ clkbuf_3_3__f_clk/A (sky130_fd_sc_hd__clkbuf_16)
                  0.06    0.15    0.43 ^ clkbuf_3_3__f_clk/X (sky130_fd_sc_hd__clkbuf_16)
    11    0.04                           clknet_3_3__leaf_clk (net)
                  0.06    0.00    0.43 ^ _503_/CLK (sky130_fd_sc_hd__dfrtp_1)
                  0.09    0.34    0.77 ^ _503_/Q (sky130_fd_sc_hd__dfrtp_1)
     3    0.01                           patterns[0][4] (net)
                  0.09    0.00    0.77 ^ _367_/A1 (sky130_fd_sc_hd__mux2_1)
                  0.04    0.13    0.90 ^ _367_/X (sky130_fd_sc_hd__mux2_1)
     1    0.00                           _181_ (net)
                  0.04    0.00    0.90 ^ _368_/A (sky130_fd_sc_hd__clkbuf_1)
                  0.04    0.07    0.97 ^ _368_/X (sky130_fd_sc_hd__clkbuf_1)
     1    0.00                           _016_ (net)
                  0.04    0.00    0.97 ^ _503_/D (sky130_fd_sc_hd__dfrtp_1)
                                  0.97   data arrival time

                          0.00    0.00   clock clk (rise edge)
                          0.00    0.00   clock source latency
                  0.12    0.09    0.09 ^ clk (in)
     1    0.03                           clk (net)
                  0.12    0.00    0.09 ^ clkbuf_0_clk/A (sky130_fd_sc_hd__clkbuf_16)
                  0.11    0.22    0.31 ^ clkbuf_0_clk/X (sky130_fd_sc_hd__clkbuf_16)
     8    0.09                           clknet_0_clk (net)
                  0.11    0.00    0.31 ^ clkbuf_3_3__f_clk/A (sky130_fd_sc_hd__clkbuf_16)
                  0.06    0.17    0.48 ^ clkbuf_3_3__f_clk/X (sky130_fd_sc_hd__clkbuf_16)
    11    0.04                           clknet_3_3__leaf_clk (net)
                  0.06    0.00    0.48 ^ _503_/CLK (sky130_fd_sc_hd__dfrtp_1)
                          0.25    0.73   clock uncertainty
                         -0.05    0.68   clock reconvergence pessimism
                         -0.03    0.65   library hold time
                                  0.65   data required time
-----------------------------------------------------------------------------
                                  0.65   data required time
                                 -0.97   data arrival time
-----------------------------------------------------------------------------
                                  0.32   slack (MET)


Startpoint: _515_ (rising edge-triggered flip-flop clocked by clk)
Endpoint: _515_ (rising edge-triggered flip-flop clocked by clk)
Path Group: clk
Path Type: min

Fanout     Cap    Slew   Delay    Time   Description
-----------------------------------------------------------------------------
                          0.00    0.00   clock clk (rise edge)
                          0.00    0.00   clock source latency
                  0.12    0.08    0.08 ^ clk (in)
     1    0.03                           clk (net)
                  0.12    0.00    0.08 ^ clkbuf_0_clk/A (sky130_fd_sc_hd__clkbuf_16)
                  0.11    0.20    0.28 ^ clkbuf_0_clk/X (sky130_fd_sc_hd__clkbuf_16)
     8    0.09                           clknet_0_clk (net)
                  0.11    0.00    0.28 ^ clkbuf_3_7__f_clk/A (sky130_fd_sc_hd__clkbuf_16)
                  0.06    0.15    0.43 ^ clkbuf_3_7__f_clk/X (sky130_fd_sc_hd__clkbuf_16)
    11    0.04                           clknet_3_7__leaf_clk (net)
                  0.06    0.00    0.43 ^ _515_/CLK (sky130_fd_sc_hd__dfrtp_1)
                  0.10    0.35    0.78 ^ _515_/Q (sky130_fd_sc_hd__dfrtp_1)
     3    0.01                           patterns[2][0] (net)
                  0.10    0.00    0.78 ^ _391_/A0 (sky130_fd_sc_hd__mux2_1)
                  0.04    0.12    0.90 ^ _391_/X (sky130_fd_sc_hd__mux2_1)
     1    0.00                           _193_ (net)
                  0.04    0.00    0.90 ^ _392_/A (sky130_fd_sc_hd__clkbuf_1)
                  0.04    0.07    0.97 ^ _392_/X (sky130_fd_sc_hd__clkbuf_1)
     1    0.00                           _028_ (net)
                  0.04    0.00    0.97 ^ _515_/D (sky130_fd_sc_hd__dfrtp_1)
                                  0.97   data arrival time

                          0.00    0.00   clock clk (rise edge)
                          0.00    0.00   clock source latency
                  0.12    0.09    0.09 ^ clk (in)
     1    0.03                           clk (net)
                  0.12    0.00    0.09 ^ clkbuf_0_clk/A (sky130_fd_sc_hd__clkbuf_16)
                  0.11    0.22    0.31 ^ clkbuf_0_clk/X (sky130_fd_sc_hd__clkbuf_16)
     8    0.09                           clknet_0_clk (net)
                  0.11    0.00    0.31 ^ clkbuf_3_7__f_clk/A (sky130_fd_sc_hd__clkbuf_16)
                  0.06    0.17    0.48 ^ clkbuf_3_7__f_clk/X (sky130_fd_sc_hd__clkbuf_16)
    11    0.04                           clknet_3_7__leaf_clk (net)
                  0.06    0.00    0.48 ^ _515_/CLK (sky130_fd_sc_hd__dfrtp_1)
                          0.25    0.73   clock uncertainty
                         -0.05    0.68   clock reconvergence pessimism
                         -0.03    0.65   library hold time
                                  0.65   data required time
-----------------------------------------------------------------------------
                                  0.65   data required time
                                 -0.97   data arrival time
-----------------------------------------------------------------------------
                                  0.32   slack (MET)


Startpoint: _500_ (rising edge-triggered flip-flop clocked by clk)
Endpoint: _500_ (rising edge-triggered flip-flop clocked by clk)
Path Group: clk
Path Type: min

Fanout     Cap    Slew   Delay    Time   Description
-----------------------------------------------------------------------------
                          0.00    0.00   clock clk (rise edge)
                          0.00    0.00   clock source latency
                  0.12    0.08    0.08 ^ clk (in)
     1    0.03                           clk (net)
                  0.12    0.00    0.08 ^ clkbuf_0_clk/A (sky130_fd_sc_hd__clkbuf_16)
                  0.11    0.20    0.28 ^ clkbuf_0_clk/X (sky130_fd_sc_hd__clkbuf_16)
     8    0.09                           clknet_0_clk (net)
                  0.11    0.00    0.28 ^ clkbuf_3_1__f_clk/A (sky130_fd_sc_hd__clkbuf_16)
                  0.06    0.15    0.43 ^ clkbuf_3_1__f_clk/X (sky130_fd_sc_hd__clkbuf_16)
    10    0.03                           clknet_3_1__leaf_clk (net)
                  0.06    0.00    0.43 ^ _500_/CLK (sky130_fd_sc_hd__dfrtp_1)
                  0.09    0.34    0.77 ^ _500_/Q (sky130_fd_sc_hd__dfrtp_1)
     3    0.01                           patterns[0][1] (net)
                  0.09    0.00    0.77 ^ _361_/A1 (sky130_fd_sc_hd__mux2_1)
                  0.04    0.12    0.90 ^ _361_/X (sky130_fd_sc_hd__mux2_1)
     1    0.00                           _178_ (net)
                  0.04    0.00    0.90 ^ _362_/A (sky130_fd_sc_hd__clkbuf_1)
                  0.04    0.07    0.97 ^ _362_/X (sky130_fd_sc_hd__clkbuf_1)
     1    0.00                           _013_ (net)
                  0.04    0.00    0.97 ^ _500_/D (sky130_fd_sc_hd__dfrtp_1)
                                  0.97   data arrival time

                          0.00    0.00   clock clk (rise edge)
                          0.00    0.00   clock source latency
                  0.12    0.09    0.09 ^ clk (in)
     1    0.03                           clk (net)
                  0.12    0.00    0.09 ^ clkbuf_0_clk/A (sky130_fd_sc_hd__clkbuf_16)
                  0.11    0.22    0.31 ^ clkbuf_0_clk/X (sky130_fd_sc_hd__clkbuf_16)
     8    0.09                           clknet_0_clk (net)
                  0.11    0.00    0.31 ^ clkbuf_3_1__f_clk/A (sky130_fd_sc_hd__clkbuf_16)
                  0.06    0.17    0.48 ^ clkbuf_3_1__f_clk/X (sky130_fd_sc_hd__clkbuf_16)
    10    0.03                           clknet_3_1__leaf_clk (net)
                  0.06    0.00    0.48 ^ _500_/CLK (sky130_fd_sc_hd__dfrtp_1)
                          0.25    0.73   clock uncertainty
                         -0.05    0.68   clock reconvergence pessimism
                         -0.03    0.65   library hold time
                                  0.65   data required time
-----------------------------------------------------------------------------
                                  0.65   data required time
                                 -0.97   data arrival time
-----------------------------------------------------------------------------
                                  0.32   slack (MET)


Startpoint: _511_ (rising edge-triggered flip-flop clocked by clk)
Endpoint: _511_ (rising edge-triggered flip-flop clocked by clk)
Path Group: clk
Path Type: min

Fanout     Cap    Slew   Delay    Time   Description
-----------------------------------------------------------------------------
                          0.00    0.00   clock clk (rise edge)
                          0.00    0.00   clock source latency
                  0.12    0.08    0.08 ^ clk (in)
     1    0.03                           clk (net)
                  0.12    0.00    0.08 ^ clkbuf_0_clk/A (sky130_fd_sc_hd__clkbuf_16)
                  0.11    0.20    0.28 ^ clkbuf_0_clk/X (sky130_fd_sc_hd__clkbuf_16)
     8    0.09                           clknet_0_clk (net)
                  0.11    0.00    0.28 ^ clkbuf_3_2__f_clk/A (sky130_fd_sc_hd__clkbuf_16)
                  0.05    0.15    0.43 ^ clkbuf_3_2__f_clk/X (sky130_fd_sc_hd__clkbuf_16)
     9    0.03                           clknet_3_2__leaf_clk (net)
                  0.05    0.00    0.43 ^ _511_/CLK (sky130_fd_sc_hd__dfrtp_1)
                  0.09    0.34    0.77 ^ _511_/Q (sky130_fd_sc_hd__dfrtp_1)
     3    0.01                           patterns[1][4] (net)
                  0.09    0.00    0.77 ^ _383_/A0 (sky130_fd_sc_hd__mux2_1)
                  0.04    0.13    0.90 ^ _383_/X (sky130_fd_sc_hd__mux2_1)
     1    0.00                           _189_ (net)
                  0.04    0.00    0.90 ^ _384_/A (sky130_fd_sc_hd__clkbuf_1)
                  0.04    0.07    0.97 ^ _384_/X (sky130_fd_sc_hd__clkbuf_1)
     1    0.00                           _024_ (net)
                  0.04    0.00    0.97 ^ _511_/D (sky130_fd_sc_hd__dfrtp_1)
                                  0.97   data arrival time

                          0.00    0.00   clock clk (rise edge)
                          0.00    0.00   clock source latency
                  0.12    0.09    0.09 ^ clk (in)
     1    0.03                           clk (net)
                  0.12    0.00    0.09 ^ clkbuf_0_clk/A (sky130_fd_sc_hd__clkbuf_16)
                  0.11    0.22    0.31 ^ clkbuf_0_clk/X (sky130_fd_sc_hd__clkbuf_16)
     8    0.09                           clknet_0_clk (net)
                  0.11    0.00    0.31 ^ clkbuf_3_2__f_clk/A (sky130_fd_sc_hd__clkbuf_16)
                  0.05    0.17    0.47 ^ clkbuf_3_2__f_clk/X (sky130_fd_sc_hd__clkbuf_16)
     9    0.03                           clknet_3_2__leaf_clk (net)
                  0.05    0.00    0.48 ^ _511_/CLK (sky130_fd_sc_hd__dfrtp_1)
                          0.25    0.73   clock uncertainty
                         -0.05    0.68   clock reconvergence pessimism
                         -0.03    0.65   library hold time
                                  0.65   data required time
-----------------------------------------------------------------------------
                                  0.65   data required time
                                 -0.97   data arrival time
-----------------------------------------------------------------------------
                                  0.32   slack (MET)


Startpoint: _502_ (rising edge-triggered flip-flop clocked by clk)
Endpoint: _502_ (rising edge-triggered flip-flop clocked by clk)
Path Group: clk
Path Type: min

Fanout     Cap    Slew   Delay    Time   Description
-----------------------------------------------------------------------------
                          0.00    0.00   clock clk (rise edge)
                          0.00    0.00   clock source latency
                  0.12    0.08    0.08 ^ clk (in)
     1    0.03                           clk (net)
                  0.12    0.00    0.08 ^ clkbuf_0_clk/A (sky130_fd_sc_hd__clkbuf_16)
                  0.11    0.20    0.28 ^ clkbuf_0_clk/X (sky130_fd_sc_hd__clkbuf_16)
     8    0.09                           clknet_0_clk (net)
                  0.11    0.00    0.28 ^ clkbuf_3_6__f_clk/A (sky130_fd_sc_hd__clkbuf_16)
                  0.05    0.15    0.43 ^ clkbuf_3_6__f_clk/X (sky130_fd_sc_hd__clkbuf_16)
     9    0.03                           clknet_3_6__leaf_clk (net)
                  0.05    0.00    0.43 ^ _502_/CLK (sky130_fd_sc_hd__dfrtp_1)
                  0.09    0.34    0.77 ^ _502_/Q (sky130_fd_sc_hd__dfrtp_1)
     3    0.01                           patterns[0][3] (net)
                  0.09    0.00    0.77 ^ _365_/A1 (sky130_fd_sc_hd__mux2_1)
                  0.05    0.13    0.90 ^ _365_/X (sky130_fd_sc_hd__mux2_1)
     1    0.00                           _180_ (net)
                  0.05    0.00    0.90 ^ _366_/A (sky130_fd_sc_hd__clkbuf_1)
                  0.04    0.07    0.97 ^ _366_/X (sky130_fd_sc_hd__clkbuf_1)
     1    0.00                           _015_ (net)
                  0.04    0.00    0.97 ^ _502_/D (sky130_fd_sc_hd__dfrtp_1)
                                  0.97   data arrival time

                          0.00    0.00   clock clk (rise edge)
                          0.00    0.00   clock source latency
                  0.12    0.09    0.09 ^ clk (in)
     1    0.03                           clk (net)
                  0.12    0.00    0.09 ^ clkbuf_0_clk/A (sky130_fd_sc_hd__clkbuf_16)
                  0.11    0.22    0.31 ^ clkbuf_0_clk/X (sky130_fd_sc_hd__clkbuf_16)
     8    0.09                           clknet_0_clk (net)
                  0.11    0.00    0.31 ^ clkbuf_3_6__f_clk/A (sky130_fd_sc_hd__clkbuf_16)
                  0.05    0.17    0.48 ^ clkbuf_3_6__f_clk/X (sky130_fd_sc_hd__clkbuf_16)
     9    0.03                           clknet_3_6__leaf_clk (net)
                  0.05    0.00    0.48 ^ _502_/CLK (sky130_fd_sc_hd__dfrtp_1)
                          0.25    0.73   clock uncertainty
                         -0.05    0.68   clock reconvergence pessimism
                         -0.03    0.65   library hold time
                                  0.65   data required time
-----------------------------------------------------------------------------
                                  0.65   data required time
                                 -0.97   data arrival time
-----------------------------------------------------------------------------
                                  0.32   slack (MET)


Startpoint: _521_ (rising edge-triggered flip-flop clocked by clk)
Endpoint: _521_ (rising edge-triggered flip-flop clocked by clk)
Path Group: clk
Path Type: min

Fanout     Cap    Slew   Delay    Time   Description
-----------------------------------------------------------------------------
                          0.00    0.00   clock clk (rise edge)
                          0.00    0.00   clock source latency
                  0.12    0.08    0.08 ^ clk (in)
     1    0.03                           clk (net)
                  0.12    0.00    0.08 ^ clkbuf_0_clk/A (sky130_fd_sc_hd__clkbuf_16)
                  0.11    0.20    0.28 ^ clkbuf_0_clk/X (sky130_fd_sc_hd__clkbuf_16)
     8    0.09                           clknet_0_clk (net)
                  0.11    0.00    0.28 ^ clkbuf_3_6__f_clk/A (sky130_fd_sc_hd__clkbuf_16)
                  0.05    0.15    0.43 ^ clkbuf_3_6__f_clk/X (sky130_fd_sc_hd__clkbuf_16)
     9    0.03                           clknet_3_6__leaf_clk (net)
                  0.05    0.00    0.43 ^ _521_/CLK (sky130_fd_sc_hd__dfrtp_1)
                  0.09    0.34    0.77 ^ _521_/Q (sky130_fd_sc_hd__dfrtp_1)
     3    0.01                           patterns[2][6] (net)
                  0.09    0.00    0.77 ^ _403_/A0 (sky130_fd_sc_hd__mux2_1)
                  0.05    0.13    0.90 ^ _403_/X (sky130_fd_sc_hd__mux2_1)
     1    0.00                           _199_ (net)
                  0.05    0.00    0.90 ^ _404_/A (sky130_fd_sc_hd__clkbuf_1)
                  0.04    0.08    0.97 ^ _404_/X (sky130_fd_sc_hd__clkbuf_1)
     1    0.00                           _034_ (net)
                  0.04    0.00    0.97 ^ _521_/D (sky130_fd_sc_hd__dfrtp_1)
                                  0.97   data arrival time

                          0.00    0.00   clock clk (rise edge)
                          0.00    0.00   clock source latency
                  0.12    0.09    0.09 ^ clk (in)
     1    0.03                           clk (net)
                  0.12    0.00    0.09 ^ clkbuf_0_clk/A (sky130_fd_sc_hd__clkbuf_16)
                  0.11    0.22    0.31 ^ clkbuf_0_clk/X (sky130_fd_sc_hd__clkbuf_16)
     8    0.09                           clknet_0_clk (net)
                  0.11    0.00    0.31 ^ clkbuf_3_6__f_clk/A (sky130_fd_sc_hd__clkbuf_16)
                  0.05    0.17    0.48 ^ clkbuf_3_6__f_clk/X (sky130_fd_sc_hd__clkbuf_16)
     9    0.03                           clknet_3_6__leaf_clk (net)
                  0.05    0.00    0.48 ^ _521_/CLK (sky130_fd_sc_hd__dfrtp_1)
                          0.25    0.73   clock uncertainty
                         -0.05    0.68   clock reconvergence pessimism
                         -0.03    0.65   library hold time
                                  0.65   data required time
-----------------------------------------------------------------------------
                                  0.65   data required time
                                 -0.97   data arrival time
-----------------------------------------------------------------------------
                                  0.33   slack (MET)


Startpoint: _519_ (rising edge-triggered flip-flop clocked by clk)
Endpoint: _519_ (rising edge-triggered flip-flop clocked by clk)
Path Group: clk
Path Type: min

Fanout     Cap    Slew   Delay    Time   Description
-----------------------------------------------------------------------------
                          0.00    0.00   clock clk (rise edge)
                          0.00    0.00   clock source latency
                  0.12    0.08    0.08 ^ clk (in)
     1    0.03                           clk (net)
                  0.12    0.00    0.08 ^ clkbuf_0_clk/A (sky130_fd_sc_hd__clkbuf_16)
                  0.11    0.20    0.28 ^ clkbuf_0_clk/X (sky130_fd_sc_hd__clkbuf_16)
     8    0.09                           clknet_0_clk (net)
                  0.11    0.00    0.28 ^ clkbuf_3_2__f_clk/A (sky130_fd_sc_hd__clkbuf_16)
                  0.05    0.15    0.43 ^ clkbuf_3_2__f_clk/X (sky130_fd_sc_hd__clkbuf_16)
     9    0.03                           clknet_3_2__leaf_clk (net)
                  0.05    0.00    0.43 ^ _519_/CLK (sky130_fd_sc_hd__dfrtp_1)
                  0.10    0.35    0.78 ^ _519_/Q (sky130_fd_sc_hd__dfrtp_1)
     3    0.01                           patterns[2][4] (net)
                  0.10    0.00    0.78 ^ _399_/A0 (sky130_fd_sc_hd__mux2_1)
                  0.04    0.12    0.90 ^ _399_/X (sky130_fd_sc_hd__mux2_1)
     1    0.00                           _197_ (net)
                  0.04    0.00    0.90 ^ _400_/A (sky130_fd_sc_hd__clkbuf_1)
                  0.04    0.07    0.97 ^ _400_/X (sky130_fd_sc_hd__clkbuf_1)
     1    0.00                           _032_ (net)
                  0.04    0.00    0.97 ^ _519_/D (sky130_fd_sc_hd__dfrtp_1)
                                  0.97   data arrival time

                          0.00    0.00   clock clk (rise edge)
                          0.00    0.00   clock source latency
                  0.12    0.09    0.09 ^ clk (in)
     1    0.03                           clk (net)
                  0.12    0.00    0.09 ^ clkbuf_0_clk/A (sky130_fd_sc_hd__clkbuf_16)
                  0.11    0.22    0.31 ^ clkbuf_0_clk/X (sky130_fd_sc_hd__clkbuf_16)
     8    0.09                           clknet_0_clk (net)
                  0.11    0.00    0.31 ^ clkbuf_3_2__f_clk/A (sky130_fd_sc_hd__clkbuf_16)
                  0.05    0.17    0.47 ^ clkbuf_3_2__f_clk/X (sky130_fd_sc_hd__clkbuf_16)
     9    0.03                           clknet_3_2__leaf_clk (net)
                  0.05    0.00    0.48 ^ _519_/CLK (sky130_fd_sc_hd__dfrtp_1)
                          0.25    0.73   clock uncertainty
                         -0.05    0.68   clock reconvergence pessimism
                         -0.03    0.65   library hold time
                                  0.65   data required time
-----------------------------------------------------------------------------
                                  0.65   data required time
                                 -0.97   data arrival time
-----------------------------------------------------------------------------
                                  0.33   slack (MET)


Startpoint: _512_ (rising edge-triggered flip-flop clocked by clk)
Endpoint: _512_ (rising edge-triggered flip-flop clocked by clk)
Path Group: clk
Path Type: min

Fanout     Cap    Slew   Delay    Time   Description
-----------------------------------------------------------------------------
                          0.00    0.00   clock clk (rise edge)
                          0.00    0.00   clock source latency
                  0.12    0.08    0.08 ^ clk (in)
     1    0.03                           clk (net)
                  0.12    0.00    0.08 ^ clkbuf_0_clk/A (sky130_fd_sc_hd__clkbuf_16)
                  0.11    0.20    0.28 ^ clkbuf_0_clk/X (sky130_fd_sc_hd__clkbuf_16)
     8    0.09                           clknet_0_clk (net)
                  0.11    0.00    0.28 ^ clkbuf_3_1__f_clk/A (sky130_fd_sc_hd__clkbuf_16)
                  0.06    0.15    0.43 ^ clkbuf_3_1__f_clk/X (sky130_fd_sc_hd__clkbuf_16)
    10    0.03                           clknet_3_1__leaf_clk (net)
                  0.06    0.00    0.43 ^ _512_/CLK (sky130_fd_sc_hd__dfrtp_1)
                  0.09    0.34    0.78 ^ _512_/Q (sky130_fd_sc_hd__dfrtp_1)
     3    0.01                           patterns[1][5] (net)
                  0.09    0.00    0.78 ^ _385_/A0 (sky130_fd_sc_hd__mux2_1)
                  0.04    0.12    0.90 ^ _385_/X (sky130_fd_sc_hd__mux2_1)
     1    0.00                           _190_ (net)
                  0.04    0.00    0.90 ^ _386_/A (sky130_fd_sc_hd__clkbuf_1)
                  0.05    0.08    0.98 ^ _386_/X (sky130_fd_sc_hd__clkbuf_1)
     1    0.00                           _025_ (net)
                  0.05    0.00    0.98 ^ _512_/D (sky130_fd_sc_hd__dfrtp_1)
                                  0.98   data arrival time

                          0.00    0.00   clock clk (rise edge)
                          0.00    0.00   clock source latency
                  0.12    0.09    0.09 ^ clk (in)
     1    0.03                           clk (net)
                  0.12    0.00    0.09 ^ clkbuf_0_clk/A (sky130_fd_sc_hd__clkbuf_16)
                  0.11    0.22    0.31 ^ clkbuf_0_clk/X (sky130_fd_sc_hd__clkbuf_16)
     8    0.09                           clknet_0_clk (net)
                  0.11    0.00    0.31 ^ clkbuf_3_1__f_clk/A (sky130_fd_sc_hd__clkbuf_16)
                  0.06    0.17    0.48 ^ clkbuf_3_1__f_clk/X (sky130_fd_sc_hd__clkbuf_16)
    10    0.03                           clknet_3_1__leaf_clk (net)
                  0.06    0.00    0.48 ^ _512_/CLK (sky130_fd_sc_hd__dfrtp_1)
                          0.25    0.73   clock uncertainty
                         -0.05    0.68   clock reconvergence pessimism
                         -0.03    0.65   library hold time
                                  0.65   data required time
-----------------------------------------------------------------------------
                                  0.65   data required time
                                 -0.98   data arrival time
-----------------------------------------------------------------------------
                                  0.33   slack (MET)


Startpoint: _518_ (rising edge-triggered flip-flop clocked by clk)
Endpoint: _518_ (rising edge-triggered flip-flop clocked by clk)
Path Group: clk
Path Type: min

Fanout     Cap    Slew   Delay    Time   Description
-----------------------------------------------------------------------------
                          0.00    0.00   clock clk (rise edge)
                          0.00    0.00   clock source latency
                  0.12    0.08    0.08 ^ clk (in)
     1    0.03                           clk (net)
                  0.12    0.00    0.08 ^ clkbuf_0_clk/A (sky130_fd_sc_hd__clkbuf_16)
                  0.11    0.20    0.28 ^ clkbuf_0_clk/X (sky130_fd_sc_hd__clkbuf_16)
     8    0.09                           clknet_0_clk (net)
                  0.11    0.00    0.28 ^ clkbuf_3_7__f_clk/A (sky130_fd_sc_hd__clkbuf_16)
                  0.06    0.15    0.43 ^ clkbuf_3_7__f_clk/X (sky130_fd_sc_hd__clkbuf_16)
    11    0.04                           clknet_3_7__leaf_clk (net)
                  0.06    0.00    0.43 ^ _518_/CLK (sky130_fd_sc_hd__dfrtp_1)
                  0.09    0.34    0.78 ^ _518_/Q (sky130_fd_sc_hd__dfrtp_1)
     3    0.01                           patterns[2][3] (net)
                  0.09    0.00    0.78 ^ _397_/A0 (sky130_fd_sc_hd__mux2_1)
                  0.04    0.13    0.90 ^ _397_/X (sky130_fd_sc_hd__mux2_1)
     1    0.00                           _196_ (net)
                  0.04    0.00    0.90 ^ _398_/A (sky130_fd_sc_hd__clkbuf_1)
                  0.04    0.07    0.98 ^ _398_/X (sky130_fd_sc_hd__clkbuf_1)
     1    0.00                           _031_ (net)
                  0.04    0.00    0.98 ^ _518_/D (sky130_fd_sc_hd__dfrtp_1)
                                  0.98   data arrival time

                          0.00    0.00   clock clk (rise edge)
                          0.00    0.00   clock source latency
                  0.12    0.09    0.09 ^ clk (in)
     1    0.03                           clk (net)
                  0.12    0.00    0.09 ^ clkbuf_0_clk/A (sky130_fd_sc_hd__clkbuf_16)
                  0.11    0.22    0.31 ^ clkbuf_0_clk/X (sky130_fd_sc_hd__clkbuf_16)
     8    0.09                           clknet_0_clk (net)
                  0.11    0.00    0.31 ^ clkbuf_3_7__f_clk/A (sky130_fd_sc_hd__clkbuf_16)
                  0.06    0.17    0.48 ^ clkbuf_3_7__f_clk/X (sky130_fd_sc_hd__clkbuf_16)
    11    0.04                           clknet_3_7__leaf_clk (net)
                  0.06    0.00    0.48 ^ _518_/CLK (sky130_fd_sc_hd__dfrtp_1)
                          0.25    0.73   clock uncertainty
                         -0.05    0.68   clock reconvergence pessimism
                         -0.03    0.65   library hold time
                                  0.65   data required time
-----------------------------------------------------------------------------
                                  0.65   data required time
                                 -0.98   data arrival time
-----------------------------------------------------------------------------
                                  0.33   slack (MET)


Startpoint: _527_ (rising edge-triggered flip-flop clocked by clk)
Endpoint: _527_ (rising edge-triggered flip-flop clocked by clk)
Path Group: clk
Path Type: min

Fanout     Cap    Slew   Delay    Time   Description
-----------------------------------------------------------------------------
                          0.00    0.00   clock clk (rise edge)
                          0.00    0.00   clock source latency
                  0.12    0.08    0.08 ^ clk (in)
     1    0.03                           clk (net)
                  0.12    0.00    0.08 ^ clkbuf_0_clk/A (sky130_fd_sc_hd__clkbuf_16)
                  0.11    0.20    0.28 ^ clkbuf_0_clk/X (sky130_fd_sc_hd__clkbuf_16)
     8    0.09                           clknet_0_clk (net)
                  0.11    0.00    0.28 ^ clkbuf_3_2__f_clk/A (sky130_fd_sc_hd__clkbuf_16)
                  0.05    0.15    0.43 ^ clkbuf_3_2__f_clk/X (sky130_fd_sc_hd__clkbuf_16)
     9    0.03                           clknet_3_2__leaf_clk (net)
                  0.05    0.00    0.43 ^ _527_/CLK (sky130_fd_sc_hd__dfrtp_1)
                  0.09    0.34    0.77 ^ _527_/Q (sky130_fd_sc_hd__dfrtp_1)
     3    0.01                           patterns[3][4] (net)
                  0.09    0.00    0.77 ^ _415_/A0 (sky130_fd_sc_hd__mux2_1)
                  0.05    0.13    0.90 ^ _415_/X (sky130_fd_sc_hd__mux2_1)
     1    0.00                           _205_ (net)
                  0.05    0.00    0.90 ^ _416_/A (sky130_fd_sc_hd__clkbuf_1)
                  0.04    0.07    0.98 ^ _416_/X (sky130_fd_sc_hd__clkbuf_1)
     1    0.00                           _040_ (net)
                  0.04    0.00    0.98 ^ _527_/D (sky130_fd_sc_hd__dfrtp_1)
                                  0.98   data arrival time

                          0.00    0.00   clock clk (rise edge)
                          0.00    0.00   clock source latency
                  0.12    0.09    0.09 ^ clk (in)
     1    0.03                           clk (net)
                  0.12    0.00    0.09 ^ clkbuf_0_clk/A (sky130_fd_sc_hd__clkbuf_16)
                  0.11    0.22    0.31 ^ clkbuf_0_clk/X (sky130_fd_sc_hd__clkbuf_16)
     8    0.09                           clknet_0_clk (net)
                  0.11    0.00    0.31 ^ clkbuf_3_2__f_clk/A (sky130_fd_sc_hd__clkbuf_16)
                  0.05    0.17    0.47 ^ clkbuf_3_2__f_clk/X (sky130_fd_sc_hd__clkbuf_16)
     9    0.03                           clknet_3_2__leaf_clk (net)
                  0.05    0.00    0.48 ^ _527_/CLK (sky130_fd_sc_hd__dfrtp_1)
                          0.25    0.73   clock uncertainty
                         -0.05    0.68   clock reconvergence pessimism
                         -0.03    0.65   library hold time
                                  0.65   data required time
-----------------------------------------------------------------------------
                                  0.65   data required time
                                 -0.98   data arrival time
-----------------------------------------------------------------------------
                                  0.33   slack (MET)


Startpoint: _508_ (rising edge-triggered flip-flop clocked by clk)
Endpoint: _508_ (rising edge-triggered flip-flop clocked by clk)
Path Group: clk
Path Type: min

Fanout     Cap    Slew   Delay    Time   Description
-----------------------------------------------------------------------------
                          0.00    0.00   clock clk (rise edge)
                          0.00    0.00   clock source latency
                  0.12    0.08    0.08 ^ clk (in)
     1    0.03                           clk (net)
                  0.12    0.00    0.08 ^ clkbuf_0_clk/A (sky130_fd_sc_hd__clkbuf_16)
                  0.11    0.20    0.28 ^ clkbuf_0_clk/X (sky130_fd_sc_hd__clkbuf_16)
     8    0.09                           clknet_0_clk (net)
                  0.11    0.00    0.28 ^ clkbuf_3_1__f_clk/A (sky130_fd_sc_hd__clkbuf_16)
                  0.06    0.15    0.43 ^ clkbuf_3_1__f_clk/X (sky130_fd_sc_hd__clkbuf_16)
    10    0.03                           clknet_3_1__leaf_clk (net)
                  0.06    0.00    0.43 ^ _508_/CLK (sky130_fd_sc_hd__dfrtp_1)
                  0.09    0.34    0.78 ^ _508_/Q (sky130_fd_sc_hd__dfrtp_1)
     3    0.01                           patterns[1][1] (net)
                  0.09    0.00    0.78 ^ _377_/A0 (sky130_fd_sc_hd__mux2_1)
                  0.04    0.13    0.90 ^ _377_/X (sky130_fd_sc_hd__mux2_1)
     1    0.00                           _186_ (net)
                  0.04    0.00    0.91 ^ _378_/A (sky130_fd_sc_hd__clkbuf_1)
                  0.04    0.07    0.98 ^ _378_/X (sky130_fd_sc_hd__clkbuf_1)
     1    0.00                           _021_ (net)
                  0.04    0.00    0.98 ^ _508_/D (sky130_fd_sc_hd__dfrtp_1)
                                  0.98   data arrival time

                          0.00    0.00   clock clk (rise edge)
                          0.00    0.00   clock source latency
                  0.12    0.09    0.09 ^ clk (in)
     1    0.03                           clk (net)
                  0.12    0.00    0.09 ^ clkbuf_0_clk/A (sky130_fd_sc_hd__clkbuf_16)
                  0.11    0.22    0.31 ^ clkbuf_0_clk/X (sky130_fd_sc_hd__clkbuf_16)
     8    0.09                           clknet_0_clk (net)
                  0.11    0.00    0.31 ^ clkbuf_3_1__f_clk/A (sky130_fd_sc_hd__clkbuf_16)
                  0.06    0.17    0.48 ^ clkbuf_3_1__f_clk/X (sky130_fd_sc_hd__clkbuf_16)
    10    0.03                           clknet_3_1__leaf_clk (net)
                  0.06    0.00    0.48 ^ _508_/CLK (sky130_fd_sc_hd__dfrtp_1)
                          0.25    0.73   clock uncertainty
                         -0.05    0.68   clock reconvergence pessimism
                         -0.03    0.65   library hold time
                                  0.65   data required time
-----------------------------------------------------------------------------
                                  0.65   data required time
                                 -0.98   data arrival time
-----------------------------------------------------------------------------
                                  0.33   slack (MET)


Startpoint: _513_ (rising edge-triggered flip-flop clocked by clk)
Endpoint: _513_ (rising edge-triggered flip-flop clocked by clk)
Path Group: clk
Path Type: min

Fanout     Cap    Slew   Delay    Time   Description
-----------------------------------------------------------------------------
                          0.00    0.00   clock clk (rise edge)
                          0.00    0.00   clock source latency
                  0.12    0.08    0.08 ^ clk (in)
     1    0.03                           clk (net)
                  0.12    0.00    0.08 ^ clkbuf_0_clk/A (sky130_fd_sc_hd__clkbuf_16)
                  0.11    0.20    0.28 ^ clkbuf_0_clk/X (sky130_fd_sc_hd__clkbuf_16)
     8    0.09                           clknet_0_clk (net)
                  0.11    0.00    0.28 ^ clkbuf_3_6__f_clk/A (sky130_fd_sc_hd__clkbuf_16)
                  0.05    0.15    0.43 ^ clkbuf_3_6__f_clk/X (sky130_fd_sc_hd__clkbuf_16)
     9    0.03                           clknet_3_6__leaf_clk (net)
                  0.05    0.00    0.43 ^ _513_/CLK (sky130_fd_sc_hd__dfrtp_1)
                  0.09    0.34    0.77 ^ _513_/Q (sky130_fd_sc_hd__dfrtp_1)
     3    0.01                           patterns[1][6] (net)
                  0.09    0.00    0.77 ^ _387_/A0 (sky130_fd_sc_hd__mux2_1)
                  0.05    0.13    0.90 ^ _387_/X (sky130_fd_sc_hd__mux2_1)
     1    0.00                           _191_ (net)
                  0.05    0.00    0.90 ^ _388_/A (sky130_fd_sc_hd__clkbuf_1)
                  0.04    0.08    0.98 ^ _388_/X (sky130_fd_sc_hd__clkbuf_1)
     1    0.00                           _026_ (net)
                  0.04    0.00    0.98 ^ _513_/D (sky130_fd_sc_hd__dfrtp_1)
                                  0.98   data arrival time

                          0.00    0.00   clock clk (rise edge)
                          0.00    0.00   clock source latency
                  0.12    0.09    0.09 ^ clk (in)
     1    0.03                           clk (net)
                  0.12    0.00    0.09 ^ clkbuf_0_clk/A (sky130_fd_sc_hd__clkbuf_16)
                  0.11    0.22    0.31 ^ clkbuf_0_clk/X (sky130_fd_sc_hd__clkbuf_16)
     8    0.09                           clknet_0_clk (net)
                  0.11    0.00    0.31 ^ clkbuf_3_6__f_clk/A (sky130_fd_sc_hd__clkbuf_16)
                  0.05    0.17    0.48 ^ clkbuf_3_6__f_clk/X (sky130_fd_sc_hd__clkbuf_16)
     9    0.03                           clknet_3_6__leaf_clk (net)
                  0.05    0.00    0.48 ^ _513_/CLK (sky130_fd_sc_hd__dfrtp_1)
                          0.25    0.73   clock uncertainty
                         -0.05    0.68   clock reconvergence pessimism
                         -0.03    0.65   library hold time
                                  0.65   data required time
-----------------------------------------------------------------------------
                                  0.65   data required time
                                 -0.98   data arrival time
-----------------------------------------------------------------------------
                                  0.33   slack (MET)


Startpoint: _499_ (rising edge-triggered flip-flop clocked by clk)
Endpoint: _499_ (rising edge-triggered flip-flop clocked by clk)
Path Group: clk
Path Type: min

Fanout     Cap    Slew   Delay    Time   Description
-----------------------------------------------------------------------------
                          0.00    0.00   clock clk (rise edge)
                          0.00    0.00   clock source latency
                  0.12    0.08    0.08 ^ clk (in)
     1    0.03                           clk (net)
                  0.12    0.00    0.08 ^ clkbuf_0_clk/A (sky130_fd_sc_hd__clkbuf_16)
                  0.11    0.20    0.28 ^ clkbuf_0_clk/X (sky130_fd_sc_hd__clkbuf_16)
     8    0.09                           clknet_0_clk (net)
                  0.11    0.00    0.28 ^ clkbuf_3_7__f_clk/A (sky130_fd_sc_hd__clkbuf_16)
                  0.06    0.15    0.43 ^ clkbuf_3_7__f_clk/X (sky130_fd_sc_hd__clkbuf_16)
    11    0.04                           clknet_3_7__leaf_clk (net)
                  0.06    0.00    0.43 ^ _499_/CLK (sky130_fd_sc_hd__dfrtp_1)
                  0.09    0.34    0.78 ^ _499_/Q (sky130_fd_sc_hd__dfrtp_1)
     3    0.01                           patterns[0][0] (net)
                  0.09    0.00    0.78 ^ _359_/A1 (sky130_fd_sc_hd__mux2_1)
                  0.05    0.13    0.91 ^ _359_/X (sky130_fd_sc_hd__mux2_1)
     1    0.00                           _177_ (net)
                  0.05    0.00    0.91 ^ _360_/A (sky130_fd_sc_hd__clkbuf_1)
                  0.04    0.07    0.98 ^ _360_/X (sky130_fd_sc_hd__clkbuf_1)
     1    0.00                           _012_ (net)
                  0.04    0.00    0.98 ^ _499_/D (sky130_fd_sc_hd__dfrtp_1)
                                  0.98   data arrival time

                          0.00    0.00   clock clk (rise edge)
                          0.00    0.00   clock source latency
                  0.12    0.09    0.09 ^ clk (in)
     1    0.03                           clk (net)
                  0.12    0.00    0.09 ^ clkbuf_0_clk/A (sky130_fd_sc_hd__clkbuf_16)
                  0.11    0.22    0.31 ^ clkbuf_0_clk/X (sky130_fd_sc_hd__clkbuf_16)
     8    0.09                           clknet_0_clk (net)
                  0.11    0.00    0.31 ^ clkbuf_3_7__f_clk/A (sky130_fd_sc_hd__clkbuf_16)
                  0.06    0.17    0.48 ^ clkbuf_3_7__f_clk/X (sky130_fd_sc_hd__clkbuf_16)
    11    0.04                           clknet_3_7__leaf_clk (net)
                  0.06    0.00    0.48 ^ _499_/CLK (sky130_fd_sc_hd__dfrtp_1)
                          0.25    0.73   clock uncertainty
                         -0.05    0.68   clock reconvergence pessimism
                         -0.03    0.65   library hold time
                                  0.65   data required time
-----------------------------------------------------------------------------
                                  0.65   data required time
                                 -0.98   data arrival time
-----------------------------------------------------------------------------
                                  0.33   slack (MET)


Startpoint: _504_ (rising edge-triggered flip-flop clocked by clk)
Endpoint: _504_ (rising edge-triggered flip-flop clocked by clk)
Path Group: clk
Path Type: min

Fanout     Cap    Slew   Delay    Time   Description
-----------------------------------------------------------------------------
                          0.00    0.00   clock clk (rise edge)
                          0.00    0.00   clock source latency
                  0.12    0.08    0.08 ^ clk (in)
     1    0.03                           clk (net)
                  0.12    0.00    0.08 ^ clkbuf_0_clk/A (sky130_fd_sc_hd__clkbuf_16)
                  0.11    0.20    0.28 ^ clkbuf_0_clk/X (sky130_fd_sc_hd__clkbuf_16)
     8    0.09                           clknet_0_clk (net)
                  0.11    0.00    0.28 ^ clkbuf_3_1__f_clk/A (sky130_fd_sc_hd__clkbuf_16)
                  0.06    0.15    0.43 ^ clkbuf_3_1__f_clk/X (sky130_fd_sc_hd__clkbuf_16)
    10    0.03                           clknet_3_1__leaf_clk (net)
                  0.06    0.00    0.43 ^ _504_/CLK (sky130_fd_sc_hd__dfrtp_1)
                  0.09    0.34    0.78 ^ _504_/Q (sky130_fd_sc_hd__dfrtp_1)
     3    0.01                           patterns[0][5] (net)
                  0.09    0.00    0.78 ^ _369_/A1 (sky130_fd_sc_hd__mux2_1)
                  0.05    0.13    0.91 ^ _369_/X (sky130_fd_sc_hd__mux2_1)
     1    0.00                           _182_ (net)
                  0.05    0.00    0.91 ^ _370_/A (sky130_fd_sc_hd__clkbuf_1)
                  0.04    0.08    0.98 ^ _370_/X (sky130_fd_sc_hd__clkbuf_1)
     1    0.00                           _017_ (net)
                  0.04    0.00    0.98 ^ _504_/D (sky130_fd_sc_hd__dfrtp_1)
                                  0.98   data arrival time

                          0.00    0.00   clock clk (rise edge)
                          0.00    0.00   clock source latency
                  0.12    0.09    0.09 ^ clk (in)
     1    0.03                           clk (net)
                  0.12    0.00    0.09 ^ clkbuf_0_clk/A (sky130_fd_sc_hd__clkbuf_16)
                  0.11    0.22    0.31 ^ clkbuf_0_clk/X (sky130_fd_sc_hd__clkbuf_16)
     8    0.09                           clknet_0_clk (net)
                  0.11    0.00    0.31 ^ clkbuf_3_1__f_clk/A (sky130_fd_sc_hd__clkbuf_16)
                  0.06    0.17    0.48 ^ clkbuf_3_1__f_clk/X (sky130_fd_sc_hd__clkbuf_16)
    10    0.03                           clknet_3_1__leaf_clk (net)
                  0.06    0.00    0.48 ^ _504_/CLK (sky130_fd_sc_hd__dfrtp_1)
                          0.25    0.73   clock uncertainty
                         -0.05    0.68   clock reconvergence pessimism
                         -0.03    0.65   library hold time
                                  0.65   data required time
-----------------------------------------------------------------------------
                                  0.65   data required time
                                 -0.98   data arrival time
-----------------------------------------------------------------------------
                                  0.33   slack (MET)


Startpoint: _517_ (rising edge-triggered flip-flop clocked by clk)
Endpoint: _517_ (rising edge-triggered flip-flop clocked by clk)
Path Group: clk
Path Type: min

Fanout     Cap    Slew   Delay    Time   Description
-----------------------------------------------------------------------------
                          0.00    0.00   clock clk (rise edge)
                          0.00    0.00   clock source latency
                  0.12    0.08    0.08 ^ clk (in)
     1    0.03                           clk (net)
                  0.12    0.00    0.08 ^ clkbuf_0_clk/A (sky130_fd_sc_hd__clkbuf_16)
                  0.11    0.20    0.28 ^ clkbuf_0_clk/X (sky130_fd_sc_hd__clkbuf_16)
     8    0.09                           clknet_0_clk (net)
                  0.11    0.00    0.28 ^ clkbuf_3_5__f_clk/A (sky130_fd_sc_hd__clkbuf_16)
                  0.05    0.15    0.43 ^ clkbuf_3_5__f_clk/X (sky130_fd_sc_hd__clkbuf_16)
    10    0.03                           clknet_3_5__leaf_clk (net)
                  0.05    0.00    0.43 ^ _517_/CLK (sky130_fd_sc_hd__dfrtp_1)
                  0.09    0.34    0.77 ^ _517_/Q (sky130_fd_sc_hd__dfrtp_1)
     3    0.01                           patterns[2][2] (net)
                  0.09    0.00    0.77 ^ _395_/A0 (sky130_fd_sc_hd__mux2_1)
                  0.05    0.13    0.91 ^ _395_/X (sky130_fd_sc_hd__mux2_1)
     1    0.00                           _195_ (net)
                  0.05    0.00    0.91 ^ _396_/A (sky130_fd_sc_hd__clkbuf_1)
                  0.04    0.07    0.98 ^ _396_/X (sky130_fd_sc_hd__clkbuf_1)
     1    0.00                           _030_ (net)
                  0.04    0.00    0.98 ^ _517_/D (sky130_fd_sc_hd__dfrtp_1)
                                  0.98   data arrival time

                          0.00    0.00   clock clk (rise edge)
                          0.00    0.00   clock source latency
                  0.12    0.09    0.09 ^ clk (in)
     1    0.03                           clk (net)
                  0.12    0.00    0.09 ^ clkbuf_0_clk/A (sky130_fd_sc_hd__clkbuf_16)
                  0.11    0.22    0.31 ^ clkbuf_0_clk/X (sky130_fd_sc_hd__clkbuf_16)
     8    0.09                           clknet_0_clk (net)
                  0.11    0.00    0.31 ^ clkbuf_3_5__f_clk/A (sky130_fd_sc_hd__clkbuf_16)
                  0.05    0.17    0.48 ^ clkbuf_3_5__f_clk/X (sky130_fd_sc_hd__clkbuf_16)
    10    0.03                           clknet_3_5__leaf_clk (net)
                  0.05    0.00    0.48 ^ _517_/CLK (sky130_fd_sc_hd__dfrtp_1)
                          0.25    0.73   clock uncertainty
                         -0.05    0.68   clock reconvergence pessimism
                         -0.03    0.65   library hold time
                                  0.65   data required time
-----------------------------------------------------------------------------
                                  0.65   data required time
                                 -0.98   data arrival time
-----------------------------------------------------------------------------
                                  0.33   slack (MET)


Startpoint: _501_ (rising edge-triggered flip-flop clocked by clk)
Endpoint: _501_ (rising edge-triggered flip-flop clocked by clk)
Path Group: clk
Path Type: min

Fanout     Cap    Slew   Delay    Time   Description
-----------------------------------------------------------------------------
                          0.00    0.00   clock clk (rise edge)
                          0.00    0.00   clock source latency
                  0.12    0.08    0.08 ^ clk (in)
     1    0.03                           clk (net)
                  0.12    0.00    0.08 ^ clkbuf_0_clk/A (sky130_fd_sc_hd__clkbuf_16)
                  0.11    0.20    0.28 ^ clkbuf_0_clk/X (sky130_fd_sc_hd__clkbuf_16)
     8    0.09                           clknet_0_clk (net)
                  0.11    0.00    0.28 ^ clkbuf_3_5__f_clk/A (sky130_fd_sc_hd__clkbuf_16)
                  0.05    0.15    0.43 ^ clkbuf_3_5__f_clk/X (sky130_fd_sc_hd__clkbuf_16)
    10    0.03                           clknet_3_5__leaf_clk (net)
                  0.05    0.00    0.43 ^ _501_/CLK (sky130_fd_sc_hd__dfrtp_1)
                  0.11    0.35    0.78 ^ _501_/Q (sky130_fd_sc_hd__dfrtp_1)
     3    0.01                           patterns[0][2] (net)
                  0.11    0.00    0.78 ^ _363_/A1 (sky130_fd_sc_hd__mux2_1)
                  0.04    0.13    0.91 ^ _363_/X (sky130_fd_sc_hd__mux2_1)
     1    0.00                           _179_ (net)
                  0.04    0.00    0.91 ^ _364_/A (sky130_fd_sc_hd__clkbuf_1)
                  0.04    0.07    0.98 ^ _364_/X (sky130_fd_sc_hd__clkbuf_1)
     1    0.00                           _014_ (net)
                  0.04    0.00    0.98 ^ _501_/D (sky130_fd_sc_hd__dfrtp_1)
                                  0.98   data arrival time

                          0.00    0.00   clock clk (rise edge)
                          0.00    0.00   clock source latency
                  0.12    0.09    0.09 ^ clk (in)
     1    0.03                           clk (net)
                  0.12    0.00    0.09 ^ clkbuf_0_clk/A (sky130_fd_sc_hd__clkbuf_16)
                  0.11    0.22    0.31 ^ clkbuf_0_clk/X (sky130_fd_sc_hd__clkbuf_16)
     8    0.09                           clknet_0_clk (net)
                  0.11    0.00    0.31 ^ clkbuf_3_5__f_clk/A (sky130_fd_sc_hd__clkbuf_16)
                  0.05    0.17    0.48 ^ clkbuf_3_5__f_clk/X (sky130_fd_sc_hd__clkbuf_16)
    10    0.03                           clknet_3_5__leaf_clk (net)
                  0.05    0.00    0.48 ^ _501_/CLK (sky130_fd_sc_hd__dfrtp_1)
                          0.25    0.73   clock uncertainty
                         -0.05    0.68   clock reconvergence pessimism
                         -0.03    0.65   library hold time
                                  0.65   data required time
-----------------------------------------------------------------------------
                                  0.65   data required time
                                 -0.98   data arrival time
-----------------------------------------------------------------------------
                                  0.33   slack (MET)


Startpoint: _525_ (rising edge-triggered flip-flop clocked by clk)
Endpoint: _525_ (rising edge-triggered flip-flop clocked by clk)
Path Group: clk
Path Type: min

Fanout     Cap    Slew   Delay    Time   Description
-----------------------------------------------------------------------------
                          0.00    0.00   clock clk (rise edge)
                          0.00    0.00   clock source latency
                  0.12    0.08    0.08 ^ clk (in)
     1    0.03                           clk (net)
                  0.12    0.00    0.08 ^ clkbuf_0_clk/A (sky130_fd_sc_hd__clkbuf_16)
                  0.11    0.20    0.28 ^ clkbuf_0_clk/X (sky130_fd_sc_hd__clkbuf_16)
     8    0.09                           clknet_0_clk (net)
                  0.11    0.00    0.28 ^ clkbuf_3_5__f_clk/A (sky130_fd_sc_hd__clkbuf_16)
                  0.05    0.15    0.43 ^ clkbuf_3_5__f_clk/X (sky130_fd_sc_hd__clkbuf_16)
    10    0.03                           clknet_3_5__leaf_clk (net)
                  0.05    0.00    0.43 ^ _525_/CLK (sky130_fd_sc_hd__dfrtp_1)
                  0.10    0.35    0.78 ^ _525_/Q (sky130_fd_sc_hd__dfrtp_1)
     3    0.01                           patterns[3][2] (net)
                  0.10    0.00    0.78 ^ _411_/A0 (sky130_fd_sc_hd__mux2_1)
                  0.04    0.13    0.91 ^ _411_/X (sky130_fd_sc_hd__mux2_1)
     1    0.00                           _203_ (net)
                  0.04    0.00    0.91 ^ _412_/A (sky130_fd_sc_hd__clkbuf_1)
                  0.04    0.07    0.98 ^ _412_/X (sky130_fd_sc_hd__clkbuf_1)
     1    0.00                           _038_ (net)
                  0.04    0.00    0.98 ^ _525_/D (sky130_fd_sc_hd__dfrtp_1)
                                  0.98   data arrival time

                          0.00    0.00   clock clk (rise edge)
                          0.00    0.00   clock source latency
                  0.12    0.09    0.09 ^ clk (in)
     1    0.03                           clk (net)
                  0.12    0.00    0.09 ^ clkbuf_0_clk/A (sky130_fd_sc_hd__clkbuf_16)
                  0.11    0.22    0.31 ^ clkbuf_0_clk/X (sky130_fd_sc_hd__clkbuf_16)
     8    0.09                           clknet_0_clk (net)
                  0.11    0.00    0.31 ^ clkbuf_3_5__f_clk/A (sky130_fd_sc_hd__clkbuf_16)
                  0.05    0.17    0.48 ^ clkbuf_3_5__f_clk/X (sky130_fd_sc_hd__clkbuf_16)
    10    0.03                           clknet_3_5__leaf_clk (net)
                  0.05    0.00    0.48 ^ _525_/CLK (sky130_fd_sc_hd__dfrtp_1)
                          0.25    0.73   clock uncertainty
                         -0.05    0.68   clock reconvergence pessimism
                         -0.03    0.65   library hold time
                                  0.65   data required time
-----------------------------------------------------------------------------
                                  0.65   data required time
                                 -0.98   data arrival time
-----------------------------------------------------------------------------
                                  0.34   slack (MET)


Startpoint: _514_ (rising edge-triggered flip-flop clocked by clk)
Endpoint: _514_ (rising edge-triggered flip-flop clocked by clk)
Path Group: clk
Path Type: min

Fanout     Cap    Slew   Delay    Time   Description
-----------------------------------------------------------------------------
                          0.00    0.00   clock clk (rise edge)
                          0.00    0.00   clock source latency
                  0.12    0.08    0.08 ^ clk (in)
     1    0.03                           clk (net)
                  0.12    0.00    0.08 ^ clkbuf_0_clk/A (sky130_fd_sc_hd__clkbuf_16)
                  0.11    0.20    0.28 ^ clkbuf_0_clk/X (sky130_fd_sc_hd__clkbuf_16)
     8    0.09                           clknet_0_clk (net)
                  0.11    0.00    0.28 ^ clkbuf_3_4__f_clk/A (sky130_fd_sc_hd__clkbuf_16)
                  0.05    0.15    0.43 ^ clkbuf_3_4__f_clk/X (sky130_fd_sc_hd__clkbuf_16)
     9    0.03                           clknet_3_4__leaf_clk (net)
                  0.05    0.00    0.43 ^ _514_/CLK (sky130_fd_sc_hd__dfrtp_1)
                  0.09    0.34    0.77 ^ _514_/Q (sky130_fd_sc_hd__dfrtp_1)
     3    0.01                           patterns[1][7] (net)
                  0.09    0.00    0.77 ^ _389_/A0 (sky130_fd_sc_hd__mux2_1)
                  0.05    0.13    0.90 ^ _389_/X (sky130_fd_sc_hd__mux2_1)
     1    0.00                           _192_ (net)
                  0.05    0.00    0.90 ^ _390_/A (sky130_fd_sc_hd__clkbuf_1)
                  0.05    0.08    0.98 ^ _390_/X (sky130_fd_sc_hd__clkbuf_1)
     1    0.00                           _027_ (net)
                  0.05    0.00    0.98 ^ _514_/D (sky130_fd_sc_hd__dfrtp_1)
                                  0.98   data arrival time

                          0.00    0.00   clock clk (rise edge)
                          0.00    0.00   clock source latency
                  0.12    0.09    0.09 ^ clk (in)
     1    0.03                           clk (net)
                  0.12    0.00    0.09 ^ clkbuf_0_clk/A (sky130_fd_sc_hd__clkbuf_16)
                  0.11    0.22    0.31 ^ clkbuf_0_clk/X (sky130_fd_sc_hd__clkbuf_16)
     8    0.09                           clknet_0_clk (net)
                  0.11    0.00    0.31 ^ clkbuf_3_4__f_clk/A (sky130_fd_sc_hd__clkbuf_16)
                  0.05    0.17    0.47 ^ clkbuf_3_4__f_clk/X (sky130_fd_sc_hd__clkbuf_16)
     9    0.03                           clknet_3_4__leaf_clk (net)
                  0.05    0.00    0.48 ^ _514_/CLK (sky130_fd_sc_hd__dfrtp_1)
                          0.25    0.73   clock uncertainty
                         -0.05    0.68   clock reconvergence pessimism
                         -0.03    0.65   library hold time
                                  0.65   data required time
-----------------------------------------------------------------------------
                                  0.65   data required time
                                 -0.98   data arrival time
-----------------------------------------------------------------------------
                                  0.34   slack (MET)


Startpoint: _510_ (rising edge-triggered flip-flop clocked by clk)
Endpoint: _510_ (rising edge-triggered flip-flop clocked by clk)
Path Group: clk
Path Type: min

Fanout     Cap    Slew   Delay    Time   Description
-----------------------------------------------------------------------------
                          0.00    0.00   clock clk (rise edge)
                          0.00    0.00   clock source latency
                  0.12    0.08    0.08 ^ clk (in)
     1    0.03                           clk (net)
                  0.12    0.00    0.08 ^ clkbuf_0_clk/A (sky130_fd_sc_hd__clkbuf_16)
                  0.11    0.20    0.28 ^ clkbuf_0_clk/X (sky130_fd_sc_hd__clkbuf_16)
     8    0.09                           clknet_0_clk (net)
                  0.11    0.00    0.28 ^ clkbuf_3_5__f_clk/A (sky130_fd_sc_hd__clkbuf_16)
                  0.05    0.15    0.43 ^ clkbuf_3_5__f_clk/X (sky130_fd_sc_hd__clkbuf_16)
    10    0.03                           clknet_3_5__leaf_clk (net)
                  0.05    0.00    0.43 ^ _510_/CLK (sky130_fd_sc_hd__dfrtp_1)
                  0.10    0.35    0.78 ^ _510_/Q (sky130_fd_sc_hd__dfrtp_1)
     3    0.01                           patterns[1][3] (net)
                  0.10    0.00    0.78 ^ _381_/A0 (sky130_fd_sc_hd__mux2_1)
                  0.05    0.13    0.91 ^ _381_/X (sky130_fd_sc_hd__mux2_1)
     1    0.00                           _188_ (net)
                  0.05    0.00    0.91 ^ _382_/A (sky130_fd_sc_hd__clkbuf_1)
                  0.05    0.08    0.99 ^ _382_/X (sky130_fd_sc_hd__clkbuf_1)
     1    0.00                           _023_ (net)
                  0.05    0.00    0.99 ^ _510_/D (sky130_fd_sc_hd__dfrtp_1)
                                  0.99   data arrival time

                          0.00    0.00   clock clk (rise edge)
                          0.00    0.00   clock source latency
                  0.12    0.09    0.09 ^ clk (in)
     1    0.03                           clk (net)
                  0.12    0.00    0.09 ^ clkbuf_0_clk/A (sky130_fd_sc_hd__clkbuf_16)
                  0.11    0.22    0.31 ^ clkbuf_0_clk/X (sky130_fd_sc_hd__clkbuf_16)
     8    0.09                           clknet_0_clk (net)
                  0.11    0.00    0.31 ^ clkbuf_3_5__f_clk/A (sky130_fd_sc_hd__clkbuf_16)
                  0.05    0.17    0.48 ^ clkbuf_3_5__f_clk/X (sky130_fd_sc_hd__clkbuf_16)
    10    0.03                           clknet_3_5__leaf_clk (net)
                  0.05    0.00    0.48 ^ _510_/CLK (sky130_fd_sc_hd__dfrtp_1)
                          0.25    0.73   clock uncertainty
                         -0.05    0.68   clock reconvergence pessimism
                         -0.03    0.65   library hold time
                                  0.65   data required time
-----------------------------------------------------------------------------
                                  0.65   data required time
                                 -0.99   data arrival time
-----------------------------------------------------------------------------
                                  0.34   slack (MET)


Startpoint: _526_ (rising edge-triggered flip-flop clocked by clk)
Endpoint: _526_ (rising edge-triggered flip-flop clocked by clk)
Path Group: clk
Path Type: min

Fanout     Cap    Slew   Delay    Time   Description
-----------------------------------------------------------------------------
                          0.00    0.00   clock clk (rise edge)
                          0.00    0.00   clock source latency
                  0.12    0.08    0.08 ^ clk (in)
     1    0.03                           clk (net)
                  0.12    0.00    0.08 ^ clkbuf_0_clk/A (sky130_fd_sc_hd__clkbuf_16)
                  0.11    0.20    0.28 ^ clkbuf_0_clk/X (sky130_fd_sc_hd__clkbuf_16)
     8    0.09                           clknet_0_clk (net)
                  0.11    0.00    0.28 ^ clkbuf_3_7__f_clk/A (sky130_fd_sc_hd__clkbuf_16)
                  0.06    0.15    0.43 ^ clkbuf_3_7__f_clk/X (sky130_fd_sc_hd__clkbuf_16)
    11    0.04                           clknet_3_7__leaf_clk (net)
                  0.06    0.00    0.43 ^ _526_/CLK (sky130_fd_sc_hd__dfrtp_1)
                  0.10    0.35    0.78 ^ _526_/Q (sky130_fd_sc_hd__dfrtp_1)
     3    0.01                           patterns[3][3] (net)
                  0.10    0.00    0.78 ^ _413_/A0 (sky130_fd_sc_hd__mux2_1)
                  0.05    0.13    0.91 ^ _413_/X (sky130_fd_sc_hd__mux2_1)
     1    0.00                           _204_ (net)
                  0.05    0.00    0.91 ^ _414_/A (sky130_fd_sc_hd__clkbuf_1)
                  0.05    0.08    1.00 ^ _414_/X (sky130_fd_sc_hd__clkbuf_1)
     1    0.00                           _039_ (net)
                  0.05    0.00    1.00 ^ _526_/D (sky130_fd_sc_hd__dfrtp_1)
                                  1.00   data arrival time

                          0.00    0.00   clock clk (rise edge)
                          0.00    0.00   clock source latency
                  0.12    0.09    0.09 ^ clk (in)
     1    0.03                           clk (net)
                  0.12    0.00    0.09 ^ clkbuf_0_clk/A (sky130_fd_sc_hd__clkbuf_16)
                  0.11    0.22    0.31 ^ clkbuf_0_clk/X (sky130_fd_sc_hd__clkbuf_16)
     8    0.09                           clknet_0_clk (net)
                  0.11    0.00    0.31 ^ clkbuf_3_7__f_clk/A (sky130_fd_sc_hd__clkbuf_16)
                  0.06    0.17    0.48 ^ clkbuf_3_7__f_clk/X (sky130_fd_sc_hd__clkbuf_16)
    11    0.04                           clknet_3_7__leaf_clk (net)
                  0.06    0.00    0.48 ^ _526_/CLK (sky130_fd_sc_hd__dfrtp_1)
                          0.25    0.73   clock uncertainty
                         -0.05    0.68   clock reconvergence pessimism
                         -0.03    0.65   library hold time
                                  0.65   data required time
-----------------------------------------------------------------------------
                                  0.65   data required time
                                 -1.00   data arrival time
-----------------------------------------------------------------------------
                                  0.35   slack (MET)


Startpoint: _494_ (rising edge-triggered flip-flop clocked by clk)
Endpoint: _494_ (rising edge-triggered flip-flop clocked by clk)
Path Group: clk
Path Type: min

Fanout     Cap    Slew   Delay    Time   Description
-----------------------------------------------------------------------------
                          0.00    0.00   clock clk (rise edge)
                          0.00    0.00   clock source latency
                  0.12    0.08    0.08 ^ clk (in)
     1    0.03                           clk (net)
                  0.12    0.00    0.08 ^ clkbuf_0_clk/A (sky130_fd_sc_hd__clkbuf_16)
                  0.11    0.20    0.28 ^ clkbuf_0_clk/X (sky130_fd_sc_hd__clkbuf_16)
     8    0.09                           clknet_0_clk (net)
                  0.11    0.00    0.28 ^ clkbuf_3_4__f_clk/A (sky130_fd_sc_hd__clkbuf_16)
                  0.05    0.15    0.43 ^ clkbuf_3_4__f_clk/X (sky130_fd_sc_hd__clkbuf_16)
     9    0.03                           clknet_3_4__leaf_clk (net)
                  0.05    0.00    0.43 ^ _494_/CLK (sky130_fd_sc_hd__dfrtp_4)
                  0.12    0.44    0.87 ^ _494_/Q (sky130_fd_sc_hd__dfrtp_4)
     9    0.03                           shift_reg[7] (net)
                  0.12    0.00    0.87 ^ _337_/A0 (sky130_fd_sc_hd__mux2_1)
                  0.04    0.13    1.00 ^ _337_/X (sky130_fd_sc_hd__mux2_1)
     1    0.00                           _160_ (net)
                  0.04    0.00    1.00 ^ _338_/A (sky130_fd_sc_hd__clkbuf_1)
                  0.04    0.07    1.07 ^ _338_/X (sky130_fd_sc_hd__clkbuf_1)
     1    0.00                           _007_ (net)
                  0.04    0.00    1.07 ^ _494_/D (sky130_fd_sc_hd__dfrtp_4)
                                  1.07   data arrival time

                          0.00    0.00   clock clk (rise edge)
                          0.00    0.00   clock source latency
                  0.12    0.09    0.09 ^ clk (in)
     1    0.03                           clk (net)
                  0.12    0.00    0.09 ^ clkbuf_0_clk/A (sky130_fd_sc_hd__clkbuf_16)
                  0.11    0.22    0.31 ^ clkbuf_0_clk/X (sky130_fd_sc_hd__clkbuf_16)
     8    0.09                           clknet_0_clk (net)
                  0.11    0.00    0.31 ^ clkbuf_3_4__f_clk/A (sky130_fd_sc_hd__clkbuf_16)
                  0.05    0.17    0.47 ^ clkbuf_3_4__f_clk/X (sky130_fd_sc_hd__clkbuf_16)
     9    0.03                           clknet_3_4__leaf_clk (net)
                  0.05    0.00    0.48 ^ _494_/CLK (sky130_fd_sc_hd__dfrtp_4)
                          0.25    0.73   clock uncertainty
                         -0.05    0.68   clock reconvergence pessimism
                         -0.03    0.65   library hold time
                                  0.65   data required time
-----------------------------------------------------------------------------
                                  0.65   data required time
                                 -1.07   data arrival time
-----------------------------------------------------------------------------
                                  0.43   slack (MET)


Startpoint: _492_ (rising edge-triggered flip-flop clocked by clk)
Endpoint: _493_ (rising edge-triggered flip-flop clocked by clk)
Path Group: clk
Path Type: min

Fanout     Cap    Slew   Delay    Time   Description
-----------------------------------------------------------------------------
                          0.00    0.00   clock clk (rise edge)
                          0.00    0.00   clock source latency
                  0.12    0.08    0.08 ^ clk (in)
     1    0.03                           clk (net)
                  0.12    0.00    0.08 ^ clkbuf_0_clk/A (sky130_fd_sc_hd__clkbuf_16)
                  0.11    0.20    0.28 ^ clkbuf_0_clk/X (sky130_fd_sc_hd__clkbuf_16)
     8    0.09                           clknet_0_clk (net)
                  0.11    0.00    0.28 ^ clkbuf_3_2__f_clk/A (sky130_fd_sc_hd__clkbuf_16)
                  0.05    0.15    0.43 ^ clkbuf_3_2__f_clk/X (sky130_fd_sc_hd__clkbuf_16)
     9    0.03                           clknet_3_2__leaf_clk (net)
                  0.05    0.00    0.43 ^ _492_/CLK (sky130_fd_sc_hd__dfrtp_4)
                  0.14    0.46    0.89 ^ _492_/Q (sky130_fd_sc_hd__dfrtp_4)
    10    0.04                           shift_reg[5] (net)
                  0.14    0.00    0.89 ^ _335_/A1 (sky130_fd_sc_hd__mux2_1)
                  0.04    0.14    1.03 ^ _335_/X (sky130_fd_sc_hd__mux2_1)
     1    0.00                           _159_ (net)
                  0.04    0.00    1.03 ^ _336_/A (sky130_fd_sc_hd__clkbuf_1)
                  0.04    0.07    1.10 ^ _336_/X (sky130_fd_sc_hd__clkbuf_1)
     1    0.00                           _006_ (net)
                  0.04    0.00    1.10 ^ _493_/D (sky130_fd_sc_hd__dfrtp_4)
                                  1.10   data arrival time

                          0.00    0.00   clock clk (rise edge)
                          0.00    0.00   clock source latency
                  0.12    0.09    0.09 ^ clk (in)
     1    0.03                           clk (net)
                  0.12    0.00    0.09 ^ clkbuf_0_clk/A (sky130_fd_sc_hd__clkbuf_16)
                  0.11    0.22    0.31 ^ clkbuf_0_clk/X (sky130_fd_sc_hd__clkbuf_16)
     8    0.09                           clknet_0_clk (net)
                  0.11    0.00    0.31 ^ clkbuf_3_3__f_clk/A (sky130_fd_sc_hd__clkbuf_16)
                  0.06    0.17    0.48 ^ clkbuf_3_3__f_clk/X (sky130_fd_sc_hd__clkbuf_16)
    11    0.04                           clknet_3_3__leaf_clk (net)
                  0.06    0.00    0.48 ^ _493_/CLK (sky130_fd_sc_hd__dfrtp_4)
                          0.25    0.73   clock uncertainty
                         -0.03    0.70   clock reconvergence pessimism
                         -0.03    0.67   library hold time
                                  0.67   data required time
-----------------------------------------------------------------------------
                                  0.67   data required time
                                 -1.10   data arrival time
-----------------------------------------------------------------------------
                                  0.43   slack (MET)


Startpoint: _490_ (rising edge-triggered flip-flop clocked by clk)
Endpoint: _491_ (rising edge-triggered flip-flop clocked by clk)
Path Group: clk
Path Type: min

Fanout     Cap    Slew   Delay    Time   Description
-----------------------------------------------------------------------------
                          0.00    0.00   clock clk (rise edge)
                          0.00    0.00   clock source latency
                  0.12    0.08    0.08 ^ clk (in)
     1    0.03                           clk (net)
                  0.12    0.00    0.08 ^ clkbuf_0_clk/A (sky130_fd_sc_hd__clkbuf_16)
                  0.11    0.20    0.28 ^ clkbuf_0_clk/X (sky130_fd_sc_hd__clkbuf_16)
     8    0.09                           clknet_0_clk (net)
                  0.11    0.00    0.28 ^ clkbuf_3_6__f_clk/A (sky130_fd_sc_hd__clkbuf_16)
                  0.05    0.15    0.43 ^ clkbuf_3_6__f_clk/X (sky130_fd_sc_hd__clkbuf_16)
     9    0.03                           clknet_3_6__leaf_clk (net)
                  0.05    0.00    0.43 ^ _490_/CLK (sky130_fd_sc_hd__dfrtp_4)
                  0.12    0.44    0.87 ^ _490_/Q (sky130_fd_sc_hd__dfrtp_4)
    10    0.03                           shift_reg[3] (net)
                  0.12    0.00    0.88 ^ _331_/A1 (sky130_fd_sc_hd__mux2_1)
                  0.04    0.13    1.01 ^ _331_/X (sky130_fd_sc_hd__mux2_1)
     1    0.00                           _157_ (net)
                  0.04    0.00    1.01 ^ _332_/A (sky130_fd_sc_hd__clkbuf_1)
                  0.04    0.07    1.08 ^ _332_/X (sky130_fd_sc_hd__clkbuf_1)
     1    0.00                           _004_ (net)
                  0.04    0.00    1.08 ^ _491_/D (sky130_fd_sc_hd__dfrtp_4)
                                  1.08   data arrival time

                          0.00    0.00   clock clk (rise edge)
                          0.00    0.00   clock source latency
                  0.12    0.09    0.09 ^ clk (in)
     1    0.03                           clk (net)
                  0.12    0.00    0.09 ^ clkbuf_0_clk/A (sky130_fd_sc_hd__clkbuf_16)
                  0.11    0.22    0.31 ^ clkbuf_0_clk/X (sky130_fd_sc_hd__clkbuf_16)
     8    0.09                           clknet_0_clk (net)
                  0.11    0.00    0.31 ^ clkbuf_3_6__f_clk/A (sky130_fd_sc_hd__clkbuf_16)
                  0.05    0.17    0.48 ^ clkbuf_3_6__f_clk/X (sky130_fd_sc_hd__clkbuf_16)
     9    0.03                           clknet_3_6__leaf_clk (net)
                  0.05    0.00    0.48 ^ _491_/CLK (sky130_fd_sc_hd__dfrtp_4)
                          0.25    0.73   clock uncertainty
                         -0.05    0.68   clock reconvergence pessimism
                         -0.03    0.65   library hold time
                                  0.65   data required time
-----------------------------------------------------------------------------
                                  0.65   data required time
                                 -1.08   data arrival time
-----------------------------------------------------------------------------
                                  0.43   slack (MET)


Startpoint: _487_ (rising edge-triggered flip-flop clocked by clk)
Endpoint: _488_ (rising edge-triggered flip-flop clocked by clk)
Path Group: clk
Path Type: min

Fanout     Cap    Slew   Delay    Time   Description
-----------------------------------------------------------------------------
                          0.00    0.00   clock clk (rise edge)
                          0.00    0.00   clock source latency
                  0.12    0.08    0.08 ^ clk (in)
     1    0.03                           clk (net)
                  0.12    0.00    0.08 ^ clkbuf_0_clk/A (sky130_fd_sc_hd__clkbuf_16)
                  0.11    0.20    0.28 ^ clkbuf_0_clk/X (sky130_fd_sc_hd__clkbuf_16)
     8    0.09                           clknet_0_clk (net)
                  0.11    0.00    0.28 ^ clkbuf_3_7__f_clk/A (sky130_fd_sc_hd__clkbuf_16)
                  0.06    0.15    0.43 ^ clkbuf_3_7__f_clk/X (sky130_fd_sc_hd__clkbuf_16)
    11    0.04                           clknet_3_7__leaf_clk (net)
                  0.06    0.00    0.43 ^ _487_/CLK (sky130_fd_sc_hd__dfrtp_4)
                  0.13    0.45    0.88 ^ _487_/Q (sky130_fd_sc_hd__dfrtp_4)
    10    0.04                           shift_reg[0] (net)
                  0.13    0.00    0.89 ^ _325_/A1 (sky130_fd_sc_hd__mux2_1)
                  0.04    0.14    1.03 ^ _325_/X (sky130_fd_sc_hd__mux2_1)
     1    0.00                           _154_ (net)
                  0.04    0.00    1.03 ^ _326_/A (sky130_fd_sc_hd__clkbuf_1)
                  0.04    0.07    1.10 ^ _326_/X (sky130_fd_sc_hd__clkbuf_1)
     1    0.00                           _001_ (net)
                  0.04    0.00    1.10 ^ _488_/D (sky130_fd_sc_hd__dfrtp_4)
                                  1.10   data arrival time

                          0.00    0.00   clock clk (rise edge)
                          0.00    0.00   clock source latency
                  0.12    0.09    0.09 ^ clk (in)
     1    0.03                           clk (net)
                  0.12    0.00    0.09 ^ clkbuf_0_clk/A (sky130_fd_sc_hd__clkbuf_16)
                  0.11    0.22    0.31 ^ clkbuf_0_clk/X (sky130_fd_sc_hd__clkbuf_16)
     8    0.09                           clknet_0_clk (net)
                  0.11    0.00    0.31 ^ clkbuf_3_5__f_clk/A (sky130_fd_sc_hd__clkbuf_16)
                  0.05    0.17    0.48 ^ clkbuf_3_5__f_clk/X (sky130_fd_sc_hd__clkbuf_16)
    10    0.03                           clknet_3_5__leaf_clk (net)
                  0.05    0.00    0.48 ^ _488_/CLK (sky130_fd_sc_hd__dfrtp_4)
                          0.25    0.73   clock uncertainty
                         -0.03    0.70   clock reconvergence pessimism
                         -0.03    0.66   library hold time
                                  0.66   data required time
-----------------------------------------------------------------------------
                                  0.66   data required time
                                 -1.10   data arrival time
-----------------------------------------------------------------------------
                                  0.43   slack (MET)


Startpoint: _490_ (rising edge-triggered flip-flop clocked by clk)
Endpoint: _490_ (rising edge-triggered flip-flop clocked by clk)
Path Group: clk
Path Type: min

Fanout     Cap    Slew   Delay    Time   Description
-----------------------------------------------------------------------------
                          0.00    0.00   clock clk (rise edge)
                          0.00    0.00   clock source latency
                  0.12    0.08    0.08 ^ clk (in)
     1    0.03                           clk (net)
                  0.12    0.00    0.08 ^ clkbuf_0_clk/A (sky130_fd_sc_hd__clkbuf_16)
                  0.11    0.20    0.28 ^ clkbuf_0_clk/X (sky130_fd_sc_hd__clkbuf_16)
     8    0.09                           clknet_0_clk (net)
                  0.11    0.00    0.28 ^ clkbuf_3_6__f_clk/A (sky130_fd_sc_hd__clkbuf_16)
                  0.05    0.15    0.43 ^ clkbuf_3_6__f_clk/X (sky130_fd_sc_hd__clkbuf_16)
     9    0.03                           clknet_3_6__leaf_clk (net)
                  0.05    0.00    0.43 ^ _490_/CLK (sky130_fd_sc_hd__dfrtp_4)
                  0.12    0.44    0.87 ^ _490_/Q (sky130_fd_sc_hd__dfrtp_4)
    10    0.03                           shift_reg[3] (net)
                  0.12    0.00    0.87 ^ _329_/A0 (sky130_fd_sc_hd__mux2_1)
                  0.05    0.14    1.01 ^ _329_/X (sky130_fd_sc_hd__mux2_1)
     1    0.00                           _156_ (net)
                  0.05    0.00    1.01 ^ _330_/A (sky130_fd_sc_hd__clkbuf_1)
                  0.04    0.08    1.09 ^ _330_/X (sky130_fd_sc_hd__clkbuf_1)
     1    0.00                           _003_ (net)
                  0.04    0.00    1.09 ^ _490_/D (sky130_fd_sc_hd__dfrtp_4)
                                  1.09   data arrival time

                          0.00    0.00   clock clk (rise edge)
                          0.00    0.00   clock source latency
                  0.12    0.09    0.09 ^ clk (in)
     1    0.03                           clk (net)
                  0.12    0.00    0.09 ^ clkbuf_0_clk/A (sky130_fd_sc_hd__clkbuf_16)
                  0.11    0.22    0.31 ^ clkbuf_0_clk/X (sky130_fd_sc_hd__clkbuf_16)
     8    0.09                           clknet_0_clk (net)
                  0.11    0.00    0.31 ^ clkbuf_3_6__f_clk/A (sky130_fd_sc_hd__clkbuf_16)
                  0.05    0.17    0.48 ^ clkbuf_3_6__f_clk/X (sky130_fd_sc_hd__clkbuf_16)
     9    0.03                           clknet_3_6__leaf_clk (net)
                  0.05    0.00    0.48 ^ _490_/CLK (sky130_fd_sc_hd__dfrtp_4)
                          0.25    0.73   clock uncertainty
                         -0.05    0.68   clock reconvergence pessimism
                         -0.03    0.65   library hold time
                                  0.65   data required time
-----------------------------------------------------------------------------
                                  0.65   data required time
                                 -1.09   data arrival time
-----------------------------------------------------------------------------
                                  0.44   slack (MET)


Startpoint: _487_ (rising edge-triggered flip-flop clocked by clk)
Endpoint: _487_ (rising edge-triggered flip-flop clocked by clk)
Path Group: clk
Path Type: min

Fanout     Cap    Slew   Delay    Time   Description
-----------------------------------------------------------------------------
                          0.00    0.00   clock clk (rise edge)
                          0.00    0.00   clock source latency
                  0.12    0.08    0.08 ^ clk (in)
     1    0.03                           clk (net)
                  0.12    0.00    0.08 ^ clkbuf_0_clk/A (sky130_fd_sc_hd__clkbuf_16)
                  0.11    0.20    0.28 ^ clkbuf_0_clk/X (sky130_fd_sc_hd__clkbuf_16)
     8    0.09                           clknet_0_clk (net)
                  0.11    0.00    0.28 ^ clkbuf_3_7__f_clk/A (sky130_fd_sc_hd__clkbuf_16)
                  0.06    0.15    0.43 ^ clkbuf_3_7__f_clk/X (sky130_fd_sc_hd__clkbuf_16)
    11    0.04                           clknet_3_7__leaf_clk (net)
                  0.06    0.00    0.43 ^ _487_/CLK (sky130_fd_sc_hd__dfrtp_4)
                  0.13    0.45    0.88 ^ _487_/Q (sky130_fd_sc_hd__dfrtp_4)
    10    0.04                           shift_reg[0] (net)
                  0.13    0.00    0.89 ^ _323_/A0 (sky130_fd_sc_hd__mux2_1)
                  0.04    0.14    1.02 ^ _323_/X (sky130_fd_sc_hd__mux2_1)
     1    0.00                           _153_ (net)
                  0.04    0.00    1.02 ^ _324_/A (sky130_fd_sc_hd__clkbuf_1)
                  0.04    0.07    1.10 ^ _324_/X (sky130_fd_sc_hd__clkbuf_1)
     1    0.00                           _000_ (net)
                  0.04    0.00    1.10 ^ _487_/D (sky130_fd_sc_hd__dfrtp_4)
                                  1.10   data arrival time

                          0.00    0.00   clock clk (rise edge)
                          0.00    0.00   clock source latency
                  0.12    0.09    0.09 ^ clk (in)
     1    0.03                           clk (net)
                  0.12    0.00    0.09 ^ clkbuf_0_clk/A (sky130_fd_sc_hd__clkbuf_16)
                  0.11    0.22    0.31 ^ clkbuf_0_clk/X (sky130_fd_sc_hd__clkbuf_16)
     8    0.09                           clknet_0_clk (net)
                  0.11    0.00    0.31 ^ clkbuf_3_7__f_clk/A (sky130_fd_sc_hd__clkbuf_16)
                  0.06    0.17    0.48 ^ clkbuf_3_7__f_clk/X (sky130_fd_sc_hd__clkbuf_16)
    11    0.04                           clknet_3_7__leaf_clk (net)
                  0.06    0.00    0.48 ^ _487_/CLK (sky130_fd_sc_hd__dfrtp_4)
                          0.25    0.73   clock uncertainty
                         -0.05    0.68   clock reconvergence pessimism
                         -0.03    0.65   library hold time
                                  0.65   data required time
-----------------------------------------------------------------------------
                                  0.65   data required time
                                 -1.10   data arrival time
-----------------------------------------------------------------------------
                                  0.44   slack (MET)


Startpoint: _489_ (rising edge-triggered flip-flop clocked by clk)
Endpoint: _489_ (rising edge-triggered flip-flop clocked by clk)
Path Group: clk
Path Type: min

Fanout     Cap    Slew   Delay    Time   Description
-----------------------------------------------------------------------------
                          0.00    0.00   clock clk (rise edge)
                          0.00    0.00   clock source latency
                  0.12    0.08    0.08 ^ clk (in)
     1    0.03                           clk (net)
                  0.12    0.00    0.08 ^ clkbuf_0_clk/A (sky130_fd_sc_hd__clkbuf_16)
                  0.11    0.20    0.28 ^ clkbuf_0_clk/X (sky130_fd_sc_hd__clkbuf_16)
     8    0.09                           clknet_0_clk (net)
                  0.11    0.00    0.28 ^ clkbuf_3_5__f_clk/A (sky130_fd_sc_hd__clkbuf_16)
                  0.05    0.15    0.43 ^ clkbuf_3_5__f_clk/X (sky130_fd_sc_hd__clkbuf_16)
    10    0.03                           clknet_3_5__leaf_clk (net)
                  0.05    0.00    0.43 ^ _489_/CLK (sky130_fd_sc_hd__dfrtp_4)
                  0.13    0.45    0.88 ^ _489_/Q (sky130_fd_sc_hd__dfrtp_4)
    10    0.04                           shift_reg[2] (net)
                  0.13    0.00    0.89 ^ _327_/A0 (sky130_fd_sc_hd__mux2_1)
                  0.04    0.13    1.02 ^ _327_/X (sky130_fd_sc_hd__mux2_1)
     1    0.00                           _155_ (net)
                  0.04    0.00    1.02 ^ _328_/A (sky130_fd_sc_hd__clkbuf_1)
                  0.05    0.08    1.10 ^ _328_/X (sky130_fd_sc_hd__clkbuf_1)
     1    0.00                           _002_ (net)
                  0.05    0.00    1.10 ^ _489_/D (sky130_fd_sc_hd__dfrtp_4)
                                  1.10   data arrival time

                          0.00    0.00   clock clk (rise edge)
                          0.00    0.00   clock source latency
                  0.12    0.09    0.09 ^ clk (in)
     1    0.03                           clk (net)
                  0.12    0.00    0.09 ^ clkbuf_0_clk/A (sky130_fd_sc_hd__clkbuf_16)
                  0.11    0.22    0.31 ^ clkbuf_0_clk/X (sky130_fd_sc_hd__clkbuf_16)
     8    0.09                           clknet_0_clk (net)
                  0.11    0.00    0.31 ^ clkbuf_3_5__f_clk/A (sky130_fd_sc_hd__clkbuf_16)
                  0.05    0.17    0.48 ^ clkbuf_3_5__f_clk/X (sky130_fd_sc_hd__clkbuf_16)
    10    0.03                           clknet_3_5__leaf_clk (net)
                  0.05    0.00    0.48 ^ _489_/CLK (sky130_fd_sc_hd__dfrtp_4)
                          0.25    0.73   clock uncertainty
                         -0.05    0.68   clock reconvergence pessimism
                         -0.03    0.65   library hold time
                                  0.65   data required time
-----------------------------------------------------------------------------
                                  0.65   data required time
                                 -1.10   data arrival time
-----------------------------------------------------------------------------
                                  0.45   slack (MET)


Startpoint: _491_ (rising edge-triggered flip-flop clocked by clk)
Endpoint: _492_ (rising edge-triggered flip-flop clocked by clk)
Path Group: clk
Path Type: min

Fanout     Cap    Slew   Delay    Time   Description
-----------------------------------------------------------------------------
                          0.00    0.00   clock clk (rise edge)
                          0.00    0.00   clock source latency
                  0.12    0.08    0.08 ^ clk (in)
     1    0.03                           clk (net)
                  0.12    0.00    0.08 ^ clkbuf_0_clk/A (sky130_fd_sc_hd__clkbuf_16)
                  0.11    0.20    0.28 ^ clkbuf_0_clk/X (sky130_fd_sc_hd__clkbuf_16)
     8    0.09                           clknet_0_clk (net)
                  0.11    0.00    0.28 ^ clkbuf_3_6__f_clk/A (sky130_fd_sc_hd__clkbuf_16)
                  0.05    0.15    0.43 ^ clkbuf_3_6__f_clk/X (sky130_fd_sc_hd__clkbuf_16)
     9    0.03                           clknet_3_6__leaf_clk (net)
                  0.05    0.00    0.43 ^ _491_/CLK (sky130_fd_sc_hd__dfrtp_4)
                  0.14    0.46    0.89 ^ _491_/Q (sky130_fd_sc_hd__dfrtp_4)
    10    0.04                           shift_reg[4] (net)
                  0.14    0.00    0.90 ^ _333_/A1 (sky130_fd_sc_hd__mux2_1)
                  0.04    0.14    1.04 ^ _333_/X (sky130_fd_sc_hd__mux2_1)
     1    0.00                           _158_ (net)
                  0.04    0.00    1.04 ^ _334_/A (sky130_fd_sc_hd__clkbuf_1)
                  0.05    0.08    1.11 ^ _334_/X (sky130_fd_sc_hd__clkbuf_1)
     1    0.00                           _005_ (net)
                  0.05    0.00    1.11 ^ _492_/D (sky130_fd_sc_hd__dfrtp_4)
                                  1.11   data arrival time

                          0.00    0.00   clock clk (rise edge)
                          0.00    0.00   clock source latency
                  0.12    0.09    0.09 ^ clk (in)
     1    0.03                           clk (net)
                  0.12    0.00    0.09 ^ clkbuf_0_clk/A (sky130_fd_sc_hd__clkbuf_16)
                  0.11    0.22    0.31 ^ clkbuf_0_clk/X (sky130_fd_sc_hd__clkbuf_16)
     8    0.09                           clknet_0_clk (net)
                  0.11    0.00    0.31 ^ clkbuf_3_2__f_clk/A (sky130_fd_sc_hd__clkbuf_16)
                  0.05    0.17    0.47 ^ clkbuf_3_2__f_clk/X (sky130_fd_sc_hd__clkbuf_16)
     9    0.03                           clknet_3_2__leaf_clk (net)
                  0.05    0.00    0.48 ^ _492_/CLK (sky130_fd_sc_hd__dfrtp_4)
                          0.25    0.73   clock uncertainty
                         -0.03    0.70   clock reconvergence pessimism
                         -0.03    0.66   library hold time
                                  0.66   data required time
-----------------------------------------------------------------------------
                                  0.66   data required time
                                 -1.11   data arrival time
-----------------------------------------------------------------------------
                                  0.45   slack (MET)


Startpoint: _498_ (rising edge-triggered flip-flop clocked by clk)
Endpoint: _498_ (rising edge-triggered flip-flop clocked by clk)
Path Group: clk
Path Type: min

Fanout     Cap    Slew   Delay    Time   Description
-----------------------------------------------------------------------------
                          0.00    0.00   clock clk (rise edge)
                          0.00    0.00   clock source latency
                  0.12    0.08    0.08 ^ clk (in)
     1    0.03                           clk (net)
                  0.12    0.00    0.08 ^ clkbuf_0_clk/A (sky130_fd_sc_hd__clkbuf_16)
                  0.11    0.20    0.28 ^ clkbuf_0_clk/X (sky130_fd_sc_hd__clkbuf_16)
     8    0.09                           clknet_0_clk (net)
                  0.11    0.00    0.28 ^ clkbuf_3_2__f_clk/A (sky130_fd_sc_hd__clkbuf_16)
                  0.05    0.15    0.43 ^ clkbuf_3_2__f_clk/X (sky130_fd_sc_hd__clkbuf_16)
     9    0.03                           clknet_3_2__leaf_clk (net)
                  0.05    0.00    0.43 ^ _498_/CLK (sky130_fd_sc_hd__dfrtp_1)
                  0.05    0.31    0.74 ^ _498_/Q (sky130_fd_sc_hd__dfrtp_1)
     2    0.00                           enabled[3] (net)
                  0.05    0.00    0.74 ^ hold1/A (sky130_fd_sc_hd__dlygate4sd3_1)
                  0.05    0.51    1.25 ^ hold1/X (sky130_fd_sc_hd__dlygate4sd3_1)
     1    0.00                           net38 (net)
                  0.05    0.00    1.25 ^ _357_/A0 (sky130_fd_sc_hd__mux2_1)
                  0.04    0.11    1.36 ^ _357_/X (sky130_fd_sc_hd__mux2_1)
     1    0.00                           _176_ (net)
                  0.04    0.00    1.36 ^ _358_/A (sky130_fd_sc_hd__clkbuf_1)
                  0.05    0.08    1.43 ^ _358_/X (sky130_fd_sc_hd__clkbuf_1)
     1    0.00                           _011_ (net)
                  0.05    0.00    1.43 ^ _498_/D (sky130_fd_sc_hd__dfrtp_1)
                                  1.43   data arrival time

                          0.00    0.00   clock clk (rise edge)
                          0.00    0.00   clock source latency
                  0.12    0.09    0.09 ^ clk (in)
     1    0.03                           clk (net)
                  0.12    0.00    0.09 ^ clkbuf_0_clk/A (sky130_fd_sc_hd__clkbuf_16)
                  0.11    0.22    0.31 ^ clkbuf_0_clk/X (sky130_fd_sc_hd__clkbuf_16)
     8    0.09                           clknet_0_clk (net)
                  0.11    0.00    0.31 ^ clkbuf_3_2__f_clk/A (sky130_fd_sc_hd__clkbuf_16)
                  0.05    0.17    0.47 ^ clkbuf_3_2__f_clk/X (sky130_fd_sc_hd__clkbuf_16)
     9    0.03                           clknet_3_2__leaf_clk (net)
                  0.05    0.00    0.48 ^ _498_/CLK (sky130_fd_sc_hd__dfrtp_1)
                          0.25    0.73   clock uncertainty
                         -0.05    0.68   clock reconvergence pessimism
                         -0.03    0.65   library hold time
                                  0.65   data required time
-----------------------------------------------------------------------------
                                  0.65   data required time
                                 -1.43   data arrival time
-----------------------------------------------------------------------------
                                  0.79   slack (MET)


Startpoint: _540_ (rising edge-triggered flip-flop clocked by clk)
Endpoint: _540_ (rising edge-triggered flip-flop clocked by clk)
Path Group: clk
Path Type: min

Fanout     Cap    Slew   Delay    Time   Description
-----------------------------------------------------------------------------
                          0.00    0.00   clock clk (rise edge)
                          0.00    0.00   clock source latency
                  0.12    0.08    0.08 ^ clk (in)
     1    0.03                           clk (net)
                  0.12    0.00    0.08 ^ clkbuf_0_clk/A (sky130_fd_sc_hd__clkbuf_16)
                  0.11    0.20    0.28 ^ clkbuf_0_clk/X (sky130_fd_sc_hd__clkbuf_16)
     8    0.09                           clknet_0_clk (net)
                  0.11    0.00    0.28 ^ clkbuf_3_1__f_clk/A (sky130_fd_sc_hd__clkbuf_16)
                  0.06    0.15    0.43 ^ clkbuf_3_1__f_clk/X (sky130_fd_sc_hd__clkbuf_16)
    10    0.03                           clknet_3_1__leaf_clk (net)
                  0.06    0.00    0.43 ^ _540_/CLK (sky130_fd_sc_hd__dfrtp_1)
                  0.06    0.32    0.75 ^ _540_/Q (sky130_fd_sc_hd__dfrtp_1)
     2    0.00                           masks[1][1] (net)
                  0.06    0.00    0.75 ^ hold3/A (sky130_fd_sc_hd__dlygate4sd3_1)
                  0.05    0.51    1.25 ^ hold3/X (sky130_fd_sc_hd__dlygate4sd3_1)
     1    0.00                           net40 (net)
                  0.05    0.00    1.25 ^ _441_/A0 (sky130_fd_sc_hd__mux2_1)
                  0.04    0.11    1.36 ^ _441_/X (sky130_fd_sc_hd__mux2_1)
     1    0.00                           _218_ (net)
                  0.04    0.00    1.36 ^ _442_/A (sky130_fd_sc_hd__clkbuf_1)
                  0.05    0.08    1.44 ^ _442_/X (sky130_fd_sc_hd__clkbuf_1)
     1    0.00                           _053_ (net)
                  0.05    0.00    1.44 ^ _540_/D (sky130_fd_sc_hd__dfrtp_1)
                                  1.44   data arrival time

                          0.00    0.00   clock clk (rise edge)
                          0.00    0.00   clock source latency
                  0.12    0.09    0.09 ^ clk (in)
     1    0.03                           clk (net)
                  0.12    0.00    0.09 ^ clkbuf_0_clk/A (sky130_fd_sc_hd__clkbuf_16)
                  0.11    0.22    0.31 ^ clkbuf_0_clk/X (sky130_fd_sc_hd__clkbuf_16)
     8    0.09                           clknet_0_clk (net)
                  0.11    0.00    0.31 ^ clkbuf_3_1__f_clk/A (sky130_fd_sc_hd__clkbuf_16)
                  0.06    0.17    0.48 ^ clkbuf_3_1__f_clk/X (sky130_fd_sc_hd__clkbuf_16)
    10    0.03                           clknet_3_1__leaf_clk (net)
                  0.06    0.00    0.48 ^ _540_/CLK (sky130_fd_sc_hd__dfrtp_1)
                          0.25    0.73   clock uncertainty
                         -0.05    0.68   clock reconvergence pessimism
                         -0.03    0.65   library hold time
                                  0.65   data required time
-----------------------------------------------------------------------------
                                  0.65   data required time
                                 -1.44   data arrival time
-----------------------------------------------------------------------------
                                  0.79   slack (MET)


Startpoint: _559_ (rising edge-triggered flip-flop clocked by clk)
Endpoint: _559_ (rising edge-triggered flip-flop clocked by clk)
Path Group: clk
Path Type: min

Fanout     Cap    Slew   Delay    Time   Description
-----------------------------------------------------------------------------
                          0.00    0.00   clock clk (rise edge)
                          0.00    0.00   clock source latency
                  0.12    0.08    0.08 ^ clk (in)
     1    0.03                           clk (net)
                  0.12    0.00    0.08 ^ clkbuf_0_clk/A (sky130_fd_sc_hd__clkbuf_16)
                  0.11    0.20    0.28 ^ clkbuf_0_clk/X (sky130_fd_sc_hd__clkbuf_16)
     8    0.09                           clknet_0_clk (net)
                  0.11    0.00    0.28 ^ clkbuf_3_2__f_clk/A (sky130_fd_sc_hd__clkbuf_16)
                  0.05    0.15    0.43 ^ clkbuf_3_2__f_clk/X (sky130_fd_sc_hd__clkbuf_16)
     9    0.03                           clknet_3_2__leaf_clk (net)
                  0.05    0.00    0.43 ^ _559_/CLK (sky130_fd_sc_hd__dfrtp_1)
                  0.07    0.32    0.75 ^ _559_/Q (sky130_fd_sc_hd__dfrtp_1)
     2    0.01                           masks[3][4] (net)
                  0.07    0.00    0.75 ^ hold10/A (sky130_fd_sc_hd__dlygate4sd3_1)
                  0.05    0.51    1.26 ^ hold10/X (sky130_fd_sc_hd__dlygate4sd3_1)
     1    0.00                           net47 (net)
                  0.05    0.00    1.26 ^ _479_/A0 (sky130_fd_sc_hd__mux2_1)
                  0.04    0.11    1.37 ^ _479_/X (sky130_fd_sc_hd__mux2_1)
     1    0.00                           _237_ (net)
                  0.04    0.00    1.37 ^ _480_/A (sky130_fd_sc_hd__clkbuf_1)
                  0.04    0.07    1.44 ^ _480_/X (sky130_fd_sc_hd__clkbuf_1)
     1    0.00                           _072_ (net)
                  0.04    0.00    1.44 ^ _559_/D (sky130_fd_sc_hd__dfrtp_1)
                                  1.44   data arrival time

                          0.00    0.00   clock clk (rise edge)
                          0.00    0.00   clock source latency
                  0.12    0.09    0.09 ^ clk (in)
     1    0.03                           clk (net)
                  0.12    0.00    0.09 ^ clkbuf_0_clk/A (sky130_fd_sc_hd__clkbuf_16)
                  0.11    0.22    0.31 ^ clkbuf_0_clk/X (sky130_fd_sc_hd__clkbuf_16)
     8    0.09                           clknet_0_clk (net)
                  0.11    0.00    0.31 ^ clkbuf_3_2__f_clk/A (sky130_fd_sc_hd__clkbuf_16)
                  0.05    0.17    0.47 ^ clkbuf_3_2__f_clk/X (sky130_fd_sc_hd__clkbuf_16)
     9    0.03                           clknet_3_2__leaf_clk (net)
                  0.05    0.00    0.48 ^ _559_/CLK (sky130_fd_sc_hd__dfrtp_1)
                          0.25    0.73   clock uncertainty
                         -0.05    0.68   clock reconvergence pessimism
                         -0.03    0.65   library hold time
                                  0.65   data required time
-----------------------------------------------------------------------------
                                  0.65   data required time
                                 -1.44   data arrival time
-----------------------------------------------------------------------------
                                  0.79   slack (MET)


Startpoint: _546_ (rising edge-triggered flip-flop clocked by clk)
Endpoint: _546_ (rising edge-triggered flip-flop clocked by clk)
Path Group: clk
Path Type: min

Fanout     Cap    Slew   Delay    Time   Description
-----------------------------------------------------------------------------
                          0.00    0.00   clock clk (rise edge)
                          0.00    0.00   clock source latency
                  0.12    0.08    0.08 ^ clk (in)
     1    0.03                           clk (net)
                  0.12    0.00    0.08 ^ clkbuf_0_clk/A (sky130_fd_sc_hd__clkbuf_16)
                  0.11    0.20    0.28 ^ clkbuf_0_clk/X (sky130_fd_sc_hd__clkbuf_16)
     8    0.09                           clknet_0_clk (net)
                  0.11    0.00    0.28 ^ clkbuf_3_4__f_clk/A (sky130_fd_sc_hd__clkbuf_16)
                  0.05    0.15    0.43 ^ clkbuf_3_4__f_clk/X (sky130_fd_sc_hd__clkbuf_16)
     9    0.03                           clknet_3_4__leaf_clk (net)
                  0.05    0.00    0.43 ^ _546_/CLK (sky130_fd_sc_hd__dfrtp_1)
                  0.07    0.32    0.75 ^ _546_/Q (sky130_fd_sc_hd__dfrtp_1)
     2    0.01                           masks[1][7] (net)
                  0.07    0.00    0.75 ^ hold5/A (sky130_fd_sc_hd__dlygate4sd3_1)
                  0.05    0.51    1.26 ^ hold5/X (sky130_fd_sc_hd__dlygate4sd3_1)
     1    0.00                           net42 (net)
                  0.05    0.00    1.26 ^ _453_/A0 (sky130_fd_sc_hd__mux2_1)
                  0.04    0.11    1.37 ^ _453_/X (sky130_fd_sc_hd__mux2_1)
     1    0.00                           _224_ (net)
                  0.04    0.00    1.37 ^ _454_/A (sky130_fd_sc_hd__clkbuf_1)
                  0.04    0.07    1.44 ^ _454_/X (sky130_fd_sc_hd__clkbuf_1)
     1    0.00                           _059_ (net)
                  0.04    0.00    1.44 ^ _546_/D (sky130_fd_sc_hd__dfrtp_1)
                                  1.44   data arrival time

                          0.00    0.00   clock clk (rise edge)
                          0.00    0.00   clock source latency
                  0.12    0.09    0.09 ^ clk (in)
     1    0.03                           clk (net)
                  0.12    0.00    0.09 ^ clkbuf_0_clk/A (sky130_fd_sc_hd__clkbuf_16)
                  0.11    0.22    0.31 ^ clkbuf_0_clk/X (sky130_fd_sc_hd__clkbuf_16)
     8    0.09                           clknet_0_clk (net)
                  0.11    0.00    0.31 ^ clkbuf_3_4__f_clk/A (sky130_fd_sc_hd__clkbuf_16)
                  0.05    0.17    0.47 ^ clkbuf_3_4__f_clk/X (sky130_fd_sc_hd__clkbuf_16)
     9    0.03                           clknet_3_4__leaf_clk (net)
                  0.05    0.00    0.48 ^ _546_/CLK (sky130_fd_sc_hd__dfrtp_1)
                          0.25    0.73   clock uncertainty
                         -0.05    0.68   clock reconvergence pessimism
                         -0.03    0.65   library hold time
                                  0.65   data required time
-----------------------------------------------------------------------------
                                  0.65   data required time
                                 -1.44   data arrival time
-----------------------------------------------------------------------------
                                  0.79   slack (MET)


Startpoint: _555_ (rising edge-triggered flip-flop clocked by clk)
Endpoint: _555_ (rising edge-triggered flip-flop clocked by clk)
Path Group: clk
Path Type: min

Fanout     Cap    Slew   Delay    Time   Description
-----------------------------------------------------------------------------
                          0.00    0.00   clock clk (rise edge)
                          0.00    0.00   clock source latency
                  0.12    0.08    0.08 ^ clk (in)
     1    0.03                           clk (net)
                  0.12    0.00    0.08 ^ clkbuf_0_clk/A (sky130_fd_sc_hd__clkbuf_16)
                  0.11    0.20    0.28 ^ clkbuf_0_clk/X (sky130_fd_sc_hd__clkbuf_16)
     8    0.09                           clknet_0_clk (net)
                  0.11    0.00    0.28 ^ clkbuf_3_7__f_clk/A (sky130_fd_sc_hd__clkbuf_16)
                  0.06    0.15    0.43 ^ clkbuf_3_7__f_clk/X (sky130_fd_sc_hd__clkbuf_16)
    11    0.04                           clknet_3_7__leaf_clk (net)
                  0.06    0.00    0.43 ^ _555_/CLK (sky130_fd_sc_hd__dfrtp_1)
                  0.06    0.32    0.75 ^ _555_/Q (sky130_fd_sc_hd__dfrtp_1)
     2    0.00                           masks[3][0] (net)
                  0.06    0.00    0.75 ^ hold7/A (sky130_fd_sc_hd__dlygate4sd3_1)
                  0.05    0.51    1.26 ^ hold7/X (sky130_fd_sc_hd__dlygate4sd3_1)
     1    0.00                           net44 (net)
                  0.05    0.00    1.26 ^ _471_/A0 (sky130_fd_sc_hd__mux2_1)
                  0.04    0.11    1.37 ^ _471_/X (sky130_fd_sc_hd__mux2_1)
     1    0.00                           _233_ (net)
                  0.04    0.00    1.37 ^ _472_/A (sky130_fd_sc_hd__clkbuf_1)
                  0.04    0.07    1.45 ^ _472_/X (sky130_fd_sc_hd__clkbuf_1)
     1    0.00                           _068_ (net)
                  0.04    0.00    1.45 ^ _555_/D (sky130_fd_sc_hd__dfrtp_1)
                                  1.45   data arrival time

                          0.00    0.00   clock clk (rise edge)
                          0.00    0.00   clock source latency
                  0.12    0.09    0.09 ^ clk (in)
     1    0.03                           clk (net)
                  0.12    0.00    0.09 ^ clkbuf_0_clk/A (sky130_fd_sc_hd__clkbuf_16)
                  0.11    0.22    0.31 ^ clkbuf_0_clk/X (sky130_fd_sc_hd__clkbuf_16)
     8    0.09                           clknet_0_clk (net)
                  0.11    0.00    0.31 ^ clkbuf_3_7__f_clk/A (sky130_fd_sc_hd__clkbuf_16)
                  0.06    0.17    0.48 ^ clkbuf_3_7__f_clk/X (sky130_fd_sc_hd__clkbuf_16)
    11    0.04                           clknet_3_7__leaf_clk (net)
                  0.06    0.00    0.48 ^ _555_/CLK (sky130_fd_sc_hd__dfrtp_1)
                          0.25    0.73   clock uncertainty
                         -0.05    0.68   clock reconvergence pessimism
                         -0.03    0.65   library hold time
                                  0.65   data required time
-----------------------------------------------------------------------------
                                  0.65   data required time
                                 -1.45   data arrival time
-----------------------------------------------------------------------------
                                  0.79   slack (MET)


Startpoint: _556_ (rising edge-triggered flip-flop clocked by clk)
Endpoint: _556_ (rising edge-triggered flip-flop clocked by clk)
Path Group: clk
Path Type: min

Fanout     Cap    Slew   Delay    Time   Description
-----------------------------------------------------------------------------
                          0.00    0.00   clock clk (rise edge)
                          0.00    0.00   clock source latency
                  0.12    0.08    0.08 ^ clk (in)
     1    0.03                           clk (net)
                  0.12    0.00    0.08 ^ clkbuf_0_clk/A (sky130_fd_sc_hd__clkbuf_16)
                  0.11    0.20    0.28 ^ clkbuf_0_clk/X (sky130_fd_sc_hd__clkbuf_16)
     8    0.09                           clknet_0_clk (net)
                  0.11    0.00    0.28 ^ clkbuf_3_0__f_clk/A (sky130_fd_sc_hd__clkbuf_16)
                  0.04    0.14    0.42 ^ clkbuf_3_0__f_clk/X (sky130_fd_sc_hd__clkbuf_16)
     7    0.02                           clknet_3_0__leaf_clk (net)
                  0.04    0.00    0.42 ^ _556_/CLK (sky130_fd_sc_hd__dfrtp_1)
                  0.07    0.32    0.74 ^ _556_/Q (sky130_fd_sc_hd__dfrtp_1)
     2    0.01                           masks[3][1] (net)
                  0.07    0.00    0.74 ^ hold4/A (sky130_fd_sc_hd__dlygate4sd3_1)
                  0.05    0.51    1.25 ^ hold4/X (sky130_fd_sc_hd__dlygate4sd3_1)
     1    0.00                           net41 (net)
                  0.05    0.00    1.25 ^ _473_/A0 (sky130_fd_sc_hd__mux2_1)
                  0.04    0.11    1.36 ^ _473_/X (sky130_fd_sc_hd__mux2_1)
     1    0.00                           _234_ (net)
                  0.04    0.00    1.36 ^ _474_/A (sky130_fd_sc_hd__clkbuf_1)
                  0.04    0.08    1.43 ^ _474_/X (sky130_fd_sc_hd__clkbuf_1)
     1    0.00                           _069_ (net)
                  0.04    0.00    1.43 ^ _556_/D (sky130_fd_sc_hd__dfrtp_1)
                                  1.43   data arrival time

                          0.00    0.00   clock clk (rise edge)
                          0.00    0.00   clock source latency
                  0.12    0.09    0.09 ^ clk (in)
     1    0.03                           clk (net)
                  0.12    0.00    0.09 ^ clkbuf_0_clk/A (sky130_fd_sc_hd__clkbuf_16)
                  0.11    0.22    0.31 ^ clkbuf_0_clk/X (sky130_fd_sc_hd__clkbuf_16)
     8    0.09                           clknet_0_clk (net)
                  0.11    0.00    0.31 ^ clkbuf_3_0__f_clk/A (sky130_fd_sc_hd__clkbuf_16)
                  0.04    0.16    0.47 ^ clkbuf_3_0__f_clk/X (sky130_fd_sc_hd__clkbuf_16)
     7    0.02                           clknet_3_0__leaf_clk (net)
                  0.04    0.00    0.47 ^ _556_/CLK (sky130_fd_sc_hd__dfrtp_1)
                          0.25    0.72   clock uncertainty
                         -0.04    0.67   clock reconvergence pessimism
                         -0.03    0.64   library hold time
                                  0.64   data required time
-----------------------------------------------------------------------------
                                  0.64   data required time
                                 -1.43   data arrival time
-----------------------------------------------------------------------------
                                  0.80   slack (MET)


Startpoint: _497_ (rising edge-triggered flip-flop clocked by clk)
Endpoint: _497_ (rising edge-triggered flip-flop clocked by clk)
Path Group: clk
Path Type: min

Fanout     Cap    Slew   Delay    Time   Description
-----------------------------------------------------------------------------
                          0.00    0.00   clock clk (rise edge)
                          0.00    0.00   clock source latency
                  0.12    0.08    0.08 ^ clk (in)
     1    0.03                           clk (net)
                  0.12    0.00    0.08 ^ clkbuf_0_clk/A (sky130_fd_sc_hd__clkbuf_16)
                  0.11    0.20    0.28 ^ clkbuf_0_clk/X (sky130_fd_sc_hd__clkbuf_16)
     8    0.09                           clknet_0_clk (net)
                  0.11    0.00    0.28 ^ clkbuf_3_2__f_clk/A (sky130_fd_sc_hd__clkbuf_16)
                  0.05    0.15    0.43 ^ clkbuf_3_2__f_clk/X (sky130_fd_sc_hd__clkbuf_16)
     9    0.03                           clknet_3_2__leaf_clk (net)
                  0.05    0.00    0.43 ^ _497_/CLK (sky130_fd_sc_hd__dfrtp_1)
                  0.07    0.32    0.75 ^ _497_/Q (sky130_fd_sc_hd__dfrtp_1)
     2    0.01                           enabled[2] (net)
                  0.07    0.00    0.75 ^ hold2/A (sky130_fd_sc_hd__dlygate4sd3_1)
                  0.05    0.51    1.26 ^ hold2/X (sky130_fd_sc_hd__dlygate4sd3_1)
     1    0.00                           net39 (net)
                  0.05    0.00    1.26 ^ _352_/A0 (sky130_fd_sc_hd__mux2_1)
                  0.04    0.11    1.37 ^ _352_/X (sky130_fd_sc_hd__mux2_1)
     1    0.00                           _172_ (net)
                  0.04    0.00    1.37 ^ _353_/A (sky130_fd_sc_hd__clkbuf_1)
                  0.04    0.07    1.44 ^ _353_/X (sky130_fd_sc_hd__clkbuf_1)
     1    0.00                           _010_ (net)
                  0.04    0.00    1.44 ^ _497_/D (sky130_fd_sc_hd__dfrtp_1)
                                  1.44   data arrival time

                          0.00    0.00   clock clk (rise edge)
                          0.00    0.00   clock source latency
                  0.12    0.09    0.09 ^ clk (in)
     1    0.03                           clk (net)
                  0.12    0.00    0.09 ^ clkbuf_0_clk/A (sky130_fd_sc_hd__clkbuf_16)
                  0.11    0.22    0.31 ^ clkbuf_0_clk/X (sky130_fd_sc_hd__clkbuf_16)
     8    0.09                           clknet_0_clk (net)
                  0.11    0.00    0.31 ^ clkbuf_3_2__f_clk/A (sky130_fd_sc_hd__clkbuf_16)
                  0.05    0.17    0.47 ^ clkbuf_3_2__f_clk/X (sky130_fd_sc_hd__clkbuf_16)
     9    0.03                           clknet_3_2__leaf_clk (net)
                  0.05    0.00    0.48 ^ _497_/CLK (sky130_fd_sc_hd__dfrtp_1)
                          0.25    0.73   clock uncertainty
                         -0.05    0.68   clock reconvergence pessimism
                         -0.03    0.65   library hold time
                                  0.65   data required time
-----------------------------------------------------------------------------
                                  0.65   data required time
                                 -1.44   data arrival time
-----------------------------------------------------------------------------
                                  0.80   slack (MET)


Startpoint: _495_ (rising edge-triggered flip-flop clocked by clk)
Endpoint: _495_ (rising edge-triggered flip-flop clocked by clk)
Path Group: clk
Path Type: min

Fanout     Cap    Slew   Delay    Time   Description
-----------------------------------------------------------------------------
                          0.00    0.00   clock clk (rise edge)
                          0.00    0.00   clock source latency
                  0.12    0.08    0.08 ^ clk (in)
     1    0.03                           clk (net)
                  0.12    0.00    0.08 ^ clkbuf_0_clk/A (sky130_fd_sc_hd__clkbuf_16)
                  0.11    0.20    0.28 ^ clkbuf_0_clk/X (sky130_fd_sc_hd__clkbuf_16)
     8    0.09                           clknet_0_clk (net)
                  0.11    0.00    0.28 ^ clkbuf_3_3__f_clk/A (sky130_fd_sc_hd__clkbuf_16)
                  0.06    0.15    0.43 ^ clkbuf_3_3__f_clk/X (sky130_fd_sc_hd__clkbuf_16)
    11    0.04                           clknet_3_3__leaf_clk (net)
                  0.06    0.00    0.43 ^ _495_/CLK (sky130_fd_sc_hd__dfrtp_1)
                  0.06    0.32    0.75 ^ _495_/Q (sky130_fd_sc_hd__dfrtp_1)
     2    0.00                           enabled[0] (net)
                  0.06    0.00    0.75 ^ hold12/A (sky130_fd_sc_hd__dlygate4sd3_1)
                  0.06    0.51    1.27 ^ hold12/X (sky130_fd_sc_hd__dlygate4sd3_1)
     1    0.00                           net49 (net)
                  0.06    0.00    1.27 ^ _342_/A1 (sky130_fd_sc_hd__mux2_1)
                  0.04    0.11    1.38 ^ _342_/X (sky130_fd_sc_hd__mux2_1)
     1    0.00                           _164_ (net)
                  0.04    0.00    1.38 ^ _343_/A (sky130_fd_sc_hd__clkbuf_1)
                  0.04    0.07    1.45 ^ _343_/X (sky130_fd_sc_hd__clkbuf_1)
     1    0.00                           _008_ (net)
                  0.04    0.00    1.45 ^ _495_/D (sky130_fd_sc_hd__dfrtp_1)
                                  1.45   data arrival time

                          0.00    0.00   clock clk (rise edge)
                          0.00    0.00   clock source latency
                  0.12    0.09    0.09 ^ clk (in)
     1    0.03                           clk (net)
                  0.12    0.00    0.09 ^ clkbuf_0_clk/A (sky130_fd_sc_hd__clkbuf_16)
                  0.11    0.22    0.31 ^ clkbuf_0_clk/X (sky130_fd_sc_hd__clkbuf_16)
     8    0.09                           clknet_0_clk (net)
                  0.11    0.00    0.31 ^ clkbuf_3_3__f_clk/A (sky130_fd_sc_hd__clkbuf_16)
                  0.06    0.17    0.48 ^ clkbuf_3_3__f_clk/X (sky130_fd_sc_hd__clkbuf_16)
    11    0.04                           clknet_3_3__leaf_clk (net)
                  0.06    0.00    0.48 ^ _495_/CLK (sky130_fd_sc_hd__dfrtp_1)
                          0.25    0.73   clock uncertainty
                         -0.05    0.68   clock reconvergence pessimism
                         -0.03    0.65   library hold time
                                  0.65   data required time
-----------------------------------------------------------------------------
                                  0.65   data required time
                                 -1.45   data arrival time
-----------------------------------------------------------------------------
                                  0.80   slack (MET)


Startpoint: _549_ (rising edge-triggered flip-flop clocked by clk)
Endpoint: _549_ (rising edge-triggered flip-flop clocked by clk)
Path Group: clk
Path Type: min

Fanout     Cap    Slew   Delay    Time   Description
-----------------------------------------------------------------------------
                          0.00    0.00   clock clk (rise edge)
                          0.00    0.00   clock source latency
                  0.12    0.08    0.08 ^ clk (in)
     1    0.03                           clk (net)
                  0.12    0.00    0.08 ^ clkbuf_0_clk/A (sky130_fd_sc_hd__clkbuf_16)
                  0.11    0.20    0.28 ^ clkbuf_0_clk/X (sky130_fd_sc_hd__clkbuf_16)
     8    0.09                           clknet_0_clk (net)
                  0.11    0.00    0.28 ^ clkbuf_3_5__f_clk/A (sky130_fd_sc_hd__clkbuf_16)
                  0.05    0.15    0.43 ^ clkbuf_3_5__f_clk/X (sky130_fd_sc_hd__clkbuf_16)
    10    0.03                           clknet_3_5__leaf_clk (net)
                  0.05    0.00    0.43 ^ _549_/CLK (sky130_fd_sc_hd__dfrtp_1)
                  0.07    0.33    0.76 ^ _549_/Q (sky130_fd_sc_hd__dfrtp_1)
     2    0.01                           masks[2][2] (net)
                  0.07    0.00    0.76 ^ hold22/A (sky130_fd_sc_hd__dlygate4sd3_1)
                  0.05    0.51    1.27 ^ hold22/X (sky130_fd_sc_hd__dlygate4sd3_1)
     1    0.00                           net59 (net)
                  0.05    0.00    1.27 ^ _459_/A0 (sky130_fd_sc_hd__mux2_1)
                  0.04    0.11    1.37 ^ _459_/X (sky130_fd_sc_hd__mux2_1)
     1    0.00                           _227_ (net)
                  0.04    0.00    1.37 ^ _460_/A (sky130_fd_sc_hd__clkbuf_1)
                  0.04    0.07    1.45 ^ _460_/X (sky130_fd_sc_hd__clkbuf_1)
     1    0.00                           _062_ (net)
                  0.04    0.00    1.45 ^ _549_/D (sky130_fd_sc_hd__dfrtp_1)
                                  1.45   data arrival time

                          0.00    0.00   clock clk (rise edge)
                          0.00    0.00   clock source latency
                  0.12    0.09    0.09 ^ clk (in)
     1    0.03                           clk (net)
                  0.12    0.00    0.09 ^ clkbuf_0_clk/A (sky130_fd_sc_hd__clkbuf_16)
                  0.11    0.22    0.31 ^ clkbuf_0_clk/X (sky130_fd_sc_hd__clkbuf_16)
     8    0.09                           clknet_0_clk (net)
                  0.11    0.00    0.31 ^ clkbuf_3_5__f_clk/A (sky130_fd_sc_hd__clkbuf_16)
                  0.05    0.17    0.48 ^ clkbuf_3_5__f_clk/X (sky130_fd_sc_hd__clkbuf_16)
    10    0.03                           clknet_3_5__leaf_clk (net)
                  0.05    0.00    0.48 ^ _549_/CLK (sky130_fd_sc_hd__dfrtp_1)
                          0.25    0.73   clock uncertainty
                         -0.05    0.68   clock reconvergence pessimism
                         -0.03    0.65   library hold time
                                  0.65   data required time
-----------------------------------------------------------------------------
                                  0.65   data required time
                                 -1.45   data arrival time
-----------------------------------------------------------------------------
                                  0.80   slack (MET)


Startpoint: _548_ (rising edge-triggered flip-flop clocked by clk)
Endpoint: _548_ (rising edge-triggered flip-flop clocked by clk)
Path Group: clk
Path Type: min

Fanout     Cap    Slew   Delay    Time   Description
-----------------------------------------------------------------------------
                          0.00    0.00   clock clk (rise edge)
                          0.00    0.00   clock source latency
                  0.12    0.08    0.08 ^ clk (in)
     1    0.03                           clk (net)
                  0.12    0.00    0.08 ^ clkbuf_0_clk/A (sky130_fd_sc_hd__clkbuf_16)
                  0.11    0.20    0.28 ^ clkbuf_0_clk/X (sky130_fd_sc_hd__clkbuf_16)
     8    0.09                           clknet_0_clk (net)
                  0.11    0.00    0.28 ^ clkbuf_3_2__f_clk/A (sky130_fd_sc_hd__clkbuf_16)
                  0.05    0.15    0.43 ^ clkbuf_3_2__f_clk/X (sky130_fd_sc_hd__clkbuf_16)
     9    0.03                           clknet_3_2__leaf_clk (net)
                  0.05    0.00    0.43 ^ _548_/CLK (sky130_fd_sc_hd__dfrtp_1)
                  0.07    0.32    0.75 ^ _548_/Q (sky130_fd_sc_hd__dfrtp_1)
     2    0.01                           masks[2][1] (net)
                  0.07    0.00    0.75 ^ hold8/A (sky130_fd_sc_hd__dlygate4sd3_1)
                  0.05    0.51    1.26 ^ hold8/X (sky130_fd_sc_hd__dlygate4sd3_1)
     1    0.00                           net45 (net)
                  0.05    0.00    1.26 ^ _457_/A0 (sky130_fd_sc_hd__mux2_1)
                  0.04    0.11    1.37 ^ _457_/X (sky130_fd_sc_hd__mux2_1)
     1    0.00                           _226_ (net)
                  0.04    0.00    1.37 ^ _458_/A (sky130_fd_sc_hd__clkbuf_1)
                  0.04    0.07    1.44 ^ _458_/X (sky130_fd_sc_hd__clkbuf_1)
     1    0.00                           _061_ (net)
                  0.04    0.00    1.44 ^ _548_/D (sky130_fd_sc_hd__dfrtp_1)
                                  1.44   data arrival time

                          0.00    0.00   clock clk (rise edge)
                          0.00    0.00   clock source latency
                  0.12    0.09    0.09 ^ clk (in)
     1    0.03                           clk (net)
                  0.12    0.00    0.09 ^ clkbuf_0_clk/A (sky130_fd_sc_hd__clkbuf_16)
                  0.11    0.22    0.31 ^ clkbuf_0_clk/X (sky130_fd_sc_hd__clkbuf_16)
     8    0.09                           clknet_0_clk (net)
                  0.11    0.00    0.31 ^ clkbuf_3_2__f_clk/A (sky130_fd_sc_hd__clkbuf_16)
                  0.05    0.17    0.47 ^ clkbuf_3_2__f_clk/X (sky130_fd_sc_hd__clkbuf_16)
     9    0.03                           clknet_3_2__leaf_clk (net)
                  0.05    0.00    0.48 ^ _548_/CLK (sky130_fd_sc_hd__dfrtp_1)
                          0.25    0.73   clock uncertainty
                         -0.05    0.68   clock reconvergence pessimism
                         -0.03    0.65   library hold time
                                  0.65   data required time
-----------------------------------------------------------------------------
                                  0.65   data required time
                                 -1.44   data arrival time
-----------------------------------------------------------------------------
                                  0.80   slack (MET)


Startpoint: _496_ (rising edge-triggered flip-flop clocked by clk)
Endpoint: _496_ (rising edge-triggered flip-flop clocked by clk)
Path Group: clk
Path Type: min

Fanout     Cap    Slew   Delay    Time   Description
-----------------------------------------------------------------------------
                          0.00    0.00   clock clk (rise edge)
                          0.00    0.00   clock source latency
                  0.12    0.08    0.08 ^ clk (in)
     1    0.03                           clk (net)
                  0.12    0.00    0.08 ^ clkbuf_0_clk/A (sky130_fd_sc_hd__clkbuf_16)
                  0.11    0.20    0.28 ^ clkbuf_0_clk/X (sky130_fd_sc_hd__clkbuf_16)
     8    0.09                           clknet_0_clk (net)
                  0.11    0.00    0.28 ^ clkbuf_3_3__f_clk/A (sky130_fd_sc_hd__clkbuf_16)
                  0.06    0.15    0.43 ^ clkbuf_3_3__f_clk/X (sky130_fd_sc_hd__clkbuf_16)
    11    0.04                           clknet_3_3__leaf_clk (net)
                  0.06    0.00    0.43 ^ _496_/CLK (sky130_fd_sc_hd__dfrtp_1)
                  0.06    0.32    0.75 ^ _496_/Q (sky130_fd_sc_hd__dfrtp_1)
     2    0.00                           enabled[1] (net)
                  0.06    0.00    0.75 ^ hold6/A (sky130_fd_sc_hd__dlygate4sd3_1)
                  0.05    0.51    1.27 ^ hold6/X (sky130_fd_sc_hd__dlygate4sd3_1)
     1    0.00                           net43 (net)
                  0.05    0.00    1.27 ^ _347_/A0 (sky130_fd_sc_hd__mux2_1)
                  0.04    0.11    1.38 ^ _347_/X (sky130_fd_sc_hd__mux2_1)
     1    0.00                           _168_ (net)
                  0.04    0.00    1.38 ^ _348_/A (sky130_fd_sc_hd__clkbuf_1)
                  0.04    0.07    1.45 ^ _348_/X (sky130_fd_sc_hd__clkbuf_1)
     1    0.00                           _009_ (net)
                  0.04    0.00    1.45 ^ _496_/D (sky130_fd_sc_hd__dfrtp_1)
                                  1.45   data arrival time

                          0.00    0.00   clock clk (rise edge)
                          0.00    0.00   clock source latency
                  0.12    0.09    0.09 ^ clk (in)
     1    0.03                           clk (net)
                  0.12    0.00    0.09 ^ clkbuf_0_clk/A (sky130_fd_sc_hd__clkbuf_16)
                  0.11    0.22    0.31 ^ clkbuf_0_clk/X (sky130_fd_sc_hd__clkbuf_16)
     8    0.09                           clknet_0_clk (net)
                  0.11    0.00    0.31 ^ clkbuf_3_3__f_clk/A (sky130_fd_sc_hd__clkbuf_16)
                  0.06    0.17    0.48 ^ clkbuf_3_3__f_clk/X (sky130_fd_sc_hd__clkbuf_16)
    11    0.04                           clknet_3_3__leaf_clk (net)
                  0.06    0.00    0.48 ^ _496_/CLK (sky130_fd_sc_hd__dfrtp_1)
                          0.25    0.73   clock uncertainty
                         -0.05    0.68   clock reconvergence pessimism
                         -0.03    0.65   library hold time
                                  0.65   data required time
-----------------------------------------------------------------------------
                                  0.65   data required time
                                 -1.45   data arrival time
-----------------------------------------------------------------------------
                                  0.80   slack (MET)


Startpoint: _532_ (rising edge-triggered flip-flop clocked by clk)
Endpoint: _532_ (rising edge-triggered flip-flop clocked by clk)
Path Group: clk
Path Type: min

Fanout     Cap    Slew   Delay    Time   Description
-----------------------------------------------------------------------------
                          0.00    0.00   clock clk (rise edge)
                          0.00    0.00   clock source latency
                  0.12    0.08    0.08 ^ clk (in)
     1    0.03                           clk (net)
                  0.12    0.00    0.08 ^ clkbuf_0_clk/A (sky130_fd_sc_hd__clkbuf_16)
                  0.11    0.20    0.28 ^ clkbuf_0_clk/X (sky130_fd_sc_hd__clkbuf_16)
     8    0.09                           clknet_0_clk (net)
                  0.11    0.00    0.28 ^ clkbuf_3_3__f_clk/A (sky130_fd_sc_hd__clkbuf_16)
                  0.06    0.15    0.43 ^ clkbuf_3_3__f_clk/X (sky130_fd_sc_hd__clkbuf_16)
    11    0.04                           clknet_3_3__leaf_clk (net)
                  0.06    0.00    0.43 ^ _532_/CLK (sky130_fd_sc_hd__dfrtp_1)
                  0.06    0.32    0.75 ^ _532_/Q (sky130_fd_sc_hd__dfrtp_1)
     2    0.01                           masks[0][1] (net)
                  0.06    0.00    0.75 ^ hold20/A (sky130_fd_sc_hd__dlygate4sd3_1)
                  0.05    0.51    1.27 ^ hold20/X (sky130_fd_sc_hd__dlygate4sd3_1)
     1    0.00                           net57 (net)
                  0.05    0.00    1.27 ^ _425_/A1 (sky130_fd_sc_hd__mux2_1)
                  0.04    0.11    1.38 ^ _425_/X (sky130_fd_sc_hd__mux2_1)
     1    0.00                           _210_ (net)
                  0.04    0.00    1.38 ^ _426_/A (sky130_fd_sc_hd__clkbuf_1)
                  0.04    0.07    1.45 ^ _426_/X (sky130_fd_sc_hd__clkbuf_1)
     1    0.00                           _045_ (net)
                  0.04    0.00    1.45 ^ _532_/D (sky130_fd_sc_hd__dfrtp_1)
                                  1.45   data arrival time

                          0.00    0.00   clock clk (rise edge)
                          0.00    0.00   clock source latency
                  0.12    0.09    0.09 ^ clk (in)
     1    0.03                           clk (net)
                  0.12    0.00    0.09 ^ clkbuf_0_clk/A (sky130_fd_sc_hd__clkbuf_16)
                  0.11    0.22    0.31 ^ clkbuf_0_clk/X (sky130_fd_sc_hd__clkbuf_16)
     8    0.09                           clknet_0_clk (net)
                  0.11    0.00    0.31 ^ clkbuf_3_3__f_clk/A (sky130_fd_sc_hd__clkbuf_16)
                  0.06    0.17    0.48 ^ clkbuf_3_3__f_clk/X (sky130_fd_sc_hd__clkbuf_16)
    11    0.04                           clknet_3_3__leaf_clk (net)
                  0.06    0.00    0.48 ^ _532_/CLK (sky130_fd_sc_hd__dfrtp_1)
                          0.25    0.73   clock uncertainty
                         -0.05    0.68   clock reconvergence pessimism
                         -0.03    0.65   library hold time
                                  0.65   data required time
-----------------------------------------------------------------------------
                                  0.65   data required time
                                 -1.45   data arrival time
-----------------------------------------------------------------------------
                                  0.80   slack (MET)


Startpoint: _538_ (rising edge-triggered flip-flop clocked by clk)
Endpoint: _538_ (rising edge-triggered flip-flop clocked by clk)
Path Group: clk
Path Type: min

Fanout     Cap    Slew   Delay    Time   Description
-----------------------------------------------------------------------------
                          0.00    0.00   clock clk (rise edge)
                          0.00    0.00   clock source latency
                  0.12    0.08    0.08 ^ clk (in)
     1    0.03                           clk (net)
                  0.12    0.00    0.08 ^ clkbuf_0_clk/A (sky130_fd_sc_hd__clkbuf_16)
                  0.11    0.20    0.28 ^ clkbuf_0_clk/X (sky130_fd_sc_hd__clkbuf_16)
     8    0.09                           clknet_0_clk (net)
                  0.11    0.00    0.28 ^ clkbuf_3_4__f_clk/A (sky130_fd_sc_hd__clkbuf_16)
                  0.05    0.15    0.43 ^ clkbuf_3_4__f_clk/X (sky130_fd_sc_hd__clkbuf_16)
     9    0.03                           clknet_3_4__leaf_clk (net)
                  0.05    0.00    0.43 ^ _538_/CLK (sky130_fd_sc_hd__dfrtp_1)
                  0.07    0.32    0.75 ^ _538_/Q (sky130_fd_sc_hd__dfrtp_1)
     2    0.01                           masks[0][7] (net)
                  0.07    0.00    0.75 ^ hold17/A (sky130_fd_sc_hd__dlygate4sd3_1)
                  0.05    0.51    1.26 ^ hold17/X (sky130_fd_sc_hd__dlygate4sd3_1)
     1    0.00                           net54 (net)
                  0.05    0.00    1.26 ^ _437_/A1 (sky130_fd_sc_hd__mux2_1)
                  0.04    0.11    1.38 ^ _437_/X (sky130_fd_sc_hd__mux2_1)
     1    0.00                           _216_ (net)
                  0.04    0.00    1.38 ^ _438_/A (sky130_fd_sc_hd__clkbuf_1)
                  0.04    0.07    1.45 ^ _438_/X (sky130_fd_sc_hd__clkbuf_1)
     1    0.00                           _051_ (net)
                  0.04    0.00    1.45 ^ _538_/D (sky130_fd_sc_hd__dfrtp_1)
                                  1.45   data arrival time

                          0.00    0.00   clock clk (rise edge)
                          0.00    0.00   clock source latency
                  0.12    0.09    0.09 ^ clk (in)
     1    0.03                           clk (net)
                  0.12    0.00    0.09 ^ clkbuf_0_clk/A (sky130_fd_sc_hd__clkbuf_16)
                  0.11    0.22    0.31 ^ clkbuf_0_clk/X (sky130_fd_sc_hd__clkbuf_16)
     8    0.09                           clknet_0_clk (net)
                  0.11    0.00    0.31 ^ clkbuf_3_4__f_clk/A (sky130_fd_sc_hd__clkbuf_16)
                  0.05    0.17    0.47 ^ clkbuf_3_4__f_clk/X (sky130_fd_sc_hd__clkbuf_16)
     9    0.03                           clknet_3_4__leaf_clk (net)
                  0.05    0.00    0.48 ^ _538_/CLK (sky130_fd_sc_hd__dfrtp_1)
                          0.25    0.73   clock uncertainty
                         -0.05    0.68   clock reconvergence pessimism
                         -0.03    0.65   library hold time
                                  0.65   data required time
-----------------------------------------------------------------------------
                                  0.65   data required time
                                 -1.45   data arrival time
-----------------------------------------------------------------------------
                                  0.80   slack (MET)


Startpoint: _547_ (rising edge-triggered flip-flop clocked by clk)
Endpoint: _547_ (rising edge-triggered flip-flop clocked by clk)
Path Group: clk
Path Type: min

Fanout     Cap    Slew   Delay    Time   Description
-----------------------------------------------------------------------------
                          0.00    0.00   clock clk (rise edge)
                          0.00    0.00   clock source latency
                  0.12    0.08    0.08 ^ clk (in)
     1    0.03                           clk (net)
                  0.12    0.00    0.08 ^ clkbuf_0_clk/A (sky130_fd_sc_hd__clkbuf_16)
                  0.11    0.20    0.28 ^ clkbuf_0_clk/X (sky130_fd_sc_hd__clkbuf_16)
     8    0.09                           clknet_0_clk (net)
                  0.11    0.00    0.28 ^ clkbuf_3_7__f_clk/A (sky130_fd_sc_hd__clkbuf_16)
                  0.06    0.15    0.43 ^ clkbuf_3_7__f_clk/X (sky130_fd_sc_hd__clkbuf_16)
    11    0.04                           clknet_3_7__leaf_clk (net)
                  0.06    0.00    0.43 ^ _547_/CLK (sky130_fd_sc_hd__dfrtp_1)
                  0.07    0.32    0.76 ^ _547_/Q (sky130_fd_sc_hd__dfrtp_1)
     2    0.01                           masks[2][0] (net)
                  0.07    0.00    0.76 ^ hold9/A (sky130_fd_sc_hd__dlygate4sd3_1)
                  0.05    0.51    1.27 ^ hold9/X (sky130_fd_sc_hd__dlygate4sd3_1)
     1    0.00                           net46 (net)
                  0.05    0.00    1.27 ^ _455_/A0 (sky130_fd_sc_hd__mux2_1)
                  0.04    0.11    1.38 ^ _455_/X (sky130_fd_sc_hd__mux2_1)
     1    0.00                           _225_ (net)
                  0.04    0.00    1.38 ^ _456_/A (sky130_fd_sc_hd__clkbuf_1)
                  0.04    0.07    1.45 ^ _456_/X (sky130_fd_sc_hd__clkbuf_1)
     1    0.00                           _060_ (net)
                  0.04    0.00    1.45 ^ _547_/D (sky130_fd_sc_hd__dfrtp_1)
                                  1.45   data arrival time

                          0.00    0.00   clock clk (rise edge)
                          0.00    0.00   clock source latency
                  0.12    0.09    0.09 ^ clk (in)
     1    0.03                           clk (net)
                  0.12    0.00    0.09 ^ clkbuf_0_clk/A (sky130_fd_sc_hd__clkbuf_16)
                  0.11    0.22    0.31 ^ clkbuf_0_clk/X (sky130_fd_sc_hd__clkbuf_16)
     8    0.09                           clknet_0_clk (net)
                  0.11    0.00    0.31 ^ clkbuf_3_7__f_clk/A (sky130_fd_sc_hd__clkbuf_16)
                  0.06    0.17    0.48 ^ clkbuf_3_7__f_clk/X (sky130_fd_sc_hd__clkbuf_16)
    11    0.04                           clknet_3_7__leaf_clk (net)
                  0.06    0.00    0.48 ^ _547_/CLK (sky130_fd_sc_hd__dfrtp_1)
                          0.25    0.73   clock uncertainty
                         -0.05    0.68   clock reconvergence pessimism
                         -0.03    0.65   library hold time
                                  0.65   data required time
-----------------------------------------------------------------------------
                                  0.65   data required time
                                 -1.45   data arrival time
-----------------------------------------------------------------------------
                                  0.80   slack (MET)


Startpoint: _557_ (rising edge-triggered flip-flop clocked by clk)
Endpoint: _557_ (rising edge-triggered flip-flop clocked by clk)
Path Group: clk
Path Type: min

Fanout     Cap    Slew   Delay    Time   Description
-----------------------------------------------------------------------------
                          0.00    0.00   clock clk (rise edge)
                          0.00    0.00   clock source latency
                  0.12    0.08    0.08 ^ clk (in)
     1    0.03                           clk (net)
                  0.12    0.00    0.08 ^ clkbuf_0_clk/A (sky130_fd_sc_hd__clkbuf_16)
                  0.11    0.20    0.28 ^ clkbuf_0_clk/X (sky130_fd_sc_hd__clkbuf_16)
     8    0.09                           clknet_0_clk (net)
                  0.11    0.00    0.28 ^ clkbuf_3_5__f_clk/A (sky130_fd_sc_hd__clkbuf_16)
                  0.05    0.15    0.43 ^ clkbuf_3_5__f_clk/X (sky130_fd_sc_hd__clkbuf_16)
    10    0.03                           clknet_3_5__leaf_clk (net)
                  0.05    0.00    0.43 ^ _557_/CLK (sky130_fd_sc_hd__dfrtp_1)
                  0.07    0.32    0.75 ^ _557_/Q (sky130_fd_sc_hd__dfrtp_1)
     2    0.01                           masks[3][2] (net)
                  0.07    0.00    0.75 ^ hold19/A (sky130_fd_sc_hd__dlygate4sd3_1)
                  0.05    0.51    1.27 ^ hold19/X (sky130_fd_sc_hd__dlygate4sd3_1)
     1    0.00                           net56 (net)
                  0.05    0.00    1.27 ^ _475_/A0 (sky130_fd_sc_hd__mux2_1)
                  0.04    0.11    1.38 ^ _475_/X (sky130_fd_sc_hd__mux2_1)
     1    0.00                           _235_ (net)
                  0.04    0.00    1.38 ^ _476_/A (sky130_fd_sc_hd__clkbuf_1)
                  0.04    0.07    1.45 ^ _476_/X (sky130_fd_sc_hd__clkbuf_1)
     1    0.00                           _070_ (net)
                  0.04    0.00    1.45 ^ _557_/D (sky130_fd_sc_hd__dfrtp_1)
                                  1.45   data arrival time

                          0.00    0.00   clock clk (rise edge)
                          0.00    0.00   clock source latency
                  0.12    0.09    0.09 ^ clk (in)
     1    0.03                           clk (net)
                  0.12    0.00    0.09 ^ clkbuf_0_clk/A (sky130_fd_sc_hd__clkbuf_16)
                  0.11    0.22    0.31 ^ clkbuf_0_clk/X (sky130_fd_sc_hd__clkbuf_16)
     8    0.09                           clknet_0_clk (net)
                  0.11    0.00    0.31 ^ clkbuf_3_5__f_clk/A (sky130_fd_sc_hd__clkbuf_16)
                  0.05    0.17    0.48 ^ clkbuf_3_5__f_clk/X (sky130_fd_sc_hd__clkbuf_16)
    10    0.03                           clknet_3_5__leaf_clk (net)
                  0.05    0.00    0.48 ^ _557_/CLK (sky130_fd_sc_hd__dfrtp_1)
                          0.25    0.73   clock uncertainty
                         -0.05    0.68   clock reconvergence pessimism
                         -0.03    0.65   library hold time
                                  0.65   data required time
-----------------------------------------------------------------------------
                                  0.65   data required time
                                 -1.45   data arrival time
-----------------------------------------------------------------------------
                                  0.80   slack (MET)


Startpoint: _539_ (rising edge-triggered flip-flop clocked by clk)
Endpoint: _539_ (rising edge-triggered flip-flop clocked by clk)
Path Group: clk
Path Type: min

Fanout     Cap    Slew   Delay    Time   Description
-----------------------------------------------------------------------------
                          0.00    0.00   clock clk (rise edge)
                          0.00    0.00   clock source latency
                  0.12    0.08    0.08 ^ clk (in)
     1    0.03                           clk (net)
                  0.12    0.00    0.08 ^ clkbuf_0_clk/A (sky130_fd_sc_hd__clkbuf_16)
                  0.11    0.20    0.28 ^ clkbuf_0_clk/X (sky130_fd_sc_hd__clkbuf_16)
     8    0.09                           clknet_0_clk (net)
                  0.11    0.00    0.28 ^ clkbuf_3_5__f_clk/A (sky130_fd_sc_hd__clkbuf_16)
                  0.05    0.15    0.43 ^ clkbuf_3_5__f_clk/X (sky130_fd_sc_hd__clkbuf_16)
    10    0.03                           clknet_3_5__leaf_clk (net)
                  0.05    0.00    0.43 ^ _539_/CLK (sky130_fd_sc_hd__dfrtp_1)
                  0.07    0.32    0.76 ^ _539_/Q (sky130_fd_sc_hd__dfrtp_1)
     2    0.01                           masks[1][0] (net)
                  0.07    0.00    0.76 ^ hold16/A (sky130_fd_sc_hd__dlygate4sd3_1)
                  0.05    0.51    1.27 ^ hold16/X (sky130_fd_sc_hd__dlygate4sd3_1)
     1    0.00                           net53 (net)
                  0.05    0.00    1.27 ^ _439_/A0 (sky130_fd_sc_hd__mux2_1)
                  0.04    0.11    1.38 ^ _439_/X (sky130_fd_sc_hd__mux2_1)
     1    0.00                           _217_ (net)
                  0.04    0.00    1.38 ^ _440_/A (sky130_fd_sc_hd__clkbuf_1)
                  0.04    0.07    1.45 ^ _440_/X (sky130_fd_sc_hd__clkbuf_1)
     1    0.00                           _052_ (net)
                  0.04    0.00    1.45 ^ _539_/D (sky130_fd_sc_hd__dfrtp_1)
                                  1.45   data arrival time

                          0.00    0.00   clock clk (rise edge)
                          0.00    0.00   clock source latency
                  0.12    0.09    0.09 ^ clk (in)
     1    0.03                           clk (net)
                  0.12    0.00    0.09 ^ clkbuf_0_clk/A (sky130_fd_sc_hd__clkbuf_16)
                  0.11    0.22    0.31 ^ clkbuf_0_clk/X (sky130_fd_sc_hd__clkbuf_16)
     8    0.09                           clknet_0_clk (net)
                  0.11    0.00    0.31 ^ clkbuf_3_5__f_clk/A (sky130_fd_sc_hd__clkbuf_16)
                  0.05    0.17    0.48 ^ clkbuf_3_5__f_clk/X (sky130_fd_sc_hd__clkbuf_16)
    10    0.03                           clknet_3_5__leaf_clk (net)
                  0.05    0.00    0.48 ^ _539_/CLK (sky130_fd_sc_hd__dfrtp_1)
                          0.25    0.73   clock uncertainty
                         -0.05    0.68   clock reconvergence pessimism
                         -0.03    0.65   library hold time
                                  0.65   data required time
-----------------------------------------------------------------------------
                                  0.65   data required time
                                 -1.45   data arrival time
-----------------------------------------------------------------------------
                                  0.80   slack (MET)


Startpoint: _558_ (rising edge-triggered flip-flop clocked by clk)
Endpoint: _558_ (rising edge-triggered flip-flop clocked by clk)
Path Group: clk
Path Type: min

Fanout     Cap    Slew   Delay    Time   Description
-----------------------------------------------------------------------------
                          0.00    0.00   clock clk (rise edge)
                          0.00    0.00   clock source latency
                  0.12    0.08    0.08 ^ clk (in)
     1    0.03                           clk (net)
                  0.12    0.00    0.08 ^ clkbuf_0_clk/A (sky130_fd_sc_hd__clkbuf_16)
                  0.11    0.20    0.28 ^ clkbuf_0_clk/X (sky130_fd_sc_hd__clkbuf_16)
     8    0.09                           clknet_0_clk (net)
                  0.11    0.00    0.28 ^ clkbuf_3_7__f_clk/A (sky130_fd_sc_hd__clkbuf_16)
                  0.06    0.15    0.43 ^ clkbuf_3_7__f_clk/X (sky130_fd_sc_hd__clkbuf_16)
    11    0.04                           clknet_3_7__leaf_clk (net)
                  0.06    0.00    0.43 ^ _558_/CLK (sky130_fd_sc_hd__dfrtp_1)
                  0.08    0.33    0.76 ^ _558_/Q (sky130_fd_sc_hd__dfrtp_1)
     2    0.01                           masks[3][3] (net)
                  0.08    0.00    0.76 ^ hold18/A (sky130_fd_sc_hd__dlygate4sd3_1)
                  0.05    0.51    1.27 ^ hold18/X (sky130_fd_sc_hd__dlygate4sd3_1)
     1    0.00                           net55 (net)
                  0.05    0.00    1.27 ^ _477_/A0 (sky130_fd_sc_hd__mux2_1)
                  0.04    0.11    1.38 ^ _477_/X (sky130_fd_sc_hd__mux2_1)
     1    0.00                           _236_ (net)
                  0.04    0.00    1.38 ^ _478_/A (sky130_fd_sc_hd__clkbuf_1)
                  0.04    0.07    1.46 ^ _478_/X (sky130_fd_sc_hd__clkbuf_1)
     1    0.00                           _071_ (net)
                  0.04    0.00    1.46 ^ _558_/D (sky130_fd_sc_hd__dfrtp_1)
                                  1.46   data arrival time

                          0.00    0.00   clock clk (rise edge)
                          0.00    0.00   clock source latency
                  0.12    0.09    0.09 ^ clk (in)
     1    0.03                           clk (net)
                  0.12    0.00    0.09 ^ clkbuf_0_clk/A (sky130_fd_sc_hd__clkbuf_16)
                  0.11    0.22    0.31 ^ clkbuf_0_clk/X (sky130_fd_sc_hd__clkbuf_16)
     8    0.09                           clknet_0_clk (net)
                  0.11    0.00    0.31 ^ clkbuf_3_7__f_clk/A (sky130_fd_sc_hd__clkbuf_16)
                  0.06    0.17    0.48 ^ clkbuf_3_7__f_clk/X (sky130_fd_sc_hd__clkbuf_16)
    11    0.04                           clknet_3_7__leaf_clk (net)
                  0.06    0.00    0.48 ^ _558_/CLK (sky130_fd_sc_hd__dfrtp_1)
                          0.25    0.73   clock uncertainty
                         -0.05    0.68   clock reconvergence pessimism
                         -0.03    0.65   library hold time
                                  0.65   data required time
-----------------------------------------------------------------------------
                                  0.65   data required time
                                 -1.46   data arrival time
-----------------------------------------------------------------------------
                                  0.80   slack (MET)


Startpoint: _535_ (rising edge-triggered flip-flop clocked by clk)
Endpoint: _535_ (rising edge-triggered flip-flop clocked by clk)
Path Group: clk
Path Type: min

Fanout     Cap    Slew   Delay    Time   Description
-----------------------------------------------------------------------------
                          0.00    0.00   clock clk (rise edge)
                          0.00    0.00   clock source latency
                  0.12    0.08    0.08 ^ clk (in)
     1    0.03                           clk (net)
                  0.12    0.00    0.08 ^ clkbuf_0_clk/A (sky130_fd_sc_hd__clkbuf_16)
                  0.11    0.20    0.28 ^ clkbuf_0_clk/X (sky130_fd_sc_hd__clkbuf_16)
     8    0.09                           clknet_0_clk (net)
                  0.11    0.00    0.28 ^ clkbuf_3_3__f_clk/A (sky130_fd_sc_hd__clkbuf_16)
                  0.06    0.15    0.43 ^ clkbuf_3_3__f_clk/X (sky130_fd_sc_hd__clkbuf_16)
    11    0.04                           clknet_3_3__leaf_clk (net)
                  0.06    0.00    0.43 ^ _535_/CLK (sky130_fd_sc_hd__dfrtp_1)
                  0.07    0.32    0.76 ^ _535_/Q (sky130_fd_sc_hd__dfrtp_1)
     2    0.01                           masks[0][4] (net)
                  0.07    0.00    0.76 ^ hold21/A (sky130_fd_sc_hd__dlygate4sd3_1)
                  0.05    0.51    1.27 ^ hold21/X (sky130_fd_sc_hd__dlygate4sd3_1)
     1    0.00                           net58 (net)
                  0.05    0.00    1.27 ^ _431_/A1 (sky130_fd_sc_hd__mux2_1)
                  0.04    0.11    1.39 ^ _431_/X (sky130_fd_sc_hd__mux2_1)
     1    0.00                           _213_ (net)
                  0.04    0.00    1.39 ^ _432_/A (sky130_fd_sc_hd__clkbuf_1)
                  0.04    0.07    1.46 ^ _432_/X (sky130_fd_sc_hd__clkbuf_1)
     1    0.00                           _048_ (net)
                  0.04    0.00    1.46 ^ _535_/D (sky130_fd_sc_hd__dfrtp_1)
                                  1.46   data arrival time

                          0.00    0.00   clock clk (rise edge)
                          0.00    0.00   clock source latency
                  0.12    0.09    0.09 ^ clk (in)
     1    0.03                           clk (net)
                  0.12    0.00    0.09 ^ clkbuf_0_clk/A (sky130_fd_sc_hd__clkbuf_16)
                  0.11    0.22    0.31 ^ clkbuf_0_clk/X (sky130_fd_sc_hd__clkbuf_16)
     8    0.09                           clknet_0_clk (net)
                  0.11    0.00    0.31 ^ clkbuf_3_3__f_clk/A (sky130_fd_sc_hd__clkbuf_16)
                  0.06    0.17    0.48 ^ clkbuf_3_3__f_clk/X (sky130_fd_sc_hd__clkbuf_16)
    11    0.04                           clknet_3_3__leaf_clk (net)
                  0.06    0.00    0.48 ^ _535_/CLK (sky130_fd_sc_hd__dfrtp_1)
                          0.25    0.73   clock uncertainty
                         -0.05    0.69   clock reconvergence pessimism
                         -0.03    0.65   library hold time
                                  0.65   data required time
-----------------------------------------------------------------------------
                                  0.65   data required time
                                 -1.46   data arrival time
-----------------------------------------------------------------------------
                                  0.81   slack (MET)


Startpoint: _541_ (rising edge-triggered flip-flop clocked by clk)
Endpoint: _541_ (rising edge-triggered flip-flop clocked by clk)
Path Group: clk
Path Type: min

Fanout     Cap    Slew   Delay    Time   Description
-----------------------------------------------------------------------------
                          0.00    0.00   clock clk (rise edge)
                          0.00    0.00   clock source latency
                  0.12    0.08    0.08 ^ clk (in)
     1    0.03                           clk (net)
                  0.12    0.00    0.08 ^ clkbuf_0_clk/A (sky130_fd_sc_hd__clkbuf_16)
                  0.11    0.20    0.28 ^ clkbuf_0_clk/X (sky130_fd_sc_hd__clkbuf_16)
     8    0.09                           clknet_0_clk (net)
                  0.11    0.00    0.28 ^ clkbuf_3_4__f_clk/A (sky130_fd_sc_hd__clkbuf_16)
                  0.05    0.15    0.43 ^ clkbuf_3_4__f_clk/X (sky130_fd_sc_hd__clkbuf_16)
     9    0.03                           clknet_3_4__leaf_clk (net)
                  0.05    0.00    0.43 ^ _541_/CLK (sky130_fd_sc_hd__dfrtp_1)
                  0.08    0.33    0.76 ^ _541_/Q (sky130_fd_sc_hd__dfrtp_1)
     2    0.01                           masks[1][2] (net)
                  0.08    0.00    0.76 ^ hold23/A (sky130_fd_sc_hd__dlygate4sd3_1)
                  0.05    0.51    1.27 ^ hold23/X (sky130_fd_sc_hd__dlygate4sd3_1)
     1    0.00                           net60 (net)
                  0.05    0.00    1.27 ^ _443_/A0 (sky130_fd_sc_hd__mux2_1)
                  0.04    0.11    1.38 ^ _443_/X (sky130_fd_sc_hd__mux2_1)
     1    0.00                           _219_ (net)
                  0.04    0.00    1.38 ^ _444_/A (sky130_fd_sc_hd__clkbuf_1)
                  0.04    0.07    1.45 ^ _444_/X (sky130_fd_sc_hd__clkbuf_1)
     1    0.00                           _054_ (net)
                  0.04    0.00    1.45 ^ _541_/D (sky130_fd_sc_hd__dfrtp_1)
                                  1.45   data arrival time

                          0.00    0.00   clock clk (rise edge)
                          0.00    0.00   clock source latency
                  0.12    0.09    0.09 ^ clk (in)
     1    0.03                           clk (net)
                  0.12    0.00    0.09 ^ clkbuf_0_clk/A (sky130_fd_sc_hd__clkbuf_16)
                  0.11    0.22    0.31 ^ clkbuf_0_clk/X (sky130_fd_sc_hd__clkbuf_16)
     8    0.09                           clknet_0_clk (net)
                  0.11    0.00    0.31 ^ clkbuf_3_4__f_clk/A (sky130_fd_sc_hd__clkbuf_16)
                  0.05    0.17    0.47 ^ clkbuf_3_4__f_clk/X (sky130_fd_sc_hd__clkbuf_16)
     9    0.03                           clknet_3_4__leaf_clk (net)
                  0.05    0.00    0.48 ^ _541_/CLK (sky130_fd_sc_hd__dfrtp_1)
                          0.25    0.73   clock uncertainty
                         -0.05    0.68   clock reconvergence pessimism
                         -0.03    0.65   library hold time
                                  0.65   data required time
-----------------------------------------------------------------------------
                                  0.65   data required time
                                 -1.45   data arrival time
-----------------------------------------------------------------------------
                                  0.81   slack (MET)


Startpoint: _552_ (rising edge-triggered flip-flop clocked by clk)
Endpoint: _552_ (rising edge-triggered flip-flop clocked by clk)
Path Group: clk
Path Type: min

Fanout     Cap    Slew   Delay    Time   Description
-----------------------------------------------------------------------------
                          0.00    0.00   clock clk (rise edge)
                          0.00    0.00   clock source latency
                  0.12    0.08    0.08 ^ clk (in)
     1    0.03                           clk (net)
                  0.12    0.00    0.08 ^ clkbuf_0_clk/A (sky130_fd_sc_hd__clkbuf_16)
                  0.11    0.20    0.28 ^ clkbuf_0_clk/X (sky130_fd_sc_hd__clkbuf_16)
     8    0.09                           clknet_0_clk (net)
                  0.11    0.00    0.28 ^ clkbuf_3_0__f_clk/A (sky130_fd_sc_hd__clkbuf_16)
                  0.04    0.14    0.42 ^ clkbuf_3_0__f_clk/X (sky130_fd_sc_hd__clkbuf_16)
     7    0.02                           clknet_3_0__leaf_clk (net)
                  0.04    0.00    0.42 ^ _552_/CLK (sky130_fd_sc_hd__dfrtp_1)
                  0.08    0.33    0.75 ^ _552_/Q (sky130_fd_sc_hd__dfrtp_1)
     2    0.01                           masks[2][5] (net)
                  0.08    0.00    0.75 ^ hold11/A (sky130_fd_sc_hd__dlygate4sd3_1)
                  0.05    0.51    1.26 ^ hold11/X (sky130_fd_sc_hd__dlygate4sd3_1)
     1    0.00                           net48 (net)
                  0.05    0.00    1.26 ^ _465_/A0 (sky130_fd_sc_hd__mux2_1)
                  0.04    0.11    1.37 ^ _465_/X (sky130_fd_sc_hd__mux2_1)
     1    0.00                           _230_ (net)
                  0.04    0.00    1.37 ^ _466_/A (sky130_fd_sc_hd__clkbuf_1)
                  0.05    0.08    1.44 ^ _466_/X (sky130_fd_sc_hd__clkbuf_1)
     1    0.00                           _065_ (net)
                  0.05    0.00    1.44 ^ _552_/D (sky130_fd_sc_hd__dfrtp_1)
                                  1.44   data arrival time

                          0.00    0.00   clock clk (rise edge)
                          0.00    0.00   clock source latency
                  0.12    0.09    0.09 ^ clk (in)
     1    0.03                           clk (net)
                  0.12    0.00    0.09 ^ clkbuf_0_clk/A (sky130_fd_sc_hd__clkbuf_16)
                  0.11    0.22    0.31 ^ clkbuf_0_clk/X (sky130_fd_sc_hd__clkbuf_16)
     8    0.09                           clknet_0_clk (net)
                  0.11    0.00    0.31 ^ clkbuf_3_0__f_clk/A (sky130_fd_sc_hd__clkbuf_16)
                  0.04    0.16    0.47 ^ clkbuf_3_0__f_clk/X (sky130_fd_sc_hd__clkbuf_16)
     7    0.02                           clknet_3_0__leaf_clk (net)
                  0.04    0.00    0.47 ^ _552_/CLK (sky130_fd_sc_hd__dfrtp_1)
                          0.25    0.72   clock uncertainty
                         -0.04    0.67   clock reconvergence pessimism
                         -0.04    0.64   library hold time
                                  0.64   data required time
-----------------------------------------------------------------------------
                                  0.64   data required time
                                 -1.44   data arrival time
-----------------------------------------------------------------------------
                                  0.81   slack (MET)


Startpoint: _531_ (rising edge-triggered flip-flop clocked by clk)
Endpoint: _531_ (rising edge-triggered flip-flop clocked by clk)
Path Group: clk
Path Type: min

Fanout     Cap    Slew   Delay    Time   Description
-----------------------------------------------------------------------------
                          0.00    0.00   clock clk (rise edge)
                          0.00    0.00   clock source latency
                  0.12    0.08    0.08 ^ clk (in)
     1    0.03                           clk (net)
                  0.12    0.00    0.08 ^ clkbuf_0_clk/A (sky130_fd_sc_hd__clkbuf_16)
                  0.11    0.20    0.28 ^ clkbuf_0_clk/X (sky130_fd_sc_hd__clkbuf_16)
     8    0.09                           clknet_0_clk (net)
                  0.11    0.00    0.28 ^ clkbuf_3_7__f_clk/A (sky130_fd_sc_hd__clkbuf_16)
                  0.06    0.15    0.43 ^ clkbuf_3_7__f_clk/X (sky130_fd_sc_hd__clkbuf_16)
    11    0.04                           clknet_3_7__leaf_clk (net)
                  0.06    0.00    0.43 ^ _531_/CLK (sky130_fd_sc_hd__dfrtp_1)
                  0.07    0.32    0.76 ^ _531_/Q (sky130_fd_sc_hd__dfrtp_1)
     2    0.01                           masks[0][0] (net)
                  0.07    0.00    0.76 ^ hold24/A (sky130_fd_sc_hd__dlygate4sd3_1)
                  0.05    0.51    1.27 ^ hold24/X (sky130_fd_sc_hd__dlygate4sd3_1)
     1    0.00                           net61 (net)
                  0.05    0.00    1.27 ^ _423_/A1 (sky130_fd_sc_hd__mux2_1)
                  0.04    0.12    1.39 ^ _423_/X (sky130_fd_sc_hd__mux2_1)
     1    0.00                           _209_ (net)
                  0.04    0.00    1.39 ^ _424_/A (sky130_fd_sc_hd__clkbuf_1)
                  0.04    0.07    1.46 ^ _424_/X (sky130_fd_sc_hd__clkbuf_1)
     1    0.00                           _044_ (net)
                  0.04    0.00    1.46 ^ _531_/D (sky130_fd_sc_hd__dfrtp_1)
                                  1.46   data arrival time

                          0.00    0.00   clock clk (rise edge)
                          0.00    0.00   clock source latency
                  0.12    0.09    0.09 ^ clk (in)
     1    0.03                           clk (net)
                  0.12    0.00    0.09 ^ clkbuf_0_clk/A (sky130_fd_sc_hd__clkbuf_16)
                  0.11    0.22    0.31 ^ clkbuf_0_clk/X (sky130_fd_sc_hd__clkbuf_16)
     8    0.09                           clknet_0_clk (net)
                  0.11    0.00    0.31 ^ clkbuf_3_7__f_clk/A (sky130_fd_sc_hd__clkbuf_16)
                  0.06    0.17    0.48 ^ clkbuf_3_7__f_clk/X (sky130_fd_sc_hd__clkbuf_16)
    11    0.04                           clknet_3_7__leaf_clk (net)
                  0.06    0.00    0.48 ^ _531_/CLK (sky130_fd_sc_hd__dfrtp_1)
                          0.25    0.73   clock uncertainty
                         -0.05    0.68   clock reconvergence pessimism
                         -0.03    0.65   library hold time
                                  0.65   data required time
-----------------------------------------------------------------------------
                                  0.65   data required time
                                 -1.46   data arrival time
-----------------------------------------------------------------------------
                                  0.81   slack (MET)


Startpoint: _554_ (rising edge-triggered flip-flop clocked by clk)
Endpoint: _554_ (rising edge-triggered flip-flop clocked by clk)
Path Group: clk
Path Type: min

Fanout     Cap    Slew   Delay    Time   Description
-----------------------------------------------------------------------------
                          0.00    0.00   clock clk (rise edge)
                          0.00    0.00   clock source latency
                  0.12    0.08    0.08 ^ clk (in)
     1    0.03                           clk (net)
                  0.12    0.00    0.08 ^ clkbuf_0_clk/A (sky130_fd_sc_hd__clkbuf_16)
                  0.11    0.20    0.28 ^ clkbuf_0_clk/X (sky130_fd_sc_hd__clkbuf_16)
     8    0.09                           clknet_0_clk (net)
                  0.11    0.00    0.28 ^ clkbuf_3_4__f_clk/A (sky130_fd_sc_hd__clkbuf_16)
                  0.05    0.15    0.43 ^ clkbuf_3_4__f_clk/X (sky130_fd_sc_hd__clkbuf_16)
     9    0.03                           clknet_3_4__leaf_clk (net)
                  0.05    0.00    0.43 ^ _554_/CLK (sky130_fd_sc_hd__dfrtp_1)
                  0.08    0.33    0.76 ^ _554_/Q (sky130_fd_sc_hd__dfrtp_1)
     2    0.01                           masks[2][7] (net)
                  0.08    0.00    0.76 ^ hold14/A (sky130_fd_sc_hd__dlygate4sd3_1)
                  0.05    0.52    1.27 ^ hold14/X (sky130_fd_sc_hd__dlygate4sd3_1)
     1    0.00                           net51 (net)
                  0.05    0.00    1.27 ^ _469_/A0 (sky130_fd_sc_hd__mux2_1)
                  0.04    0.11    1.38 ^ _469_/X (sky130_fd_sc_hd__mux2_1)
     1    0.00                           _232_ (net)
                  0.04    0.00    1.38 ^ _470_/A (sky130_fd_sc_hd__clkbuf_1)
                  0.04    0.07    1.46 ^ _470_/X (sky130_fd_sc_hd__clkbuf_1)
     1    0.00                           _067_ (net)
                  0.04    0.00    1.46 ^ _554_/D (sky130_fd_sc_hd__dfrtp_1)
                                  1.46   data arrival time

                          0.00    0.00   clock clk (rise edge)
                          0.00    0.00   clock source latency
                  0.12    0.09    0.09 ^ clk (in)
     1    0.03                           clk (net)
                  0.12    0.00    0.09 ^ clkbuf_0_clk/A (sky130_fd_sc_hd__clkbuf_16)
                  0.11    0.22    0.31 ^ clkbuf_0_clk/X (sky130_fd_sc_hd__clkbuf_16)
     8    0.09                           clknet_0_clk (net)
                  0.11    0.00    0.31 ^ clkbuf_3_4__f_clk/A (sky130_fd_sc_hd__clkbuf_16)
                  0.05    0.17    0.47 ^ clkbuf_3_4__f_clk/X (sky130_fd_sc_hd__clkbuf_16)
     9    0.03                           clknet_3_4__leaf_clk (net)
                  0.05    0.00    0.48 ^ _554_/CLK (sky130_fd_sc_hd__dfrtp_1)
                          0.25    0.73   clock uncertainty
                         -0.05    0.68   clock reconvergence pessimism
                         -0.03    0.65   library hold time
                                  0.65   data required time
-----------------------------------------------------------------------------
                                  0.65   data required time
                                 -1.46   data arrival time
-----------------------------------------------------------------------------
                                  0.81   slack (MET)


Startpoint: _560_ (rising edge-triggered flip-flop clocked by clk)
Endpoint: _560_ (rising edge-triggered flip-flop clocked by clk)
Path Group: clk
Path Type: min

Fanout     Cap    Slew   Delay    Time   Description
-----------------------------------------------------------------------------
                          0.00    0.00   clock clk (rise edge)
                          0.00    0.00   clock source latency
                  0.12    0.08    0.08 ^ clk (in)
     1    0.03                           clk (net)
                  0.12    0.00    0.08 ^ clkbuf_0_clk/A (sky130_fd_sc_hd__clkbuf_16)
                  0.11    0.20    0.28 ^ clkbuf_0_clk/X (sky130_fd_sc_hd__clkbuf_16)
     8    0.09                           clknet_0_clk (net)
                  0.11    0.00    0.28 ^ clkbuf_3_0__f_clk/A (sky130_fd_sc_hd__clkbuf_16)
                  0.04    0.14    0.42 ^ clkbuf_3_0__f_clk/X (sky130_fd_sc_hd__clkbuf_16)
     7    0.02                           clknet_3_0__leaf_clk (net)
                  0.04    0.00    0.42 ^ _560_/CLK (sky130_fd_sc_hd__dfrtp_1)
                  0.07    0.32    0.74 ^ _560_/Q (sky130_fd_sc_hd__dfrtp_1)
     2    0.01                           masks[3][5] (net)
                  0.07    0.00    0.74 ^ hold13/A (sky130_fd_sc_hd__dlygate4sd3_1)
                  0.05    0.51    1.25 ^ hold13/X (sky130_fd_sc_hd__dlygate4sd3_1)
     1    0.00                           net50 (net)
                  0.05    0.00    1.25 ^ _481_/A0 (sky130_fd_sc_hd__mux2_1)
                  0.04    0.11    1.36 ^ _481_/X (sky130_fd_sc_hd__mux2_1)
     1    0.00                           _238_ (net)
                  0.04    0.00    1.36 ^ _482_/A (sky130_fd_sc_hd__clkbuf_1)
                  0.06    0.08    1.44 ^ _482_/X (sky130_fd_sc_hd__clkbuf_1)
     1    0.00                           _073_ (net)
                  0.06    0.00    1.44 ^ _560_/D (sky130_fd_sc_hd__dfrtp_1)
                                  1.44   data arrival time

                          0.00    0.00   clock clk (rise edge)
                          0.00    0.00   clock source latency
                  0.12    0.09    0.09 ^ clk (in)
     1    0.03                           clk (net)
                  0.12    0.00    0.09 ^ clkbuf_0_clk/A (sky130_fd_sc_hd__clkbuf_16)
                  0.11    0.22    0.31 ^ clkbuf_0_clk/X (sky130_fd_sc_hd__clkbuf_16)
     8    0.09                           clknet_0_clk (net)
                  0.11    0.00    0.31 ^ clkbuf_3_0__f_clk/A (sky130_fd_sc_hd__clkbuf_16)
                  0.04    0.16    0.47 ^ clkbuf_3_0__f_clk/X (sky130_fd_sc_hd__clkbuf_16)
     7    0.02                           clknet_3_0__leaf_clk (net)
                  0.04    0.00    0.47 ^ _560_/CLK (sky130_fd_sc_hd__dfrtp_1)
                          0.25    0.72   clock uncertainty
                         -0.04    0.67   clock reconvergence pessimism
                         -0.04    0.64   library hold time
                                  0.64   data required time
-----------------------------------------------------------------------------
                                  0.64   data required time
                                 -1.44   data arrival time
-----------------------------------------------------------------------------
                                  0.81   slack (MET)


Startpoint: _544_ (rising edge-triggered flip-flop clocked by clk)
Endpoint: _544_ (rising edge-triggered flip-flop clocked by clk)
Path Group: clk
Path Type: min

Fanout     Cap    Slew   Delay    Time   Description
-----------------------------------------------------------------------------
                          0.00    0.00   clock clk (rise edge)
                          0.00    0.00   clock source latency
                  0.12    0.08    0.08 ^ clk (in)
     1    0.03                           clk (net)
                  0.12    0.00    0.08 ^ clkbuf_0_clk/A (sky130_fd_sc_hd__clkbuf_16)
                  0.11    0.20    0.28 ^ clkbuf_0_clk/X (sky130_fd_sc_hd__clkbuf_16)
     8    0.09                           clknet_0_clk (net)
                  0.11    0.00    0.28 ^ clkbuf_3_1__f_clk/A (sky130_fd_sc_hd__clkbuf_16)
                  0.06    0.15    0.43 ^ clkbuf_3_1__f_clk/X (sky130_fd_sc_hd__clkbuf_16)
    10    0.03                           clknet_3_1__leaf_clk (net)
                  0.06    0.00    0.43 ^ _544_/CLK (sky130_fd_sc_hd__dfrtp_1)
                  0.08    0.33    0.76 ^ _544_/Q (sky130_fd_sc_hd__dfrtp_1)
     2    0.01                           masks[1][5] (net)
                  0.08    0.00    0.76 ^ hold15/A (sky130_fd_sc_hd__dlygate4sd3_1)
                  0.06    0.52    1.28 ^ hold15/X (sky130_fd_sc_hd__dlygate4sd3_1)
     1    0.00                           net52 (net)
                  0.06    0.00    1.28 ^ _449_/A0 (sky130_fd_sc_hd__mux2_1)
                  0.04    0.11    1.39 ^ _449_/X (sky130_fd_sc_hd__mux2_1)
     1    0.00                           _222_ (net)
                  0.04    0.00    1.39 ^ _450_/A (sky130_fd_sc_hd__clkbuf_1)
                  0.04    0.07    1.46 ^ _450_/X (sky130_fd_sc_hd__clkbuf_1)
     1    0.00                           _057_ (net)
                  0.04    0.00    1.46 ^ _544_/D (sky130_fd_sc_hd__dfrtp_1)
                                  1.46   data arrival time

                          0.00    0.00   clock clk (rise edge)
                          0.00    0.00   clock source latency
                  0.12    0.09    0.09 ^ clk (in)
     1    0.03                           clk (net)
                  0.12    0.00    0.09 ^ clkbuf_0_clk/A (sky130_fd_sc_hd__clkbuf_16)
                  0.11    0.22    0.31 ^ clkbuf_0_clk/X (sky130_fd_sc_hd__clkbuf_16)
     8    0.09                           clknet_0_clk (net)
                  0.11    0.00    0.31 ^ clkbuf_3_1__f_clk/A (sky130_fd_sc_hd__clkbuf_16)
                  0.06    0.17    0.48 ^ clkbuf_3_1__f_clk/X (sky130_fd_sc_hd__clkbuf_16)
    10    0.03                           clknet_3_1__leaf_clk (net)
                  0.06    0.00    0.48 ^ _544_/CLK (sky130_fd_sc_hd__dfrtp_1)
                          0.25    0.73   clock uncertainty
                         -0.05    0.68   clock reconvergence pessimism
                         -0.03    0.65   library hold time
                                  0.65   data required time
-----------------------------------------------------------------------------
                                  0.65   data required time
                                 -1.46   data arrival time
-----------------------------------------------------------------------------
                                  0.81   slack (MET)


Startpoint: _537_ (rising edge-triggered flip-flop clocked by clk)
Endpoint: _537_ (rising edge-triggered flip-flop clocked by clk)
Path Group: clk
Path Type: min

Fanout     Cap    Slew   Delay    Time   Description
-----------------------------------------------------------------------------
                          0.00    0.00   clock clk (rise edge)
                          0.00    0.00   clock source latency
                  0.12    0.08    0.08 ^ clk (in)
     1    0.03                           clk (net)
                  0.12    0.00    0.08 ^ clkbuf_0_clk/A (sky130_fd_sc_hd__clkbuf_16)
                  0.11    0.20    0.28 ^ clkbuf_0_clk/X (sky130_fd_sc_hd__clkbuf_16)
     8    0.09                           clknet_0_clk (net)
                  0.11    0.00    0.28 ^ clkbuf_3_3__f_clk/A (sky130_fd_sc_hd__clkbuf_16)
                  0.06    0.15    0.43 ^ clkbuf_3_3__f_clk/X (sky130_fd_sc_hd__clkbuf_16)
    11    0.04                           clknet_3_3__leaf_clk (net)
                  0.06    0.00    0.44 ^ _537_/CLK (sky130_fd_sc_hd__dfrtp_1)
                  0.08    0.33    0.76 ^ _537_/Q (sky130_fd_sc_hd__dfrtp_1)
     2    0.01                           masks[0][6] (net)
                  0.08    0.00    0.76 ^ hold33/A (sky130_fd_sc_hd__dlygate4sd3_1)
                  0.05    0.51    1.28 ^ hold33/X (sky130_fd_sc_hd__dlygate4sd3_1)
     1    0.00                           net70 (net)
                  0.05    0.00    1.28 ^ _435_/A1 (sky130_fd_sc_hd__mux2_1)
                  0.04    0.11    1.39 ^ _435_/X (sky130_fd_sc_hd__mux2_1)
     1    0.00                           _215_ (net)
                  0.04    0.00    1.39 ^ _436_/A (sky130_fd_sc_hd__clkbuf_1)
                  0.04    0.07    1.46 ^ _436_/X (sky130_fd_sc_hd__clkbuf_1)
     1    0.00                           _050_ (net)
                  0.04    0.00    1.46 ^ _537_/D (sky130_fd_sc_hd__dfrtp_1)
                                  1.46   data arrival time

                          0.00    0.00   clock clk (rise edge)
                          0.00    0.00   clock source latency
                  0.12    0.09    0.09 ^ clk (in)
     1    0.03                           clk (net)
                  0.12    0.00    0.09 ^ clkbuf_0_clk/A (sky130_fd_sc_hd__clkbuf_16)
                  0.11    0.22    0.31 ^ clkbuf_0_clk/X (sky130_fd_sc_hd__clkbuf_16)
     8    0.09                           clknet_0_clk (net)
                  0.11    0.00    0.31 ^ clkbuf_3_3__f_clk/A (sky130_fd_sc_hd__clkbuf_16)
                  0.06    0.17    0.48 ^ clkbuf_3_3__f_clk/X (sky130_fd_sc_hd__clkbuf_16)
    11    0.04                           clknet_3_3__leaf_clk (net)
                  0.06    0.00    0.48 ^ _537_/CLK (sky130_fd_sc_hd__dfrtp_1)
                          0.25    0.73   clock uncertainty
                         -0.05    0.69   clock reconvergence pessimism
                         -0.03    0.65   library hold time
                                  0.65   data required time
-----------------------------------------------------------------------------
                                  0.65   data required time
                                 -1.46   data arrival time
-----------------------------------------------------------------------------
                                  0.81   slack (MET)


Startpoint: _534_ (rising edge-triggered flip-flop clocked by clk)
Endpoint: _534_ (rising edge-triggered flip-flop clocked by clk)
Path Group: clk
Path Type: min

Fanout     Cap    Slew   Delay    Time   Description
-----------------------------------------------------------------------------
                          0.00    0.00   clock clk (rise edge)
                          0.00    0.00   clock source latency
                  0.12    0.08    0.08 ^ clk (in)
     1    0.03                           clk (net)
                  0.12    0.00    0.08 ^ clkbuf_0_clk/A (sky130_fd_sc_hd__clkbuf_16)
                  0.11    0.20    0.28 ^ clkbuf_0_clk/X (sky130_fd_sc_hd__clkbuf_16)
     8    0.09                           clknet_0_clk (net)
                  0.11    0.00    0.28 ^ clkbuf_3_6__f_clk/A (sky130_fd_sc_hd__clkbuf_16)
                  0.05    0.15    0.43 ^ clkbuf_3_6__f_clk/X (sky130_fd_sc_hd__clkbuf_16)
     9    0.03                           clknet_3_6__leaf_clk (net)
                  0.05    0.00    0.43 ^ _534_/CLK (sky130_fd_sc_hd__dfrtp_1)
                  0.08    0.33    0.76 ^ _534_/Q (sky130_fd_sc_hd__dfrtp_1)
     2    0.01                           masks[0][3] (net)
                  0.08    0.00    0.76 ^ hold29/A (sky130_fd_sc_hd__dlygate4sd3_1)
                  0.05    0.51    1.27 ^ hold29/X (sky130_fd_sc_hd__dlygate4sd3_1)
     1    0.00                           net66 (net)
                  0.05    0.00    1.27 ^ _429_/A1 (sky130_fd_sc_hd__mux2_1)
                  0.04    0.11    1.39 ^ _429_/X (sky130_fd_sc_hd__mux2_1)
     1    0.00                           _212_ (net)
                  0.04    0.00    1.39 ^ _430_/A (sky130_fd_sc_hd__clkbuf_1)
                  0.04    0.07    1.46 ^ _430_/X (sky130_fd_sc_hd__clkbuf_1)
     1    0.00                           _047_ (net)
                  0.04    0.00    1.46 ^ _534_/D (sky130_fd_sc_hd__dfrtp_1)
                                  1.46   data arrival time

                          0.00    0.00   clock clk (rise edge)
                          0.00    0.00   clock source latency
                  0.12    0.09    0.09 ^ clk (in)
     1    0.03                           clk (net)
                  0.12    0.00    0.09 ^ clkbuf_0_clk/A (sky130_fd_sc_hd__clkbuf_16)
                  0.11    0.22    0.31 ^ clkbuf_0_clk/X (sky130_fd_sc_hd__clkbuf_16)
     8    0.09                           clknet_0_clk (net)
                  0.11    0.00    0.31 ^ clkbuf_3_6__f_clk/A (sky130_fd_sc_hd__clkbuf_16)
                  0.05    0.17    0.48 ^ clkbuf_3_6__f_clk/X (sky130_fd_sc_hd__clkbuf_16)
     9    0.03                           clknet_3_6__leaf_clk (net)
                  0.05    0.00    0.48 ^ _534_/CLK (sky130_fd_sc_hd__dfrtp_1)
                          0.25    0.73   clock uncertainty
                         -0.05    0.68   clock reconvergence pessimism
                         -0.03    0.65   library hold time
                                  0.65   data required time
-----------------------------------------------------------------------------
                                  0.65   data required time
                                 -1.46   data arrival time
-----------------------------------------------------------------------------
                                  0.81   slack (MET)


Startpoint: _533_ (rising edge-triggered flip-flop clocked by clk)
Endpoint: _533_ (rising edge-triggered flip-flop clocked by clk)
Path Group: clk
Path Type: min

Fanout     Cap    Slew   Delay    Time   Description
-----------------------------------------------------------------------------
                          0.00    0.00   clock clk (rise edge)
                          0.00    0.00   clock source latency
                  0.12    0.08    0.08 ^ clk (in)
     1    0.03                           clk (net)
                  0.12    0.00    0.08 ^ clkbuf_0_clk/A (sky130_fd_sc_hd__clkbuf_16)
                  0.11    0.20    0.28 ^ clkbuf_0_clk/X (sky130_fd_sc_hd__clkbuf_16)
     8    0.09                           clknet_0_clk (net)
                  0.11    0.00    0.28 ^ clkbuf_3_4__f_clk/A (sky130_fd_sc_hd__clkbuf_16)
                  0.05    0.15    0.43 ^ clkbuf_3_4__f_clk/X (sky130_fd_sc_hd__clkbuf_16)
     9    0.03                           clknet_3_4__leaf_clk (net)
                  0.05    0.00    0.43 ^ _533_/CLK (sky130_fd_sc_hd__dfrtp_1)
                  0.07    0.32    0.75 ^ _533_/Q (sky130_fd_sc_hd__dfrtp_1)
     2    0.01                           masks[0][2] (net)
                  0.07    0.00    0.75 ^ hold28/A (sky130_fd_sc_hd__dlygate4sd3_1)
                  0.05    0.52    1.27 ^ hold28/X (sky130_fd_sc_hd__dlygate4sd3_1)
     1    0.00                           net65 (net)
                  0.05    0.00    1.27 ^ _427_/A1 (sky130_fd_sc_hd__mux2_1)
                  0.04    0.12    1.39 ^ _427_/X (sky130_fd_sc_hd__mux2_1)
     1    0.00                           _211_ (net)
                  0.04    0.00    1.39 ^ _428_/A (sky130_fd_sc_hd__clkbuf_1)
                  0.04    0.07    1.46 ^ _428_/X (sky130_fd_sc_hd__clkbuf_1)
     1    0.00                           _046_ (net)
                  0.04    0.00    1.46 ^ _533_/D (sky130_fd_sc_hd__dfrtp_1)
                                  1.46   data arrival time

                          0.00    0.00   clock clk (rise edge)
                          0.00    0.00   clock source latency
                  0.12    0.09    0.09 ^ clk (in)
     1    0.03                           clk (net)
                  0.12    0.00    0.09 ^ clkbuf_0_clk/A (sky130_fd_sc_hd__clkbuf_16)
                  0.11    0.22    0.31 ^ clkbuf_0_clk/X (sky130_fd_sc_hd__clkbuf_16)
     8    0.09                           clknet_0_clk (net)
                  0.11    0.00    0.31 ^ clkbuf_3_4__f_clk/A (sky130_fd_sc_hd__clkbuf_16)
                  0.05    0.17    0.47 ^ clkbuf_3_4__f_clk/X (sky130_fd_sc_hd__clkbuf_16)
     9    0.03                           clknet_3_4__leaf_clk (net)
                  0.05    0.00    0.48 ^ _533_/CLK (sky130_fd_sc_hd__dfrtp_1)
                          0.25    0.73   clock uncertainty
                         -0.05    0.68   clock reconvergence pessimism
                         -0.03    0.65   library hold time
                                  0.65   data required time
-----------------------------------------------------------------------------
                                  0.65   data required time
                                 -1.46   data arrival time
-----------------------------------------------------------------------------
                                  0.81   slack (MET)


Startpoint: _543_ (rising edge-triggered flip-flop clocked by clk)
Endpoint: _543_ (rising edge-triggered flip-flop clocked by clk)
Path Group: clk
Path Type: min

Fanout     Cap    Slew   Delay    Time   Description
-----------------------------------------------------------------------------
                          0.00    0.00   clock clk (rise edge)
                          0.00    0.00   clock source latency
                  0.12    0.08    0.08 ^ clk (in)
     1    0.03                           clk (net)
                  0.12    0.00    0.08 ^ clkbuf_0_clk/A (sky130_fd_sc_hd__clkbuf_16)
                  0.11    0.20    0.28 ^ clkbuf_0_clk/X (sky130_fd_sc_hd__clkbuf_16)
     8    0.09                           clknet_0_clk (net)
                  0.11    0.00    0.28 ^ clkbuf_3_3__f_clk/A (sky130_fd_sc_hd__clkbuf_16)
                  0.06    0.15    0.43 ^ clkbuf_3_3__f_clk/X (sky130_fd_sc_hd__clkbuf_16)
    11    0.04                           clknet_3_3__leaf_clk (net)
                  0.06    0.00    0.43 ^ _543_/CLK (sky130_fd_sc_hd__dfrtp_1)
                  0.09    0.34    0.77 ^ _543_/Q (sky130_fd_sc_hd__dfrtp_1)
     2    0.01                           masks[1][4] (net)
                  0.09    0.00    0.77 ^ hold32/A (sky130_fd_sc_hd__dlygate4sd3_1)
                  0.05    0.51    1.29 ^ hold32/X (sky130_fd_sc_hd__dlygate4sd3_1)
     1    0.00                           net69 (net)
                  0.05    0.00    1.29 ^ _447_/A0 (sky130_fd_sc_hd__mux2_1)
                  0.04    0.11    1.40 ^ _447_/X (sky130_fd_sc_hd__mux2_1)
     1    0.00                           _221_ (net)
                  0.04    0.00    1.40 ^ _448_/A (sky130_fd_sc_hd__clkbuf_1)
                  0.04    0.07    1.47 ^ _448_/X (sky130_fd_sc_hd__clkbuf_1)
     1    0.00                           _056_ (net)
                  0.04    0.00    1.47 ^ _543_/D (sky130_fd_sc_hd__dfrtp_1)
                                  1.47   data arrival time

                          0.00    0.00   clock clk (rise edge)
                          0.00    0.00   clock source latency
                  0.12    0.09    0.09 ^ clk (in)
     1    0.03                           clk (net)
                  0.12    0.00    0.09 ^ clkbuf_0_clk/A (sky130_fd_sc_hd__clkbuf_16)
                  0.11    0.22    0.31 ^ clkbuf_0_clk/X (sky130_fd_sc_hd__clkbuf_16)
     8    0.09                           clknet_0_clk (net)
                  0.11    0.00    0.31 ^ clkbuf_3_3__f_clk/A (sky130_fd_sc_hd__clkbuf_16)
                  0.06    0.17    0.48 ^ clkbuf_3_3__f_clk/X (sky130_fd_sc_hd__clkbuf_16)
    11    0.04                           clknet_3_3__leaf_clk (net)
                  0.06    0.00    0.48 ^ _543_/CLK (sky130_fd_sc_hd__dfrtp_1)
                          0.25    0.73   clock uncertainty
                         -0.05    0.69   clock reconvergence pessimism
                         -0.03    0.65   library hold time
                                  0.65   data required time
-----------------------------------------------------------------------------
                                  0.65   data required time
                                 -1.47   data arrival time
-----------------------------------------------------------------------------
                                  0.82   slack (MET)


Startpoint: _553_ (rising edge-triggered flip-flop clocked by clk)
Endpoint: _553_ (rising edge-triggered flip-flop clocked by clk)
Path Group: clk
Path Type: min

Fanout     Cap    Slew   Delay    Time   Description
-----------------------------------------------------------------------------
                          0.00    0.00   clock clk (rise edge)
                          0.00    0.00   clock source latency
                  0.12    0.08    0.08 ^ clk (in)
     1    0.03                           clk (net)
                  0.12    0.00    0.08 ^ clkbuf_0_clk/A (sky130_fd_sc_hd__clkbuf_16)
                  0.11    0.20    0.28 ^ clkbuf_0_clk/X (sky130_fd_sc_hd__clkbuf_16)
     8    0.09                           clknet_0_clk (net)
                  0.11    0.00    0.28 ^ clkbuf_3_6__f_clk/A (sky130_fd_sc_hd__clkbuf_16)
                  0.05    0.15    0.43 ^ clkbuf_3_6__f_clk/X (sky130_fd_sc_hd__clkbuf_16)
     9    0.03                           clknet_3_6__leaf_clk (net)
                  0.05    0.00    0.43 ^ _553_/CLK (sky130_fd_sc_hd__dfrtp_1)
                  0.08    0.33    0.76 ^ _553_/Q (sky130_fd_sc_hd__dfrtp_1)
     2    0.01                           masks[2][6] (net)
                  0.08    0.00    0.76 ^ hold30/A (sky130_fd_sc_hd__dlygate4sd3_1)
                  0.05    0.51    1.27 ^ hold30/X (sky130_fd_sc_hd__dlygate4sd3_1)
     1    0.00                           net67 (net)
                  0.05    0.00    1.27 ^ _467_/A0 (sky130_fd_sc_hd__mux2_1)
                  0.05    0.11    1.38 ^ _467_/X (sky130_fd_sc_hd__mux2_1)
     1    0.00                           _231_ (net)
                  0.05    0.00    1.38 ^ _468_/A (sky130_fd_sc_hd__clkbuf_1)
                  0.05    0.08    1.47 ^ _468_/X (sky130_fd_sc_hd__clkbuf_1)
     1    0.00                           _066_ (net)
                  0.05    0.00    1.47 ^ _553_/D (sky130_fd_sc_hd__dfrtp_1)
                                  1.47   data arrival time

                          0.00    0.00   clock clk (rise edge)
                          0.00    0.00   clock source latency
                  0.12    0.09    0.09 ^ clk (in)
     1    0.03                           clk (net)
                  0.12    0.00    0.09 ^ clkbuf_0_clk/A (sky130_fd_sc_hd__clkbuf_16)
                  0.11    0.22    0.31 ^ clkbuf_0_clk/X (sky130_fd_sc_hd__clkbuf_16)
     8    0.09                           clknet_0_clk (net)
                  0.11    0.00    0.31 ^ clkbuf_3_6__f_clk/A (sky130_fd_sc_hd__clkbuf_16)
                  0.05    0.17    0.48 ^ clkbuf_3_6__f_clk/X (sky130_fd_sc_hd__clkbuf_16)
     9    0.03                           clknet_3_6__leaf_clk (net)
                  0.05    0.00    0.48 ^ _553_/CLK (sky130_fd_sc_hd__dfrtp_1)
                          0.25    0.73   clock uncertainty
                         -0.05    0.68   clock reconvergence pessimism
                         -0.04    0.65   library hold time
                                  0.65   data required time
-----------------------------------------------------------------------------
                                  0.65   data required time
                                 -1.47   data arrival time
-----------------------------------------------------------------------------
                                  0.82   slack (MET)


Startpoint: _542_ (rising edge-triggered flip-flop clocked by clk)
Endpoint: _542_ (rising edge-triggered flip-flop clocked by clk)
Path Group: clk
Path Type: min

Fanout     Cap    Slew   Delay    Time   Description
-----------------------------------------------------------------------------
                          0.00    0.00   clock clk (rise edge)
                          0.00    0.00   clock source latency
                  0.12    0.08    0.08 ^ clk (in)
     1    0.03                           clk (net)
                  0.12    0.00    0.08 ^ clkbuf_0_clk/A (sky130_fd_sc_hd__clkbuf_16)
                  0.11    0.20    0.28 ^ clkbuf_0_clk/X (sky130_fd_sc_hd__clkbuf_16)
     8    0.09                           clknet_0_clk (net)
                  0.11    0.00    0.28 ^ clkbuf_3_6__f_clk/A (sky130_fd_sc_hd__clkbuf_16)
                  0.05    0.15    0.43 ^ clkbuf_3_6__f_clk/X (sky130_fd_sc_hd__clkbuf_16)
     9    0.03                           clknet_3_6__leaf_clk (net)
                  0.05    0.00    0.43 ^ _542_/CLK (sky130_fd_sc_hd__dfrtp_1)
                  0.09    0.34    0.78 ^ _542_/Q (sky130_fd_sc_hd__dfrtp_1)
     2    0.01                           masks[1][3] (net)
                  0.09    0.00    0.78 ^ hold34/A (sky130_fd_sc_hd__dlygate4sd3_1)
                  0.05    0.52    1.29 ^ hold34/X (sky130_fd_sc_hd__dlygate4sd3_1)
     1    0.00                           net71 (net)
                  0.05    0.00    1.29 ^ _445_/A0 (sky130_fd_sc_hd__mux2_1)
                  0.04    0.11    1.40 ^ _445_/X (sky130_fd_sc_hd__mux2_1)
     1    0.00                           _220_ (net)
                  0.04    0.00    1.40 ^ _446_/A (sky130_fd_sc_hd__clkbuf_1)
                  0.04    0.07    1.47 ^ _446_/X (sky130_fd_sc_hd__clkbuf_1)
     1    0.00                           _055_ (net)
                  0.04    0.00    1.47 ^ _542_/D (sky130_fd_sc_hd__dfrtp_1)
                                  1.47   data arrival time

                          0.00    0.00   clock clk (rise edge)
                          0.00    0.00   clock source latency
                  0.12    0.09    0.09 ^ clk (in)
     1    0.03                           clk (net)
                  0.12    0.00    0.09 ^ clkbuf_0_clk/A (sky130_fd_sc_hd__clkbuf_16)
                  0.11    0.22    0.31 ^ clkbuf_0_clk/X (sky130_fd_sc_hd__clkbuf_16)
     8    0.09                           clknet_0_clk (net)
                  0.11    0.00    0.31 ^ clkbuf_3_6__f_clk/A (sky130_fd_sc_hd__clkbuf_16)
                  0.05    0.17    0.48 ^ clkbuf_3_6__f_clk/X (sky130_fd_sc_hd__clkbuf_16)
     9    0.03                           clknet_3_6__leaf_clk (net)
                  0.05    0.00    0.48 ^ _542_/CLK (sky130_fd_sc_hd__dfrtp_1)
                          0.25    0.73   clock uncertainty
                         -0.05    0.68   clock reconvergence pessimism
                         -0.03    0.65   library hold time
                                  0.65   data required time
-----------------------------------------------------------------------------
                                  0.65   data required time
                                 -1.47   data arrival time
-----------------------------------------------------------------------------
                                  0.82   slack (MET)


Startpoint: _536_ (rising edge-triggered flip-flop clocked by clk)
Endpoint: _536_ (rising edge-triggered flip-flop clocked by clk)
Path Group: clk
Path Type: min

Fanout     Cap    Slew   Delay    Time   Description
-----------------------------------------------------------------------------
                          0.00    0.00   clock clk (rise edge)
                          0.00    0.00   clock source latency
                  0.12    0.08    0.08 ^ clk (in)
     1    0.03                           clk (net)
                  0.12    0.00    0.08 ^ clkbuf_0_clk/A (sky130_fd_sc_hd__clkbuf_16)
                  0.11    0.20    0.28 ^ clkbuf_0_clk/X (sky130_fd_sc_hd__clkbuf_16)
     8    0.09                           clknet_0_clk (net)
                  0.11    0.00    0.28 ^ clkbuf_3_1__f_clk/A (sky130_fd_sc_hd__clkbuf_16)
                  0.06    0.15    0.43 ^ clkbuf_3_1__f_clk/X (sky130_fd_sc_hd__clkbuf_16)
    10    0.03                           clknet_3_1__leaf_clk (net)
                  0.06    0.00    0.43 ^ _536_/CLK (sky130_fd_sc_hd__dfrtp_1)
                  0.08    0.33    0.76 ^ _536_/Q (sky130_fd_sc_hd__dfrtp_1)
     2    0.01                           masks[0][5] (net)
                  0.08    0.00    0.76 ^ hold25/A (sky130_fd_sc_hd__dlygate4sd3_1)
                  0.05    0.51    1.28 ^ hold25/X (sky130_fd_sc_hd__dlygate4sd3_1)
     1    0.00                           net62 (net)
                  0.05    0.00    1.28 ^ _433_/A1 (sky130_fd_sc_hd__mux2_1)
                  0.05    0.12    1.40 ^ _433_/X (sky130_fd_sc_hd__mux2_1)
     1    0.00                           _214_ (net)
                  0.05    0.00    1.40 ^ _434_/A (sky130_fd_sc_hd__clkbuf_1)
                  0.04    0.07    1.47 ^ _434_/X (sky130_fd_sc_hd__clkbuf_1)
     1    0.00                           _049_ (net)
                  0.04    0.00    1.47 ^ _536_/D (sky130_fd_sc_hd__dfrtp_1)
                                  1.47   data arrival time

                          0.00    0.00   clock clk (rise edge)
                          0.00    0.00   clock source latency
                  0.12    0.09    0.09 ^ clk (in)
     1    0.03                           clk (net)
                  0.12    0.00    0.09 ^ clkbuf_0_clk/A (sky130_fd_sc_hd__clkbuf_16)
                  0.11    0.22    0.31 ^ clkbuf_0_clk/X (sky130_fd_sc_hd__clkbuf_16)
     8    0.09                           clknet_0_clk (net)
                  0.11    0.00    0.31 ^ clkbuf_3_1__f_clk/A (sky130_fd_sc_hd__clkbuf_16)
                  0.06    0.17    0.48 ^ clkbuf_3_1__f_clk/X (sky130_fd_sc_hd__clkbuf_16)
    10    0.03                           clknet_3_1__leaf_clk (net)
                  0.06    0.00    0.48 ^ _536_/CLK (sky130_fd_sc_hd__dfrtp_1)
                          0.25    0.73   clock uncertainty
                         -0.05    0.68   clock reconvergence pessimism
                         -0.03    0.65   library hold time
                                  0.65   data required time
-----------------------------------------------------------------------------
                                  0.65   data required time
                                 -1.47   data arrival time
-----------------------------------------------------------------------------
                                  0.82   slack (MET)


Startpoint: _551_ (rising edge-triggered flip-flop clocked by clk)
Endpoint: _551_ (rising edge-triggered flip-flop clocked by clk)
Path Group: clk
Path Type: min

Fanout     Cap    Slew   Delay    Time   Description
-----------------------------------------------------------------------------
                          0.00    0.00   clock clk (rise edge)
                          0.00    0.00   clock source latency
                  0.12    0.08    0.08 ^ clk (in)
     1    0.03                           clk (net)
                  0.12    0.00    0.08 ^ clkbuf_0_clk/A (sky130_fd_sc_hd__clkbuf_16)
                  0.11    0.20    0.28 ^ clkbuf_0_clk/X (sky130_fd_sc_hd__clkbuf_16)
     8    0.09                           clknet_0_clk (net)
                  0.11    0.00    0.28 ^ clkbuf_3_2__f_clk/A (sky130_fd_sc_hd__clkbuf_16)
                  0.05    0.15    0.43 ^ clkbuf_3_2__f_clk/X (sky130_fd_sc_hd__clkbuf_16)
     9    0.03                           clknet_3_2__leaf_clk (net)
                  0.05    0.00    0.43 ^ _551_/CLK (sky130_fd_sc_hd__dfrtp_1)
                  0.08    0.33    0.76 ^ _551_/Q (sky130_fd_sc_hd__dfrtp_1)
     2    0.01                           masks[2][4] (net)
                  0.08    0.00    0.76 ^ hold36/A (sky130_fd_sc_hd__dlygate4sd3_1)
                  0.05    0.51    1.27 ^ hold36/X (sky130_fd_sc_hd__dlygate4sd3_1)
     1    0.00                           net73 (net)
                  0.05    0.00    1.27 ^ _463_/A0 (sky130_fd_sc_hd__mux2_1)
                  0.05    0.12    1.39 ^ _463_/X (sky130_fd_sc_hd__mux2_1)
     1    0.00                           _229_ (net)
                  0.05    0.00    1.39 ^ _464_/A (sky130_fd_sc_hd__clkbuf_1)
                  0.04    0.08    1.47 ^ _464_/X (sky130_fd_sc_hd__clkbuf_1)
     1    0.00                           _064_ (net)
                  0.04    0.00    1.47 ^ _551_/D (sky130_fd_sc_hd__dfrtp_1)
                                  1.47   data arrival time

                          0.00    0.00   clock clk (rise edge)
                          0.00    0.00   clock source latency
                  0.12    0.09    0.09 ^ clk (in)
     1    0.03                           clk (net)
                  0.12    0.00    0.09 ^ clkbuf_0_clk/A (sky130_fd_sc_hd__clkbuf_16)
                  0.11    0.22    0.31 ^ clkbuf_0_clk/X (sky130_fd_sc_hd__clkbuf_16)
     8    0.09                           clknet_0_clk (net)
                  0.11    0.00    0.31 ^ clkbuf_3_2__f_clk/A (sky130_fd_sc_hd__clkbuf_16)
                  0.05    0.17    0.47 ^ clkbuf_3_2__f_clk/X (sky130_fd_sc_hd__clkbuf_16)
     9    0.03                           clknet_3_2__leaf_clk (net)
                  0.05    0.00    0.48 ^ _551_/CLK (sky130_fd_sc_hd__dfrtp_1)
                          0.25    0.73   clock uncertainty
                         -0.05    0.68   clock reconvergence pessimism
                         -0.03    0.65   library hold time
                                  0.65   data required time
-----------------------------------------------------------------------------
                                  0.65   data required time
                                 -1.47   data arrival time
-----------------------------------------------------------------------------
                                  0.82   slack (MET)


Startpoint: _561_ (rising edge-triggered flip-flop clocked by clk)
Endpoint: _561_ (rising edge-triggered flip-flop clocked by clk)
Path Group: clk
Path Type: min

Fanout     Cap    Slew   Delay    Time   Description
-----------------------------------------------------------------------------
                          0.00    0.00   clock clk (rise edge)
                          0.00    0.00   clock source latency
                  0.12    0.08    0.08 ^ clk (in)
     1    0.03                           clk (net)
                  0.12    0.00    0.08 ^ clkbuf_0_clk/A (sky130_fd_sc_hd__clkbuf_16)
                  0.11    0.20    0.28 ^ clkbuf_0_clk/X (sky130_fd_sc_hd__clkbuf_16)
     8    0.09                           clknet_0_clk (net)
                  0.11    0.00    0.28 ^ clkbuf_3_3__f_clk/A (sky130_fd_sc_hd__clkbuf_16)
                  0.06    0.15    0.43 ^ clkbuf_3_3__f_clk/X (sky130_fd_sc_hd__clkbuf_16)
    11    0.04                           clknet_3_3__leaf_clk (net)
                  0.06    0.00    0.44 ^ _561_/CLK (sky130_fd_sc_hd__dfrtp_1)
                  0.08    0.33    0.77 ^ _561_/Q (sky130_fd_sc_hd__dfrtp_1)
     2    0.01                           masks[3][6] (net)
                  0.08    0.00    0.77 ^ hold26/A (sky130_fd_sc_hd__dlygate4sd3_1)
                  0.05    0.52    1.28 ^ hold26/X (sky130_fd_sc_hd__dlygate4sd3_1)
     1    0.00                           net63 (net)
                  0.05    0.00    1.28 ^ _483_/A0 (sky130_fd_sc_hd__mux2_1)
                  0.04    0.11    1.40 ^ _483_/X (sky130_fd_sc_hd__mux2_1)
     1    0.00                           _239_ (net)
                  0.04    0.00    1.40 ^ _484_/A (sky130_fd_sc_hd__clkbuf_1)
                  0.05    0.08    1.48 ^ _484_/X (sky130_fd_sc_hd__clkbuf_1)
     1    0.00                           _074_ (net)
                  0.05    0.00    1.48 ^ _561_/D (sky130_fd_sc_hd__dfrtp_1)
                                  1.48   data arrival time

                          0.00    0.00   clock clk (rise edge)
                          0.00    0.00   clock source latency
                  0.12    0.09    0.09 ^ clk (in)
     1    0.03                           clk (net)
                  0.12    0.00    0.09 ^ clkbuf_0_clk/A (sky130_fd_sc_hd__clkbuf_16)
                  0.11    0.22    0.31 ^ clkbuf_0_clk/X (sky130_fd_sc_hd__clkbuf_16)
     8    0.09                           clknet_0_clk (net)
                  0.11    0.00    0.31 ^ clkbuf_3_3__f_clk/A (sky130_fd_sc_hd__clkbuf_16)
                  0.06    0.17    0.48 ^ clkbuf_3_3__f_clk/X (sky130_fd_sc_hd__clkbuf_16)
    11    0.04                           clknet_3_3__leaf_clk (net)
                  0.06    0.00    0.48 ^ _561_/CLK (sky130_fd_sc_hd__dfrtp_1)
                          0.25    0.73   clock uncertainty
                         -0.05    0.69   clock reconvergence pessimism
                         -0.03    0.65   library hold time
                                  0.65   data required time
-----------------------------------------------------------------------------
                                  0.65   data required time
                                 -1.48   data arrival time
-----------------------------------------------------------------------------
                                  0.83   slack (MET)


Startpoint: _550_ (rising edge-triggered flip-flop clocked by clk)
Endpoint: _550_ (rising edge-triggered flip-flop clocked by clk)
Path Group: clk
Path Type: min

Fanout     Cap    Slew   Delay    Time   Description
-----------------------------------------------------------------------------
                          0.00    0.00   clock clk (rise edge)
                          0.00    0.00   clock source latency
                  0.12    0.08    0.08 ^ clk (in)
     1    0.03                           clk (net)
                  0.12    0.00    0.08 ^ clkbuf_0_clk/A (sky130_fd_sc_hd__clkbuf_16)
                  0.11    0.20    0.28 ^ clkbuf_0_clk/X (sky130_fd_sc_hd__clkbuf_16)
     8    0.09                           clknet_0_clk (net)
                  0.11    0.00    0.28 ^ clkbuf_3_7__f_clk/A (sky130_fd_sc_hd__clkbuf_16)
                  0.06    0.15    0.43 ^ clkbuf_3_7__f_clk/X (sky130_fd_sc_hd__clkbuf_16)
    11    0.04                           clknet_3_7__leaf_clk (net)
                  0.06    0.00    0.43 ^ _550_/CLK (sky130_fd_sc_hd__dfrtp_1)
                  0.08    0.33    0.76 ^ _550_/Q (sky130_fd_sc_hd__dfrtp_1)
     2    0.01                           masks[2][3] (net)
                  0.08    0.00    0.76 ^ hold31/A (sky130_fd_sc_hd__dlygate4sd3_1)
                  0.05    0.51    1.28 ^ hold31/X (sky130_fd_sc_hd__dlygate4sd3_1)
     1    0.00                           net68 (net)
                  0.05    0.00    1.28 ^ _461_/A0 (sky130_fd_sc_hd__mux2_1)
                  0.04    0.11    1.39 ^ _461_/X (sky130_fd_sc_hd__mux2_1)
     1    0.00                           _228_ (net)
                  0.04    0.00    1.39 ^ _462_/A (sky130_fd_sc_hd__clkbuf_1)
                  0.06    0.09    1.47 ^ _462_/X (sky130_fd_sc_hd__clkbuf_1)
     1    0.00                           _063_ (net)
                  0.06    0.00    1.47 ^ _550_/D (sky130_fd_sc_hd__dfrtp_1)
                                  1.47   data arrival time

                          0.00    0.00   clock clk (rise edge)
                          0.00    0.00   clock source latency
                  0.12    0.09    0.09 ^ clk (in)
     1    0.03                           clk (net)
                  0.12    0.00    0.09 ^ clkbuf_0_clk/A (sky130_fd_sc_hd__clkbuf_16)
                  0.11    0.22    0.31 ^ clkbuf_0_clk/X (sky130_fd_sc_hd__clkbuf_16)
     8    0.09                           clknet_0_clk (net)
                  0.11    0.00    0.31 ^ clkbuf_3_7__f_clk/A (sky130_fd_sc_hd__clkbuf_16)
                  0.06    0.17    0.48 ^ clkbuf_3_7__f_clk/X (sky130_fd_sc_hd__clkbuf_16)
    11    0.04                           clknet_3_7__leaf_clk (net)
                  0.06    0.00    0.48 ^ _550_/CLK (sky130_fd_sc_hd__dfrtp_1)
                          0.25    0.73   clock uncertainty
                         -0.05    0.68   clock reconvergence pessimism
                         -0.04    0.65   library hold time
                                  0.65   data required time
-----------------------------------------------------------------------------
                                  0.65   data required time
                                 -1.47   data arrival time
-----------------------------------------------------------------------------
                                  0.83   slack (MET)


Startpoint: _562_ (rising edge-triggered flip-flop clocked by clk)
Endpoint: _562_ (rising edge-triggered flip-flop clocked by clk)
Path Group: clk
Path Type: min

Fanout     Cap    Slew   Delay    Time   Description
-----------------------------------------------------------------------------
                          0.00    0.00   clock clk (rise edge)
                          0.00    0.00   clock source latency
                  0.12    0.08    0.08 ^ clk (in)
     1    0.03                           clk (net)
                  0.12    0.00    0.08 ^ clkbuf_0_clk/A (sky130_fd_sc_hd__clkbuf_16)
                  0.11    0.20    0.28 ^ clkbuf_0_clk/X (sky130_fd_sc_hd__clkbuf_16)
     8    0.09                           clknet_0_clk (net)
                  0.11    0.00    0.28 ^ clkbuf_3_4__f_clk/A (sky130_fd_sc_hd__clkbuf_16)
                  0.05    0.15    0.43 ^ clkbuf_3_4__f_clk/X (sky130_fd_sc_hd__clkbuf_16)
     9    0.03                           clknet_3_4__leaf_clk (net)
                  0.05    0.00    0.43 ^ _562_/CLK (sky130_fd_sc_hd__dfrtp_1)
                  0.09    0.34    0.77 ^ _562_/Q (sky130_fd_sc_hd__dfrtp_1)
     2    0.01                           masks[3][7] (net)
                  0.09    0.00    0.77 ^ hold27/A (sky130_fd_sc_hd__dlygate4sd3_1)
                  0.05    0.51    1.28 ^ hold27/X (sky130_fd_sc_hd__dlygate4sd3_1)
     1    0.00                           net64 (net)
                  0.05    0.00    1.28 ^ _485_/A0 (sky130_fd_sc_hd__mux2_1)
                  0.05    0.12    1.40 ^ _485_/X (sky130_fd_sc_hd__mux2_1)
     1    0.00                           _240_ (net)
                  0.05    0.00    1.40 ^ _486_/A (sky130_fd_sc_hd__clkbuf_1)
                  0.04    0.08    1.48 ^ _486_/X (sky130_fd_sc_hd__clkbuf_1)
     1    0.00                           _075_ (net)
                  0.04    0.00    1.48 ^ _562_/D (sky130_fd_sc_hd__dfrtp_1)
                                  1.48   data arrival time

                          0.00    0.00   clock clk (rise edge)
                          0.00    0.00   clock source latency
                  0.12    0.09    0.09 ^ clk (in)
     1    0.03                           clk (net)
                  0.12    0.00    0.09 ^ clkbuf_0_clk/A (sky130_fd_sc_hd__clkbuf_16)
                  0.11    0.22    0.31 ^ clkbuf_0_clk/X (sky130_fd_sc_hd__clkbuf_16)
     8    0.09                           clknet_0_clk (net)
                  0.11    0.00    0.31 ^ clkbuf_3_4__f_clk/A (sky130_fd_sc_hd__clkbuf_16)
                  0.05    0.17    0.47 ^ clkbuf_3_4__f_clk/X (sky130_fd_sc_hd__clkbuf_16)
     9    0.03                           clknet_3_4__leaf_clk (net)
                  0.05    0.00    0.48 ^ _562_/CLK (sky130_fd_sc_hd__dfrtp_1)
                          0.25    0.73   clock uncertainty
                         -0.05    0.68   clock reconvergence pessimism
                         -0.03    0.65   library hold time
                                  0.65   data required time
-----------------------------------------------------------------------------
                                  0.65   data required time
                                 -1.48   data arrival time
-----------------------------------------------------------------------------
                                  0.83   slack (MET)


Startpoint: _545_ (rising edge-triggered flip-flop clocked by clk)
Endpoint: _545_ (rising edge-triggered flip-flop clocked by clk)
Path Group: clk
Path Type: min

Fanout     Cap    Slew   Delay    Time   Description
-----------------------------------------------------------------------------
                          0.00    0.00   clock clk (rise edge)
                          0.00    0.00   clock source latency
                  0.12    0.08    0.08 ^ clk (in)
     1    0.03                           clk (net)
                  0.12    0.00    0.08 ^ clkbuf_0_clk/A (sky130_fd_sc_hd__clkbuf_16)
                  0.11    0.20    0.28 ^ clkbuf_0_clk/X (sky130_fd_sc_hd__clkbuf_16)
     8    0.09                           clknet_0_clk (net)
                  0.11    0.00    0.28 ^ clkbuf_3_6__f_clk/A (sky130_fd_sc_hd__clkbuf_16)
                  0.05    0.15    0.43 ^ clkbuf_3_6__f_clk/X (sky130_fd_sc_hd__clkbuf_16)
     9    0.03                           clknet_3_6__leaf_clk (net)
                  0.05    0.00    0.43 ^ _545_/CLK (sky130_fd_sc_hd__dfrtp_1)
                  0.10    0.35    0.78 ^ _545_/Q (sky130_fd_sc_hd__dfrtp_1)
     2    0.01                           masks[1][6] (net)
                  0.10    0.00    0.78 ^ hold35/A (sky130_fd_sc_hd__dlygate4sd3_1)
                  0.05    0.53    1.31 ^ hold35/X (sky130_fd_sc_hd__dlygate4sd3_1)
     1    0.00                           net72 (net)
                  0.05    0.00    1.31 ^ _451_/A0 (sky130_fd_sc_hd__mux2_1)
                  0.05    0.12    1.43 ^ _451_/X (sky130_fd_sc_hd__mux2_1)
     1    0.00                           _223_ (net)
                  0.05    0.00    1.43 ^ _452_/A (sky130_fd_sc_hd__clkbuf_1)
                  0.04    0.07    1.50 ^ _452_/X (sky130_fd_sc_hd__clkbuf_1)
     1    0.00                           _058_ (net)
                  0.04    0.00    1.50 ^ _545_/D (sky130_fd_sc_hd__dfrtp_1)
                                  1.50   data arrival time

                          0.00    0.00   clock clk (rise edge)
                          0.00    0.00   clock source latency
                  0.12    0.09    0.09 ^ clk (in)
     1    0.03                           clk (net)
                  0.12    0.00    0.09 ^ clkbuf_0_clk/A (sky130_fd_sc_hd__clkbuf_16)
                  0.11    0.22    0.31 ^ clkbuf_0_clk/X (sky130_fd_sc_hd__clkbuf_16)
     8    0.09                           clknet_0_clk (net)
                  0.11    0.00    0.31 ^ clkbuf_3_6__f_clk/A (sky130_fd_sc_hd__clkbuf_16)
                  0.05    0.17    0.48 ^ clkbuf_3_6__f_clk/X (sky130_fd_sc_hd__clkbuf_16)
     9    0.03                           clknet_3_6__leaf_clk (net)
                  0.05    0.00    0.48 ^ _545_/CLK (sky130_fd_sc_hd__dfrtp_1)
                          0.25    0.73   clock uncertainty
                         -0.05    0.68   clock reconvergence pessimism
                         -0.03    0.65   library hold time
                                  0.65   data required time
-----------------------------------------------------------------------------
                                  0.65   data required time
                                 -1.50   data arrival time
-----------------------------------------------------------------------------
                                  0.85   slack (MET)


Startpoint: rst_n (input port clocked by clk)
Endpoint: _561_ (removal check against rising-edge clock clk)
Path Group: asynchronous
Path Type: min

Fanout     Cap    Slew   Delay    Time   Description
-----------------------------------------------------------------------------
                          0.00    0.00   clock clk (rise edge)
                          0.00    0.00   clock network delay (propagated)
                          2.00    2.00 ^ input external delay
                  0.03    0.01    2.01 ^ rst_n (in)
     1    0.00                           rst_n (net)
                  0.03    0.00    2.01 ^ input23/A (sky130_fd_sc_hd__clkbuf_2)
                  0.15    0.16    2.18 ^ input23/X (sky130_fd_sc_hd__clkbuf_2)
     4    0.03                           net23 (net)
                  0.15    0.00    2.18 ^ fanout33/A (sky130_fd_sc_hd__clkbuf_2)
                  0.17    0.22    2.40 ^ fanout33/X (sky130_fd_sc_hd__clkbuf_2)
     5    0.03                           net33 (net)
                  0.17    0.00    2.40 ^ _561_/RESET_B (sky130_fd_sc_hd__dfrtp_1)
                                  2.40   data arrival time

                          0.00    0.00   clock clk (rise edge)
                          0.00    0.00   clock source latency
                  0.12    0.09    0.09 ^ clk (in)
     1    0.03                           clk (net)
                  0.12    0.00    0.09 ^ clkbuf_0_clk/A (sky130_fd_sc_hd__clkbuf_16)
                  0.11    0.22    0.31 ^ clkbuf_0_clk/X (sky130_fd_sc_hd__clkbuf_16)
     8    0.09                           clknet_0_clk (net)
                  0.11    0.00    0.31 ^ clkbuf_3_3__f_clk/A (sky130_fd_sc_hd__clkbuf_16)
                  0.06    0.17    0.48 ^ clkbuf_3_3__f_clk/X (sky130_fd_sc_hd__clkbuf_16)
    11    0.04                           clknet_3_3__leaf_clk (net)
                  0.06    0.00    0.48 ^ _561_/CLK (sky130_fd_sc_hd__dfrtp_1)
                          0.25    0.73   clock uncertainty
                          0.00    0.73   clock reconvergence pessimism
                          0.36    1.09   library removal time
                                  1.09   data required time
-----------------------------------------------------------------------------
                                  1.09   data required time
                                 -2.40   data arrival time
-----------------------------------------------------------------------------
                                  1.31   slack (MET)


Startpoint: rst_n (input port clocked by clk)
Endpoint: _543_ (removal check against rising-edge clock clk)
Path Group: asynchronous
Path Type: min

Fanout     Cap    Slew   Delay    Time   Description
-----------------------------------------------------------------------------
                          0.00    0.00   clock clk (rise edge)
                          0.00    0.00   clock network delay (propagated)
                          2.00    2.00 ^ input external delay
                  0.03    0.01    2.01 ^ rst_n (in)
     1    0.00                           rst_n (net)
                  0.03    0.00    2.01 ^ input23/A (sky130_fd_sc_hd__clkbuf_2)
                  0.15    0.16    2.18 ^ input23/X (sky130_fd_sc_hd__clkbuf_2)
     4    0.03                           net23 (net)
                  0.15    0.00    2.18 ^ fanout33/A (sky130_fd_sc_hd__clkbuf_2)
                  0.17    0.22    2.40 ^ fanout33/X (sky130_fd_sc_hd__clkbuf_2)
     5    0.03                           net33 (net)
                  0.17    0.00    2.40 ^ _543_/RESET_B (sky130_fd_sc_hd__dfrtp_1)
                                  2.40   data arrival time

                          0.00    0.00   clock clk (rise edge)
                          0.00    0.00   clock source latency
                  0.12    0.09    0.09 ^ clk (in)
     1    0.03                           clk (net)
                  0.12    0.00    0.09 ^ clkbuf_0_clk/A (sky130_fd_sc_hd__clkbuf_16)
                  0.11    0.22    0.31 ^ clkbuf_0_clk/X (sky130_fd_sc_hd__clkbuf_16)
     8    0.09                           clknet_0_clk (net)
                  0.11    0.00    0.31 ^ clkbuf_3_3__f_clk/A (sky130_fd_sc_hd__clkbuf_16)
                  0.06    0.17    0.48 ^ clkbuf_3_3__f_clk/X (sky130_fd_sc_hd__clkbuf_16)
    11    0.04                           clknet_3_3__leaf_clk (net)
                  0.06    0.00    0.48 ^ _543_/CLK (sky130_fd_sc_hd__dfrtp_1)
                          0.25    0.73   clock uncertainty
                          0.00    0.73   clock reconvergence pessimism
                          0.36    1.09   library removal time
                                  1.09   data required time
-----------------------------------------------------------------------------
                                  1.09   data required time
                                 -2.40   data arrival time
-----------------------------------------------------------------------------
                                  1.31   slack (MET)


Startpoint: rst_n (input port clocked by clk)
Endpoint: _507_ (removal check against rising-edge clock clk)
Path Group: asynchronous
Path Type: min

Fanout     Cap    Slew   Delay    Time   Description
-----------------------------------------------------------------------------
                          0.00    0.00   clock clk (rise edge)
                          0.00    0.00   clock network delay (propagated)
                          2.00    2.00 ^ input external delay
                  0.03    0.01    2.01 ^ rst_n (in)
     1    0.00                           rst_n (net)
                  0.03    0.00    2.01 ^ input23/A (sky130_fd_sc_hd__clkbuf_2)
                  0.15    0.16    2.18 ^ input23/X (sky130_fd_sc_hd__clkbuf_2)
     4    0.03                           net23 (net)
                  0.15    0.00    2.18 ^ fanout35/A (sky130_fd_sc_hd__clkbuf_4)
                  0.15    0.24    2.42 ^ fanout35/X (sky130_fd_sc_hd__clkbuf_4)
     9    0.05                           net35 (net)
                  0.15    0.00    2.42 ^ _507_/RESET_B (sky130_fd_sc_hd__dfrtp_1)
                                  2.42   data arrival time

                          0.00    0.00   clock clk (rise edge)
                          0.00    0.00   clock source latency
                  0.12    0.09    0.09 ^ clk (in)
     1    0.03                           clk (net)
                  0.12    0.00    0.09 ^ clkbuf_0_clk/A (sky130_fd_sc_hd__clkbuf_16)
                  0.11    0.22    0.31 ^ clkbuf_0_clk/X (sky130_fd_sc_hd__clkbuf_16)
     8    0.09                           clknet_0_clk (net)
                  0.11    0.00    0.31 ^ clkbuf_3_5__f_clk/A (sky130_fd_sc_hd__clkbuf_16)
                  0.05    0.17    0.48 ^ clkbuf_3_5__f_clk/X (sky130_fd_sc_hd__clkbuf_16)
    10    0.03                           clknet_3_5__leaf_clk (net)
                  0.05    0.00    0.48 ^ _507_/CLK (sky130_fd_sc_hd__dfrtp_1)
                          0.25    0.73   clock uncertainty
                          0.00    0.73   clock reconvergence pessimism
                          0.35    1.08   library removal time
                                  1.08   data required time
-----------------------------------------------------------------------------
                                  1.08   data required time
                                 -2.42   data arrival time
-----------------------------------------------------------------------------
                                  1.34   slack (MET)


Startpoint: rst_n (input port clocked by clk)
Endpoint: _539_ (removal check against rising-edge clock clk)
Path Group: asynchronous
Path Type: min

Fanout     Cap    Slew   Delay    Time   Description
-----------------------------------------------------------------------------
                          0.00    0.00   clock clk (rise edge)
                          0.00    0.00   clock network delay (propagated)
                          2.00    2.00 ^ input external delay
                  0.03    0.01    2.01 ^ rst_n (in)
     1    0.00                           rst_n (net)
                  0.03    0.00    2.01 ^ input23/A (sky130_fd_sc_hd__clkbuf_2)
                  0.15    0.16    2.18 ^ input23/X (sky130_fd_sc_hd__clkbuf_2)
     4    0.03                           net23 (net)
                  0.15    0.00    2.18 ^ fanout35/A (sky130_fd_sc_hd__clkbuf_4)
                  0.15    0.24    2.42 ^ fanout35/X (sky130_fd_sc_hd__clkbuf_4)
     9    0.05                           net35 (net)
                  0.15    0.00    2.42 ^ _539_/RESET_B (sky130_fd_sc_hd__dfrtp_1)
                                  2.42   data arrival time

                          0.00    0.00   clock clk (rise edge)
                          0.00    0.00   clock source latency
                  0.12    0.09    0.09 ^ clk (in)
     1    0.03                           clk (net)
                  0.12    0.00    0.09 ^ clkbuf_0_clk/A (sky130_fd_sc_hd__clkbuf_16)
                  0.11    0.22    0.31 ^ clkbuf_0_clk/X (sky130_fd_sc_hd__clkbuf_16)
     8    0.09                           clknet_0_clk (net)
                  0.11    0.00    0.31 ^ clkbuf_3_5__f_clk/A (sky130_fd_sc_hd__clkbuf_16)
                  0.05    0.17    0.48 ^ clkbuf_3_5__f_clk/X (sky130_fd_sc_hd__clkbuf_16)
    10    0.03                           clknet_3_5__leaf_clk (net)
                  0.05    0.00    0.48 ^ _539_/CLK (sky130_fd_sc_hd__dfrtp_1)
                          0.25    0.73   clock uncertainty
                          0.00    0.73   clock reconvergence pessimism
                          0.35    1.08   library removal time
                                  1.08   data required time
-----------------------------------------------------------------------------
                                  1.08   data required time
                                 -2.42   data arrival time
-----------------------------------------------------------------------------
                                  1.34   slack (MET)


Startpoint: rst_n (input port clocked by clk)
Endpoint: _525_ (removal check against rising-edge clock clk)
Path Group: asynchronous
Path Type: min

Fanout     Cap    Slew   Delay    Time   Description
-----------------------------------------------------------------------------
                          0.00    0.00   clock clk (rise edge)
                          0.00    0.00   clock network delay (propagated)
                          2.00    2.00 ^ input external delay
                  0.03    0.01    2.01 ^ rst_n (in)
     1    0.00                           rst_n (net)
                  0.03    0.00    2.01 ^ input23/A (sky130_fd_sc_hd__clkbuf_2)
                  0.15    0.16    2.18 ^ input23/X (sky130_fd_sc_hd__clkbuf_2)
     4    0.03                           net23 (net)
                  0.15    0.00    2.18 ^ fanout35/A (sky130_fd_sc_hd__clkbuf_4)
                  0.15    0.24    2.42 ^ fanout35/X (sky130_fd_sc_hd__clkbuf_4)
     9    0.05                           net35 (net)
                  0.15    0.00    2.42 ^ _525_/RESET_B (sky130_fd_sc_hd__dfrtp_1)
                                  2.42   data arrival time

                          0.00    0.00   clock clk (rise edge)
                          0.00    0.00   clock source latency
                  0.12    0.09    0.09 ^ clk (in)
     1    0.03                           clk (net)
                  0.12    0.00    0.09 ^ clkbuf_0_clk/A (sky130_fd_sc_hd__clkbuf_16)
                  0.11    0.22    0.31 ^ clkbuf_0_clk/X (sky130_fd_sc_hd__clkbuf_16)
     8    0.09                           clknet_0_clk (net)
                  0.11    0.00    0.31 ^ clkbuf_3_5__f_clk/A (sky130_fd_sc_hd__clkbuf_16)
                  0.05    0.17    0.48 ^ clkbuf_3_5__f_clk/X (sky130_fd_sc_hd__clkbuf_16)
    10    0.03                           clknet_3_5__leaf_clk (net)
                  0.05    0.00    0.48 ^ _525_/CLK (sky130_fd_sc_hd__dfrtp_1)
                          0.25    0.73   clock uncertainty
                          0.00    0.73   clock reconvergence pessimism
                          0.35    1.08   library removal time
                                  1.08   data required time
-----------------------------------------------------------------------------
                                  1.08   data required time
                                 -2.42   data arrival time
-----------------------------------------------------------------------------
                                  1.34   slack (MET)


Startpoint: rst_n (input port clocked by clk)
Endpoint: _489_ (removal check against rising-edge clock clk)
Path Group: asynchronous
Path Type: min

Fanout     Cap    Slew   Delay    Time   Description
-----------------------------------------------------------------------------
                          0.00    0.00   clock clk (rise edge)
                          0.00    0.00   clock network delay (propagated)
                          2.00    2.00 ^ input external delay
                  0.03    0.01    2.01 ^ rst_n (in)
     1    0.00                           rst_n (net)
                  0.03    0.00    2.01 ^ input23/A (sky130_fd_sc_hd__clkbuf_2)
                  0.15    0.16    2.18 ^ input23/X (sky130_fd_sc_hd__clkbuf_2)
     4    0.03                           net23 (net)
                  0.15    0.00    2.18 ^ fanout35/A (sky130_fd_sc_hd__clkbuf_4)
                  0.15    0.24    2.42 ^ fanout35/X (sky130_fd_sc_hd__clkbuf_4)
     9    0.05                           net35 (net)
                  0.15    0.00    2.42 ^ _489_/RESET_B (sky130_fd_sc_hd__dfrtp_4)
                                  2.42   data arrival time

                          0.00    0.00   clock clk (rise edge)
                          0.00    0.00   clock source latency
                  0.12    0.09    0.09 ^ clk (in)
     1    0.03                           clk (net)
                  0.12    0.00    0.09 ^ clkbuf_0_clk/A (sky130_fd_sc_hd__clkbuf_16)
                  0.11    0.22    0.31 ^ clkbuf_0_clk/X (sky130_fd_sc_hd__clkbuf_16)
     8    0.09                           clknet_0_clk (net)
                  0.11    0.00    0.31 ^ clkbuf_3_5__f_clk/A (sky130_fd_sc_hd__clkbuf_16)
                  0.05    0.17    0.48 ^ clkbuf_3_5__f_clk/X (sky130_fd_sc_hd__clkbuf_16)
    10    0.03                           clknet_3_5__leaf_clk (net)
                  0.05    0.00    0.48 ^ _489_/CLK (sky130_fd_sc_hd__dfrtp_4)
                          0.25    0.73   clock uncertainty
                          0.00    0.73   clock reconvergence pessimism
                          0.35    1.08   library removal time
                                  1.08   data required time
-----------------------------------------------------------------------------
                                  1.08   data required time
                                 -2.42   data arrival time
-----------------------------------------------------------------------------
                                  1.34   slack (MET)


Startpoint: rst_n (input port clocked by clk)
Endpoint: _517_ (removal check against rising-edge clock clk)
Path Group: asynchronous
Path Type: min

Fanout     Cap    Slew   Delay    Time   Description
-----------------------------------------------------------------------------
                          0.00    0.00   clock clk (rise edge)
                          0.00    0.00   clock network delay (propagated)
                          2.00    2.00 ^ input external delay
                  0.03    0.01    2.01 ^ rst_n (in)
     1    0.00                           rst_n (net)
                  0.03    0.00    2.01 ^ input23/A (sky130_fd_sc_hd__clkbuf_2)
                  0.15    0.16    2.18 ^ input23/X (sky130_fd_sc_hd__clkbuf_2)
     4    0.03                           net23 (net)
                  0.15    0.00    2.18 ^ fanout35/A (sky130_fd_sc_hd__clkbuf_4)
                  0.15    0.24    2.42 ^ fanout35/X (sky130_fd_sc_hd__clkbuf_4)
     9    0.05                           net35 (net)
                  0.15    0.00    2.42 ^ _517_/RESET_B (sky130_fd_sc_hd__dfrtp_1)
                                  2.42   data arrival time

                          0.00    0.00   clock clk (rise edge)
                          0.00    0.00   clock source latency
                  0.12    0.09    0.09 ^ clk (in)
     1    0.03                           clk (net)
                  0.12    0.00    0.09 ^ clkbuf_0_clk/A (sky130_fd_sc_hd__clkbuf_16)
                  0.11    0.22    0.31 ^ clkbuf_0_clk/X (sky130_fd_sc_hd__clkbuf_16)
     8    0.09                           clknet_0_clk (net)
                  0.11    0.00    0.31 ^ clkbuf_3_5__f_clk/A (sky130_fd_sc_hd__clkbuf_16)
                  0.05    0.17    0.48 ^ clkbuf_3_5__f_clk/X (sky130_fd_sc_hd__clkbuf_16)
    10    0.03                           clknet_3_5__leaf_clk (net)
                  0.05    0.00    0.48 ^ _517_/CLK (sky130_fd_sc_hd__dfrtp_1)
                          0.25    0.73   clock uncertainty
                          0.00    0.73   clock reconvergence pessimism
                          0.35    1.08   library removal time
                                  1.08   data required time
-----------------------------------------------------------------------------
                                  1.08   data required time
                                 -2.42   data arrival time
-----------------------------------------------------------------------------
                                  1.34   slack (MET)


Startpoint: rst_n (input port clocked by clk)
Endpoint: _549_ (removal check against rising-edge clock clk)
Path Group: asynchronous
Path Type: min

Fanout     Cap    Slew   Delay    Time   Description
-----------------------------------------------------------------------------
                          0.00    0.00   clock clk (rise edge)
                          0.00    0.00   clock network delay (propagated)
                          2.00    2.00 ^ input external delay
                  0.03    0.01    2.01 ^ rst_n (in)
     1    0.00                           rst_n (net)
                  0.03    0.00    2.01 ^ input23/A (sky130_fd_sc_hd__clkbuf_2)
                  0.15    0.16    2.18 ^ input23/X (sky130_fd_sc_hd__clkbuf_2)
     4    0.03                           net23 (net)
                  0.15    0.00    2.18 ^ fanout35/A (sky130_fd_sc_hd__clkbuf_4)
                  0.15    0.24    2.42 ^ fanout35/X (sky130_fd_sc_hd__clkbuf_4)
     9    0.05                           net35 (net)
                  0.15    0.00    2.42 ^ _549_/RESET_B (sky130_fd_sc_hd__dfrtp_1)
                                  2.42   data arrival time

                          0.00    0.00   clock clk (rise edge)
                          0.00    0.00   clock source latency
                  0.12    0.09    0.09 ^ clk (in)
     1    0.03                           clk (net)
                  0.12    0.00    0.09 ^ clkbuf_0_clk/A (sky130_fd_sc_hd__clkbuf_16)
                  0.11    0.22    0.31 ^ clkbuf_0_clk/X (sky130_fd_sc_hd__clkbuf_16)
     8    0.09                           clknet_0_clk (net)
                  0.11    0.00    0.31 ^ clkbuf_3_5__f_clk/A (sky130_fd_sc_hd__clkbuf_16)
                  0.05    0.17    0.48 ^ clkbuf_3_5__f_clk/X (sky130_fd_sc_hd__clkbuf_16)
    10    0.03                           clknet_3_5__leaf_clk (net)
                  0.05    0.00    0.48 ^ _549_/CLK (sky130_fd_sc_hd__dfrtp_1)
                          0.25    0.73   clock uncertainty
                          0.00    0.73   clock reconvergence pessimism
                          0.35    1.08   library removal time
                                  1.08   data required time
-----------------------------------------------------------------------------
                                  1.08   data required time
                                 -2.42   data arrival time
-----------------------------------------------------------------------------
                                  1.34   slack (MET)


Startpoint: rst_n (input port clocked by clk)
Endpoint: _557_ (removal check against rising-edge clock clk)
Path Group: asynchronous
Path Type: min

Fanout     Cap    Slew   Delay    Time   Description
-----------------------------------------------------------------------------
                          0.00    0.00   clock clk (rise edge)
                          0.00    0.00   clock network delay (propagated)
                          2.00    2.00 ^ input external delay
                  0.03    0.01    2.01 ^ rst_n (in)
     1    0.00                           rst_n (net)
                  0.03    0.00    2.01 ^ input23/A (sky130_fd_sc_hd__clkbuf_2)
                  0.15    0.16    2.18 ^ input23/X (sky130_fd_sc_hd__clkbuf_2)
     4    0.03                           net23 (net)
                  0.15    0.00    2.18 ^ fanout35/A (sky130_fd_sc_hd__clkbuf_4)
                  0.15    0.24    2.42 ^ fanout35/X (sky130_fd_sc_hd__clkbuf_4)
     9    0.05                           net35 (net)
                  0.15    0.00    2.42 ^ _557_/RESET_B (sky130_fd_sc_hd__dfrtp_1)
                                  2.42   data arrival time

                          0.00    0.00   clock clk (rise edge)
                          0.00    0.00   clock source latency
                  0.12    0.09    0.09 ^ clk (in)
     1    0.03                           clk (net)
                  0.12    0.00    0.09 ^ clkbuf_0_clk/A (sky130_fd_sc_hd__clkbuf_16)
                  0.11    0.22    0.31 ^ clkbuf_0_clk/X (sky130_fd_sc_hd__clkbuf_16)
     8    0.09                           clknet_0_clk (net)
                  0.11    0.00    0.31 ^ clkbuf_3_5__f_clk/A (sky130_fd_sc_hd__clkbuf_16)
                  0.05    0.17    0.48 ^ clkbuf_3_5__f_clk/X (sky130_fd_sc_hd__clkbuf_16)
    10    0.03                           clknet_3_5__leaf_clk (net)
                  0.05    0.00    0.48 ^ _557_/CLK (sky130_fd_sc_hd__dfrtp_1)
                          0.25    0.73   clock uncertainty
                          0.00    0.73   clock reconvergence pessimism
                          0.35    1.08   library removal time
                                  1.08   data required time
-----------------------------------------------------------------------------
                                  1.08   data required time
                                 -2.42   data arrival time
-----------------------------------------------------------------------------
                                  1.34   slack (MET)


Startpoint: rst_n (input port clocked by clk)
Endpoint: _501_ (removal check against rising-edge clock clk)
Path Group: asynchronous
Path Type: min

Fanout     Cap    Slew   Delay    Time   Description
-----------------------------------------------------------------------------
                          0.00    0.00   clock clk (rise edge)
                          0.00    0.00   clock network delay (propagated)
                          2.00    2.00 ^ input external delay
                  0.03    0.01    2.01 ^ rst_n (in)
     1    0.00                           rst_n (net)
                  0.03    0.00    2.01 ^ input23/A (sky130_fd_sc_hd__clkbuf_2)
                  0.15    0.16    2.18 ^ input23/X (sky130_fd_sc_hd__clkbuf_2)
     4    0.03                           net23 (net)
                  0.15    0.00    2.18 ^ fanout35/A (sky130_fd_sc_hd__clkbuf_4)
                  0.15    0.24    2.42 ^ fanout35/X (sky130_fd_sc_hd__clkbuf_4)
     9    0.05                           net35 (net)
                  0.15    0.00    2.42 ^ _501_/RESET_B (sky130_fd_sc_hd__dfrtp_1)
                                  2.42   data arrival time

                          0.00    0.00   clock clk (rise edge)
                          0.00    0.00   clock source latency
                  0.12    0.09    0.09 ^ clk (in)
     1    0.03                           clk (net)
                  0.12    0.00    0.09 ^ clkbuf_0_clk/A (sky130_fd_sc_hd__clkbuf_16)
                  0.11    0.22    0.31 ^ clkbuf_0_clk/X (sky130_fd_sc_hd__clkbuf_16)
     8    0.09                           clknet_0_clk (net)
                  0.11    0.00    0.31 ^ clkbuf_3_5__f_clk/A (sky130_fd_sc_hd__clkbuf_16)
                  0.05    0.17    0.48 ^ clkbuf_3_5__f_clk/X (sky130_fd_sc_hd__clkbuf_16)
    10    0.03                           clknet_3_5__leaf_clk (net)
                  0.05    0.00    0.48 ^ _501_/CLK (sky130_fd_sc_hd__dfrtp_1)
                          0.25    0.73   clock uncertainty
                          0.00    0.73   clock reconvergence pessimism
                          0.35    1.08   library removal time
                                  1.08   data required time
-----------------------------------------------------------------------------
                                  1.08   data required time
                                 -2.42   data arrival time
-----------------------------------------------------------------------------
                                  1.34   slack (MET)


Startpoint: rst_n (input port clocked by clk)
Endpoint: _509_ (removal check against rising-edge clock clk)
Path Group: asynchronous
Path Type: min

Fanout     Cap    Slew   Delay    Time   Description
-----------------------------------------------------------------------------
                          0.00    0.00   clock clk (rise edge)
                          0.00    0.00   clock network delay (propagated)
                          2.00    2.00 ^ input external delay
                  0.03    0.01    2.01 ^ rst_n (in)
     1    0.00                           rst_n (net)
                  0.03    0.00    2.01 ^ input23/A (sky130_fd_sc_hd__clkbuf_2)
                  0.15    0.16    2.18 ^ input23/X (sky130_fd_sc_hd__clkbuf_2)
     4    0.03                           net23 (net)
                  0.15    0.00    2.18 ^ fanout35/A (sky130_fd_sc_hd__clkbuf_4)
                  0.15    0.24    2.42 ^ fanout35/X (sky130_fd_sc_hd__clkbuf_4)
     9    0.05                           net35 (net)
                  0.15    0.00    2.42 ^ _509_/RESET_B (sky130_fd_sc_hd__dfrtp_1)
                                  2.42   data arrival time

                          0.00    0.00   clock clk (rise edge)
                          0.00    0.00   clock source latency
                  0.12    0.09    0.09 ^ clk (in)
     1    0.03                           clk (net)
                  0.12    0.00    0.09 ^ clkbuf_0_clk/A (sky130_fd_sc_hd__clkbuf_16)
                  0.11    0.22    0.31 ^ clkbuf_0_clk/X (sky130_fd_sc_hd__clkbuf_16)
     8    0.09                           clknet_0_clk (net)
                  0.11    0.00    0.31 ^ clkbuf_3_4__f_clk/A (sky130_fd_sc_hd__clkbuf_16)
                  0.05    0.17    0.47 ^ clkbuf_3_4__f_clk/X (sky130_fd_sc_hd__clkbuf_16)
     9    0.03                           clknet_3_4__leaf_clk (net)
                  0.05    0.00    0.48 ^ _509_/CLK (sky130_fd_sc_hd__dfrtp_1)
                          0.25    0.73   clock uncertainty
                          0.00    0.73   clock reconvergence pessimism
                          0.35    1.08   library removal time
                                  1.08   data required time
-----------------------------------------------------------------------------
                                  1.08   data required time
                                 -2.42   data arrival time
-----------------------------------------------------------------------------
                                  1.34   slack (MET)


Startpoint: rst_n (input port clocked by clk)
Endpoint: _488_ (removal check against rising-edge clock clk)
Path Group: asynchronous
Path Type: min

Fanout     Cap    Slew   Delay    Time   Description
-----------------------------------------------------------------------------
                          0.00    0.00   clock clk (rise edge)
                          0.00    0.00   clock network delay (propagated)
                          2.00    2.00 ^ input external delay
                  0.03    0.01    2.01 ^ rst_n (in)
     1    0.00                           rst_n (net)
                  0.03    0.00    2.01 ^ input23/A (sky130_fd_sc_hd__clkbuf_2)
                  0.15    0.16    2.18 ^ input23/X (sky130_fd_sc_hd__clkbuf_2)
     4    0.03                           net23 (net)
                  0.15    0.00    2.18 ^ fanout34/A (sky130_fd_sc_hd__clkbuf_4)
                  0.16    0.24    2.42 ^ fanout34/X (sky130_fd_sc_hd__clkbuf_4)
    10    0.05                           net34 (net)
                  0.16    0.00    2.43 ^ _488_/RESET_B (sky130_fd_sc_hd__dfrtp_4)
                                  2.43   data arrival time

                          0.00    0.00   clock clk (rise edge)
                          0.00    0.00   clock source latency
                  0.12    0.09    0.09 ^ clk (in)
     1    0.03                           clk (net)
                  0.12    0.00    0.09 ^ clkbuf_0_clk/A (sky130_fd_sc_hd__clkbuf_16)
                  0.11    0.22    0.31 ^ clkbuf_0_clk/X (sky130_fd_sc_hd__clkbuf_16)
     8    0.09                           clknet_0_clk (net)
                  0.11    0.00    0.31 ^ clkbuf_3_5__f_clk/A (sky130_fd_sc_hd__clkbuf_16)
                  0.05    0.17    0.48 ^ clkbuf_3_5__f_clk/X (sky130_fd_sc_hd__clkbuf_16)
    10    0.03                           clknet_3_5__leaf_clk (net)
                  0.05    0.00    0.48 ^ _488_/CLK (sky130_fd_sc_hd__dfrtp_4)
                          0.25    0.73   clock uncertainty
                          0.00    0.73   clock reconvergence pessimism
                          0.35    1.08   library removal time
                                  1.08   data required time
-----------------------------------------------------------------------------
                                  1.08   data required time
                                 -2.43   data arrival time
-----------------------------------------------------------------------------
                                  1.35   slack (MET)


Startpoint: rst_n (input port clocked by clk)
Endpoint: _510_ (removal check against rising-edge clock clk)
Path Group: asynchronous
Path Type: min

Fanout     Cap    Slew   Delay    Time   Description
-----------------------------------------------------------------------------
                          0.00    0.00   clock clk (rise edge)
                          0.00    0.00   clock network delay (propagated)
                          2.00    2.00 ^ input external delay
                  0.03    0.01    2.01 ^ rst_n (in)
     1    0.00                           rst_n (net)
                  0.03    0.00    2.01 ^ input23/A (sky130_fd_sc_hd__clkbuf_2)
                  0.15    0.16    2.18 ^ input23/X (sky130_fd_sc_hd__clkbuf_2)
     4    0.03                           net23 (net)
                  0.15    0.00    2.18 ^ fanout34/A (sky130_fd_sc_hd__clkbuf_4)
                  0.16    0.24    2.42 ^ fanout34/X (sky130_fd_sc_hd__clkbuf_4)
    10    0.05                           net34 (net)
                  0.16    0.00    2.43 ^ _510_/RESET_B (sky130_fd_sc_hd__dfrtp_1)
                                  2.43   data arrival time

                          0.00    0.00   clock clk (rise edge)
                          0.00    0.00   clock source latency
                  0.12    0.09    0.09 ^ clk (in)
     1    0.03                           clk (net)
                  0.12    0.00    0.09 ^ clkbuf_0_clk/A (sky130_fd_sc_hd__clkbuf_16)
                  0.11    0.22    0.31 ^ clkbuf_0_clk/X (sky130_fd_sc_hd__clkbuf_16)
     8    0.09                           clknet_0_clk (net)
                  0.11    0.00    0.31 ^ clkbuf_3_5__f_clk/A (sky130_fd_sc_hd__clkbuf_16)
                  0.05    0.17    0.48 ^ clkbuf_3_5__f_clk/X (sky130_fd_sc_hd__clkbuf_16)
    10    0.03                           clknet_3_5__leaf_clk (net)
                  0.05    0.00    0.48 ^ _510_/CLK (sky130_fd_sc_hd__dfrtp_1)
                          0.25    0.73   clock uncertainty
                          0.00    0.73   clock reconvergence pessimism
                          0.35    1.08   library removal time
                                  1.08   data required time
-----------------------------------------------------------------------------
                                  1.08   data required time
                                 -2.43   data arrival time
-----------------------------------------------------------------------------
                                  1.35   slack (MET)


Startpoint: rst_n (input port clocked by clk)
Endpoint: _541_ (removal check against rising-edge clock clk)
Path Group: asynchronous
Path Type: min

Fanout     Cap    Slew   Delay    Time   Description
-----------------------------------------------------------------------------
                          0.00    0.00   clock clk (rise edge)
                          0.00    0.00   clock network delay (propagated)
                          2.00    2.00 ^ input external delay
                  0.03    0.01    2.01 ^ rst_n (in)
     1    0.00                           rst_n (net)
                  0.03    0.00    2.01 ^ input23/A (sky130_fd_sc_hd__clkbuf_2)
                  0.15    0.16    2.18 ^ input23/X (sky130_fd_sc_hd__clkbuf_2)
     4    0.03                           net23 (net)
                  0.15    0.00    2.18 ^ fanout34/A (sky130_fd_sc_hd__clkbuf_4)
                  0.16    0.24    2.42 ^ fanout34/X (sky130_fd_sc_hd__clkbuf_4)
    10    0.05                           net34 (net)
                  0.16    0.00    2.42 ^ _541_/RESET_B (sky130_fd_sc_hd__dfrtp_1)
                                  2.42   data arrival time

                          0.00    0.00   clock clk (rise edge)
                          0.00    0.00   clock source latency
                  0.12    0.09    0.09 ^ clk (in)
     1    0.03                           clk (net)
                  0.12    0.00    0.09 ^ clkbuf_0_clk/A (sky130_fd_sc_hd__clkbuf_16)
                  0.11    0.22    0.31 ^ clkbuf_0_clk/X (sky130_fd_sc_hd__clkbuf_16)
     8    0.09                           clknet_0_clk (net)
                  0.11    0.00    0.31 ^ clkbuf_3_4__f_clk/A (sky130_fd_sc_hd__clkbuf_16)
                  0.05    0.17    0.47 ^ clkbuf_3_4__f_clk/X (sky130_fd_sc_hd__clkbuf_16)
     9    0.03                           clknet_3_4__leaf_clk (net)
                  0.05    0.00    0.48 ^ _541_/CLK (sky130_fd_sc_hd__dfrtp_1)
                          0.25    0.73   clock uncertainty
                          0.00    0.73   clock reconvergence pessimism
                          0.35    1.08   library removal time
                                  1.08   data required time
-----------------------------------------------------------------------------
                                  1.08   data required time
                                 -2.42   data arrival time
-----------------------------------------------------------------------------
                                  1.35   slack (MET)


Startpoint: rst_n (input port clocked by clk)
Endpoint: _533_ (removal check against rising-edge clock clk)
Path Group: asynchronous
Path Type: min

Fanout     Cap    Slew   Delay    Time   Description
-----------------------------------------------------------------------------
                          0.00    0.00   clock clk (rise edge)
                          0.00    0.00   clock network delay (propagated)
                          2.00    2.00 ^ input external delay
                  0.03    0.01    2.01 ^ rst_n (in)
     1    0.00                           rst_n (net)
                  0.03    0.00    2.01 ^ input23/A (sky130_fd_sc_hd__clkbuf_2)
                  0.15    0.16    2.18 ^ input23/X (sky130_fd_sc_hd__clkbuf_2)
     4    0.03                           net23 (net)
                  0.15    0.00    2.18 ^ fanout34/A (sky130_fd_sc_hd__clkbuf_4)
                  0.16    0.24    2.42 ^ fanout34/X (sky130_fd_sc_hd__clkbuf_4)
    10    0.05                           net34 (net)
                  0.16    0.00    2.42 ^ _533_/RESET_B (sky130_fd_sc_hd__dfrtp_1)
                                  2.42   data arrival time

                          0.00    0.00   clock clk (rise edge)
                          0.00    0.00   clock source latency
                  0.12    0.09    0.09 ^ clk (in)
     1    0.03                           clk (net)
                  0.12    0.00    0.09 ^ clkbuf_0_clk/A (sky130_fd_sc_hd__clkbuf_16)
                  0.11    0.22    0.31 ^ clkbuf_0_clk/X (sky130_fd_sc_hd__clkbuf_16)
     8    0.09                           clknet_0_clk (net)
                  0.11    0.00    0.31 ^ clkbuf_3_4__f_clk/A (sky130_fd_sc_hd__clkbuf_16)
                  0.05    0.17    0.47 ^ clkbuf_3_4__f_clk/X (sky130_fd_sc_hd__clkbuf_16)
     9    0.03                           clknet_3_4__leaf_clk (net)
                  0.05    0.00    0.48 ^ _533_/CLK (sky130_fd_sc_hd__dfrtp_1)
                          0.25    0.73   clock uncertainty
                          0.00    0.73   clock reconvergence pessimism
                          0.35    1.08   library removal time
                                  1.08   data required time
-----------------------------------------------------------------------------
                                  1.08   data required time
                                 -2.42   data arrival time
-----------------------------------------------------------------------------
                                  1.35   slack (MET)


Startpoint: rst_n (input port clocked by clk)
Endpoint: _546_ (removal check against rising-edge clock clk)
Path Group: asynchronous
Path Type: min

Fanout     Cap    Slew   Delay    Time   Description
-----------------------------------------------------------------------------
                          0.00    0.00   clock clk (rise edge)
                          0.00    0.00   clock network delay (propagated)
                          2.00    2.00 ^ input external delay
                  0.03    0.01    2.01 ^ rst_n (in)
     1    0.00                           rst_n (net)
                  0.03    0.00    2.01 ^ input23/A (sky130_fd_sc_hd__clkbuf_2)
                  0.15    0.16    2.18 ^ input23/X (sky130_fd_sc_hd__clkbuf_2)
     4    0.03                           net23 (net)
                  0.15    0.00    2.18 ^ fanout34/A (sky130_fd_sc_hd__clkbuf_4)
                  0.16    0.24    2.42 ^ fanout34/X (sky130_fd_sc_hd__clkbuf_4)
    10    0.05                           net34 (net)
                  0.16    0.00    2.43 ^ _546_/RESET_B (sky130_fd_sc_hd__dfrtp_1)
                                  2.43   data arrival time

                          0.00    0.00   clock clk (rise edge)
                          0.00    0.00   clock source latency
                  0.12    0.09    0.09 ^ clk (in)
     1    0.03                           clk (net)
                  0.12    0.00    0.09 ^ clkbuf_0_clk/A (sky130_fd_sc_hd__clkbuf_16)
                  0.11    0.22    0.31 ^ clkbuf_0_clk/X (sky130_fd_sc_hd__clkbuf_16)
     8    0.09                           clknet_0_clk (net)
                  0.11    0.00    0.31 ^ clkbuf_3_4__f_clk/A (sky130_fd_sc_hd__clkbuf_16)
                  0.05    0.17    0.47 ^ clkbuf_3_4__f_clk/X (sky130_fd_sc_hd__clkbuf_16)
     9    0.03                           clknet_3_4__leaf_clk (net)
                  0.05    0.00    0.48 ^ _546_/CLK (sky130_fd_sc_hd__dfrtp_1)
                          0.25    0.73   clock uncertainty
                          0.00    0.73   clock reconvergence pessimism
                          0.35    1.08   library removal time
                                  1.08   data required time
-----------------------------------------------------------------------------
                                  1.08   data required time
                                 -2.43   data arrival time
-----------------------------------------------------------------------------
                                  1.35   slack (MET)


Startpoint: rst_n (input port clocked by clk)
Endpoint: _562_ (removal check against rising-edge clock clk)
Path Group: asynchronous
Path Type: min

Fanout     Cap    Slew   Delay    Time   Description
-----------------------------------------------------------------------------
                          0.00    0.00   clock clk (rise edge)
                          0.00    0.00   clock network delay (propagated)
                          2.00    2.00 ^ input external delay
                  0.03    0.01    2.01 ^ rst_n (in)
     1    0.00                           rst_n (net)
                  0.03    0.00    2.01 ^ input23/A (sky130_fd_sc_hd__clkbuf_2)
                  0.15    0.16    2.18 ^ input23/X (sky130_fd_sc_hd__clkbuf_2)
     4    0.03                           net23 (net)
                  0.15    0.00    2.18 ^ fanout34/A (sky130_fd_sc_hd__clkbuf_4)
                  0.16    0.24    2.42 ^ fanout34/X (sky130_fd_sc_hd__clkbuf_4)
    10    0.05                           net34 (net)
                  0.16    0.00    2.43 ^ _562_/RESET_B (sky130_fd_sc_hd__dfrtp_1)
                                  2.43   data arrival time

                          0.00    0.00   clock clk (rise edge)
                          0.00    0.00   clock source latency
                  0.12    0.09    0.09 ^ clk (in)
     1    0.03                           clk (net)
                  0.12    0.00    0.09 ^ clkbuf_0_clk/A (sky130_fd_sc_hd__clkbuf_16)
                  0.11    0.22    0.31 ^ clkbuf_0_clk/X (sky130_fd_sc_hd__clkbuf_16)
     8    0.09                           clknet_0_clk (net)
                  0.11    0.00    0.31 ^ clkbuf_3_4__f_clk/A (sky130_fd_sc_hd__clkbuf_16)
                  0.05    0.17    0.47 ^ clkbuf_3_4__f_clk/X (sky130_fd_sc_hd__clkbuf_16)
     9    0.03                           clknet_3_4__leaf_clk (net)
                  0.05    0.00    0.48 ^ _562_/CLK (sky130_fd_sc_hd__dfrtp_1)
                          0.25    0.73   clock uncertainty
                          0.00    0.73   clock reconvergence pessimism
                          0.35    1.08   library removal time
                                  1.08   data required time
-----------------------------------------------------------------------------
                                  1.08   data required time
                                 -2.43   data arrival time
-----------------------------------------------------------------------------
                                  1.35   slack (MET)


Startpoint: rst_n (input port clocked by clk)
Endpoint: _554_ (removal check against rising-edge clock clk)
Path Group: asynchronous
Path Type: min

Fanout     Cap    Slew   Delay    Time   Description
-----------------------------------------------------------------------------
                          0.00    0.00   clock clk (rise edge)
                          0.00    0.00   clock network delay (propagated)
                          2.00    2.00 ^ input external delay
                  0.03    0.01    2.01 ^ rst_n (in)
     1    0.00                           rst_n (net)
                  0.03    0.00    2.01 ^ input23/A (sky130_fd_sc_hd__clkbuf_2)
                  0.15    0.16    2.18 ^ input23/X (sky130_fd_sc_hd__clkbuf_2)
     4    0.03                           net23 (net)
                  0.15    0.00    2.18 ^ fanout34/A (sky130_fd_sc_hd__clkbuf_4)
                  0.16    0.24    2.42 ^ fanout34/X (sky130_fd_sc_hd__clkbuf_4)
    10    0.05                           net34 (net)
                  0.16    0.00    2.43 ^ _554_/RESET_B (sky130_fd_sc_hd__dfrtp_1)
                                  2.43   data arrival time

                          0.00    0.00   clock clk (rise edge)
                          0.00    0.00   clock source latency
                  0.12    0.09    0.09 ^ clk (in)
     1    0.03                           clk (net)
                  0.12    0.00    0.09 ^ clkbuf_0_clk/A (sky130_fd_sc_hd__clkbuf_16)
                  0.11    0.22    0.31 ^ clkbuf_0_clk/X (sky130_fd_sc_hd__clkbuf_16)
     8    0.09                           clknet_0_clk (net)
                  0.11    0.00    0.31 ^ clkbuf_3_4__f_clk/A (sky130_fd_sc_hd__clkbuf_16)
                  0.05    0.17    0.47 ^ clkbuf_3_4__f_clk/X (sky130_fd_sc_hd__clkbuf_16)
     9    0.03                           clknet_3_4__leaf_clk (net)
                  0.05    0.00    0.48 ^ _554_/CLK (sky130_fd_sc_hd__dfrtp_1)
                          0.25    0.73   clock uncertainty
                          0.00    0.73   clock reconvergence pessimism
                          0.35    1.08   library removal time
                                  1.08   data required time
-----------------------------------------------------------------------------
                                  1.08   data required time
                                 -2.43   data arrival time
-----------------------------------------------------------------------------
                                  1.35   slack (MET)


Startpoint: rst_n (input port clocked by clk)
Endpoint: _514_ (removal check against rising-edge clock clk)
Path Group: asynchronous
Path Type: min

Fanout     Cap    Slew   Delay    Time   Description
-----------------------------------------------------------------------------
                          0.00    0.00   clock clk (rise edge)
                          0.00    0.00   clock network delay (propagated)
                          2.00    2.00 ^ input external delay
                  0.03    0.01    2.01 ^ rst_n (in)
     1    0.00                           rst_n (net)
                  0.03    0.00    2.01 ^ input23/A (sky130_fd_sc_hd__clkbuf_2)
                  0.15    0.16    2.18 ^ input23/X (sky130_fd_sc_hd__clkbuf_2)
     4    0.03                           net23 (net)
                  0.15    0.00    2.18 ^ fanout34/A (sky130_fd_sc_hd__clkbuf_4)
                  0.16    0.24    2.42 ^ fanout34/X (sky130_fd_sc_hd__clkbuf_4)
    10    0.05                           net34 (net)
                  0.16    0.00    2.43 ^ _514_/RESET_B (sky130_fd_sc_hd__dfrtp_1)
                                  2.43   data arrival time

                          0.00    0.00   clock clk (rise edge)
                          0.00    0.00   clock source latency
                  0.12    0.09    0.09 ^ clk (in)
     1    0.03                           clk (net)
                  0.12    0.00    0.09 ^ clkbuf_0_clk/A (sky130_fd_sc_hd__clkbuf_16)
                  0.11    0.22    0.31 ^ clkbuf_0_clk/X (sky130_fd_sc_hd__clkbuf_16)
     8    0.09                           clknet_0_clk (net)
                  0.11    0.00    0.31 ^ clkbuf_3_4__f_clk/A (sky130_fd_sc_hd__clkbuf_16)
                  0.05    0.17    0.47 ^ clkbuf_3_4__f_clk/X (sky130_fd_sc_hd__clkbuf_16)
     9    0.03                           clknet_3_4__leaf_clk (net)
                  0.05    0.00    0.48 ^ _514_/CLK (sky130_fd_sc_hd__dfrtp_1)
                          0.25    0.73   clock uncertainty
                          0.00    0.73   clock reconvergence pessimism
                          0.35    1.08   library removal time
                                  1.08   data required time
-----------------------------------------------------------------------------
                                  1.08   data required time
                                 -2.43   data arrival time
-----------------------------------------------------------------------------
                                  1.35   slack (MET)


Startpoint: rst_n (input port clocked by clk)
Endpoint: _538_ (removal check against rising-edge clock clk)
Path Group: asynchronous
Path Type: min

Fanout     Cap    Slew   Delay    Time   Description
-----------------------------------------------------------------------------
                          0.00    0.00   clock clk (rise edge)
                          0.00    0.00   clock network delay (propagated)
                          2.00    2.00 ^ input external delay
                  0.03    0.01    2.01 ^ rst_n (in)
     1    0.00                           rst_n (net)
                  0.03    0.00    2.01 ^ input23/A (sky130_fd_sc_hd__clkbuf_2)
                  0.15    0.16    2.18 ^ input23/X (sky130_fd_sc_hd__clkbuf_2)
     4    0.03                           net23 (net)
                  0.15    0.00    2.18 ^ fanout34/A (sky130_fd_sc_hd__clkbuf_4)
                  0.16    0.24    2.42 ^ fanout34/X (sky130_fd_sc_hd__clkbuf_4)
    10    0.05                           net34 (net)
                  0.16    0.00    2.43 ^ _538_/RESET_B (sky130_fd_sc_hd__dfrtp_1)
                                  2.43   data arrival time

                          0.00    0.00   clock clk (rise edge)
                          0.00    0.00   clock source latency
                  0.12    0.09    0.09 ^ clk (in)
     1    0.03                           clk (net)
                  0.12    0.00    0.09 ^ clkbuf_0_clk/A (sky130_fd_sc_hd__clkbuf_16)
                  0.11    0.22    0.31 ^ clkbuf_0_clk/X (sky130_fd_sc_hd__clkbuf_16)
     8    0.09                           clknet_0_clk (net)
                  0.11    0.00    0.31 ^ clkbuf_3_4__f_clk/A (sky130_fd_sc_hd__clkbuf_16)
                  0.05    0.17    0.47 ^ clkbuf_3_4__f_clk/X (sky130_fd_sc_hd__clkbuf_16)
     9    0.03                           clknet_3_4__leaf_clk (net)
                  0.05    0.00    0.48 ^ _538_/CLK (sky130_fd_sc_hd__dfrtp_1)
                          0.25    0.73   clock uncertainty
                          0.00    0.73   clock reconvergence pessimism
                          0.35    1.08   library removal time
                                  1.08   data required time
-----------------------------------------------------------------------------
                                  1.08   data required time
                                 -2.43   data arrival time
-----------------------------------------------------------------------------
                                  1.35   slack (MET)


Startpoint: rst_n (input port clocked by clk)
Endpoint: _494_ (removal check against rising-edge clock clk)
Path Group: asynchronous
Path Type: min

Fanout     Cap    Slew   Delay    Time   Description
-----------------------------------------------------------------------------
                          0.00    0.00   clock clk (rise edge)
                          0.00    0.00   clock network delay (propagated)
                          2.00    2.00 ^ input external delay
                  0.03    0.01    2.01 ^ rst_n (in)
     1    0.00                           rst_n (net)
                  0.03    0.00    2.01 ^ input23/A (sky130_fd_sc_hd__clkbuf_2)
                  0.15    0.16    2.18 ^ input23/X (sky130_fd_sc_hd__clkbuf_2)
     4    0.03                           net23 (net)
                  0.15    0.00    2.18 ^ fanout34/A (sky130_fd_sc_hd__clkbuf_4)
                  0.16    0.24    2.42 ^ fanout34/X (sky130_fd_sc_hd__clkbuf_4)
    10    0.05                           net34 (net)
                  0.16    0.00    2.43 ^ _494_/RESET_B (sky130_fd_sc_hd__dfrtp_4)
                                  2.43   data arrival time

                          0.00    0.00   clock clk (rise edge)
                          0.00    0.00   clock source latency
                  0.12    0.09    0.09 ^ clk (in)
     1    0.03                           clk (net)
                  0.12    0.00    0.09 ^ clkbuf_0_clk/A (sky130_fd_sc_hd__clkbuf_16)
                  0.11    0.22    0.31 ^ clkbuf_0_clk/X (sky130_fd_sc_hd__clkbuf_16)
     8    0.09                           clknet_0_clk (net)
                  0.11    0.00    0.31 ^ clkbuf_3_4__f_clk/A (sky130_fd_sc_hd__clkbuf_16)
                  0.05    0.17    0.47 ^ clkbuf_3_4__f_clk/X (sky130_fd_sc_hd__clkbuf_16)
     9    0.03                           clknet_3_4__leaf_clk (net)
                  0.05    0.00    0.48 ^ _494_/CLK (sky130_fd_sc_hd__dfrtp_4)
                          0.25    0.73   clock uncertainty
                          0.00    0.73   clock reconvergence pessimism
                          0.35    1.08   library removal time
                                  1.08   data required time
-----------------------------------------------------------------------------
                                  1.08   data required time
                                 -2.43   data arrival time
-----------------------------------------------------------------------------
                                  1.35   slack (MET)


Startpoint: rst_n (input port clocked by clk)
Endpoint: _558_ (removal check against rising-edge clock clk)
Path Group: asynchronous
Path Type: min

Fanout     Cap    Slew   Delay    Time   Description
-----------------------------------------------------------------------------
                          0.00    0.00   clock clk (rise edge)
                          0.00    0.00   clock network delay (propagated)
                          2.00    2.00 ^ input external delay
                  0.03    0.01    2.01 ^ rst_n (in)
     1    0.00                           rst_n (net)
                  0.03    0.00    2.01 ^ input23/A (sky130_fd_sc_hd__clkbuf_2)
                  0.15    0.16    2.18 ^ input23/X (sky130_fd_sc_hd__clkbuf_2)
     4    0.03                           net23 (net)
                  0.15    0.00    2.18 ^ fanout37/A (sky130_fd_sc_hd__clkbuf_4)
                  0.17    0.25    2.43 ^ fanout37/X (sky130_fd_sc_hd__clkbuf_4)
    10    0.06                           net37 (net)
                  0.17    0.00    2.44 ^ _558_/RESET_B (sky130_fd_sc_hd__dfrtp_1)
                                  2.44   data arrival time

                          0.00    0.00   clock clk (rise edge)
                          0.00    0.00   clock source latency
                  0.12    0.09    0.09 ^ clk (in)
     1    0.03                           clk (net)
                  0.12    0.00    0.09 ^ clkbuf_0_clk/A (sky130_fd_sc_hd__clkbuf_16)
                  0.11    0.22    0.31 ^ clkbuf_0_clk/X (sky130_fd_sc_hd__clkbuf_16)
     8    0.09                           clknet_0_clk (net)
                  0.11    0.00    0.31 ^ clkbuf_3_7__f_clk/A (sky130_fd_sc_hd__clkbuf_16)
                  0.06    0.17    0.48 ^ clkbuf_3_7__f_clk/X (sky130_fd_sc_hd__clkbuf_16)
    11    0.04                           clknet_3_7__leaf_clk (net)
                  0.06    0.00    0.48 ^ _558_/CLK (sky130_fd_sc_hd__dfrtp_1)
                          0.25    0.73   clock uncertainty
                          0.00    0.73   clock reconvergence pessimism
                          0.36    1.09   library removal time
                                  1.09   data required time
-----------------------------------------------------------------------------
                                  1.09   data required time
                                 -2.44   data arrival time
-----------------------------------------------------------------------------
                                  1.35   slack (MET)


Startpoint: rst_n (input port clocked by clk)
Endpoint: _502_ (removal check against rising-edge clock clk)
Path Group: asynchronous
Path Type: min

Fanout     Cap    Slew   Delay    Time   Description
-----------------------------------------------------------------------------
                          0.00    0.00   clock clk (rise edge)
                          0.00    0.00   clock network delay (propagated)
                          2.00    2.00 ^ input external delay
                  0.03    0.01    2.01 ^ rst_n (in)
     1    0.00                           rst_n (net)
                  0.03    0.00    2.01 ^ input23/A (sky130_fd_sc_hd__clkbuf_2)
                  0.15    0.16    2.18 ^ input23/X (sky130_fd_sc_hd__clkbuf_2)
     4    0.03                           net23 (net)
                  0.15    0.00    2.18 ^ fanout37/A (sky130_fd_sc_hd__clkbuf_4)
                  0.17    0.25    2.43 ^ fanout37/X (sky130_fd_sc_hd__clkbuf_4)
    10    0.06                           net37 (net)
                  0.17    0.00    2.44 ^ _502_/RESET_B (sky130_fd_sc_hd__dfrtp_1)
                                  2.44   data arrival time

                          0.00    0.00   clock clk (rise edge)
                          0.00    0.00   clock source latency
                  0.12    0.09    0.09 ^ clk (in)
     1    0.03                           clk (net)
                  0.12    0.00    0.09 ^ clkbuf_0_clk/A (sky130_fd_sc_hd__clkbuf_16)
                  0.11    0.22    0.31 ^ clkbuf_0_clk/X (sky130_fd_sc_hd__clkbuf_16)
     8    0.09                           clknet_0_clk (net)
                  0.11    0.00    0.31 ^ clkbuf_3_6__f_clk/A (sky130_fd_sc_hd__clkbuf_16)
                  0.05    0.17    0.48 ^ clkbuf_3_6__f_clk/X (sky130_fd_sc_hd__clkbuf_16)
     9    0.03                           clknet_3_6__leaf_clk (net)
                  0.05    0.00    0.48 ^ _502_/CLK (sky130_fd_sc_hd__dfrtp_1)
                          0.25    0.73   clock uncertainty
                          0.00    0.73   clock reconvergence pessimism
                          0.36    1.09   library removal time
                                  1.09   data required time
-----------------------------------------------------------------------------
                                  1.09   data required time
                                 -2.44   data arrival time
-----------------------------------------------------------------------------
                                  1.35   slack (MET)


Startpoint: rst_n (input port clocked by clk)
Endpoint: _491_ (removal check against rising-edge clock clk)
Path Group: asynchronous
Path Type: min

Fanout     Cap    Slew   Delay    Time   Description
-----------------------------------------------------------------------------
                          0.00    0.00   clock clk (rise edge)
                          0.00    0.00   clock network delay (propagated)
                          2.00    2.00 ^ input external delay
                  0.03    0.01    2.01 ^ rst_n (in)
     1    0.00                           rst_n (net)
                  0.03    0.00    2.01 ^ input23/A (sky130_fd_sc_hd__clkbuf_2)
                  0.15    0.16    2.18 ^ input23/X (sky130_fd_sc_hd__clkbuf_2)
     4    0.03                           net23 (net)
                  0.15    0.00    2.18 ^ fanout37/A (sky130_fd_sc_hd__clkbuf_4)
                  0.17    0.25    2.43 ^ fanout37/X (sky130_fd_sc_hd__clkbuf_4)
    10    0.06                           net37 (net)
                  0.17    0.00    2.44 ^ _491_/RESET_B (sky130_fd_sc_hd__dfrtp_4)
                                  2.44   data arrival time

                          0.00    0.00   clock clk (rise edge)
                          0.00    0.00   clock source latency
                  0.12    0.09    0.09 ^ clk (in)
     1    0.03                           clk (net)
                  0.12    0.00    0.09 ^ clkbuf_0_clk/A (sky130_fd_sc_hd__clkbuf_16)
                  0.11    0.22    0.31 ^ clkbuf_0_clk/X (sky130_fd_sc_hd__clkbuf_16)
     8    0.09                           clknet_0_clk (net)
                  0.11    0.00    0.31 ^ clkbuf_3_6__f_clk/A (sky130_fd_sc_hd__clkbuf_16)
                  0.05    0.17    0.48 ^ clkbuf_3_6__f_clk/X (sky130_fd_sc_hd__clkbuf_16)
     9    0.03                           clknet_3_6__leaf_clk (net)
                  0.05    0.00    0.48 ^ _491_/CLK (sky130_fd_sc_hd__dfrtp_4)
                          0.25    0.73   clock uncertainty
                          0.00    0.73   clock reconvergence pessimism
                          0.36    1.09   library removal time
                                  1.09   data required time
-----------------------------------------------------------------------------
                                  1.09   data required time
                                 -2.44   data arrival time
-----------------------------------------------------------------------------
                                  1.35   slack (MET)


Startpoint: rst_n (input port clocked by clk)
Endpoint: _534_ (removal check against rising-edge clock clk)
Path Group: asynchronous
Path Type: min

Fanout     Cap    Slew   Delay    Time   Description
-----------------------------------------------------------------------------
                          0.00    0.00   clock clk (rise edge)
                          0.00    0.00   clock network delay (propagated)
                          2.00    2.00 ^ input external delay
                  0.03    0.01    2.01 ^ rst_n (in)
     1    0.00                           rst_n (net)
                  0.03    0.00    2.01 ^ input23/A (sky130_fd_sc_hd__clkbuf_2)
                  0.15    0.16    2.18 ^ input23/X (sky130_fd_sc_hd__clkbuf_2)
     4    0.03                           net23 (net)
                  0.15    0.00    2.18 ^ fanout37/A (sky130_fd_sc_hd__clkbuf_4)
                  0.17    0.25    2.43 ^ fanout37/X (sky130_fd_sc_hd__clkbuf_4)
    10    0.06                           net37 (net)
                  0.17    0.00    2.44 ^ _534_/RESET_B (sky130_fd_sc_hd__dfrtp_1)
                                  2.44   data arrival time

                          0.00    0.00   clock clk (rise edge)
                          0.00    0.00   clock source latency
                  0.12    0.09    0.09 ^ clk (in)
     1    0.03                           clk (net)
                  0.12    0.00    0.09 ^ clkbuf_0_clk/A (sky130_fd_sc_hd__clkbuf_16)
                  0.11    0.22    0.31 ^ clkbuf_0_clk/X (sky130_fd_sc_hd__clkbuf_16)
     8    0.09                           clknet_0_clk (net)
                  0.11    0.00    0.31 ^ clkbuf_3_6__f_clk/A (sky130_fd_sc_hd__clkbuf_16)
                  0.05    0.17    0.48 ^ clkbuf_3_6__f_clk/X (sky130_fd_sc_hd__clkbuf_16)
     9    0.03                           clknet_3_6__leaf_clk (net)
                  0.05    0.00    0.48 ^ _534_/CLK (sky130_fd_sc_hd__dfrtp_1)
                          0.25    0.73   clock uncertainty
                          0.00    0.73   clock reconvergence pessimism
                          0.36    1.09   library removal time
                                  1.09   data required time
-----------------------------------------------------------------------------
                                  1.09   data required time
                                 -2.44   data arrival time
-----------------------------------------------------------------------------
                                  1.35   slack (MET)


Startpoint: rst_n (input port clocked by clk)
Endpoint: _542_ (removal check against rising-edge clock clk)
Path Group: asynchronous
Path Type: min

Fanout     Cap    Slew   Delay    Time   Description
-----------------------------------------------------------------------------
                          0.00    0.00   clock clk (rise edge)
                          0.00    0.00   clock network delay (propagated)
                          2.00    2.00 ^ input external delay
                  0.03    0.01    2.01 ^ rst_n (in)
     1    0.00                           rst_n (net)
                  0.03    0.00    2.01 ^ input23/A (sky130_fd_sc_hd__clkbuf_2)
                  0.15    0.16    2.18 ^ input23/X (sky130_fd_sc_hd__clkbuf_2)
     4    0.03                           net23 (net)
                  0.15    0.00    2.18 ^ fanout37/A (sky130_fd_sc_hd__clkbuf_4)
                  0.17    0.25    2.43 ^ fanout37/X (sky130_fd_sc_hd__clkbuf_4)
    10    0.06                           net37 (net)
                  0.17    0.00    2.44 ^ _542_/RESET_B (sky130_fd_sc_hd__dfrtp_1)
                                  2.44   data arrival time

                          0.00    0.00   clock clk (rise edge)
                          0.00    0.00   clock source latency
                  0.12    0.09    0.09 ^ clk (in)
     1    0.03                           clk (net)
                  0.12    0.00    0.09 ^ clkbuf_0_clk/A (sky130_fd_sc_hd__clkbuf_16)
                  0.11    0.22    0.31 ^ clkbuf_0_clk/X (sky130_fd_sc_hd__clkbuf_16)
     8    0.09                           clknet_0_clk (net)
                  0.11    0.00    0.31 ^ clkbuf_3_6__f_clk/A (sky130_fd_sc_hd__clkbuf_16)
                  0.05    0.17    0.48 ^ clkbuf_3_6__f_clk/X (sky130_fd_sc_hd__clkbuf_16)
     9    0.03                           clknet_3_6__leaf_clk (net)
                  0.05    0.00    0.48 ^ _542_/CLK (sky130_fd_sc_hd__dfrtp_1)
                          0.25    0.73   clock uncertainty
                          0.00    0.73   clock reconvergence pessimism
                          0.36    1.09   library removal time
                                  1.09   data required time
-----------------------------------------------------------------------------
                                  1.09   data required time
                                 -2.44   data arrival time
-----------------------------------------------------------------------------
                                  1.35   slack (MET)


Startpoint: rst_n (input port clocked by clk)
Endpoint: _553_ (removal check against rising-edge clock clk)
Path Group: asynchronous
Path Type: min

Fanout     Cap    Slew   Delay    Time   Description
-----------------------------------------------------------------------------
                          0.00    0.00   clock clk (rise edge)
                          0.00    0.00   clock network delay (propagated)
                          2.00    2.00 ^ input external delay
                  0.03    0.01    2.01 ^ rst_n (in)
     1    0.00                           rst_n (net)
                  0.03    0.00    2.01 ^ input23/A (sky130_fd_sc_hd__clkbuf_2)
                  0.15    0.16    2.18 ^ input23/X (sky130_fd_sc_hd__clkbuf_2)
     4    0.03                           net23 (net)
                  0.15    0.00    2.18 ^ fanout37/A (sky130_fd_sc_hd__clkbuf_4)
                  0.17    0.25    2.43 ^ fanout37/X (sky130_fd_sc_hd__clkbuf_4)
    10    0.06                           net37 (net)
                  0.17    0.00    2.44 ^ _553_/RESET_B (sky130_fd_sc_hd__dfrtp_1)
                                  2.44   data arrival time

                          0.00    0.00   clock clk (rise edge)
                          0.00    0.00   clock source latency
                  0.12    0.09    0.09 ^ clk (in)
     1    0.03                           clk (net)
                  0.12    0.00    0.09 ^ clkbuf_0_clk/A (sky130_fd_sc_hd__clkbuf_16)
                  0.11    0.22    0.31 ^ clkbuf_0_clk/X (sky130_fd_sc_hd__clkbuf_16)
     8    0.09                           clknet_0_clk (net)
                  0.11    0.00    0.31 ^ clkbuf_3_6__f_clk/A (sky130_fd_sc_hd__clkbuf_16)
                  0.05    0.17    0.48 ^ clkbuf_3_6__f_clk/X (sky130_fd_sc_hd__clkbuf_16)
     9    0.03                           clknet_3_6__leaf_clk (net)
                  0.05    0.00    0.48 ^ _553_/CLK (sky130_fd_sc_hd__dfrtp_1)
                          0.25    0.73   clock uncertainty
                          0.00    0.73   clock reconvergence pessimism
                          0.36    1.09   library removal time
                                  1.09   data required time
-----------------------------------------------------------------------------
                                  1.09   data required time
                                 -2.44   data arrival time
-----------------------------------------------------------------------------
                                  1.35   slack (MET)


Startpoint: rst_n (input port clocked by clk)
Endpoint: _545_ (removal check against rising-edge clock clk)
Path Group: asynchronous
Path Type: min

Fanout     Cap    Slew   Delay    Time   Description
-----------------------------------------------------------------------------
                          0.00    0.00   clock clk (rise edge)
                          0.00    0.00   clock network delay (propagated)
                          2.00    2.00 ^ input external delay
                  0.03    0.01    2.01 ^ rst_n (in)
     1    0.00                           rst_n (net)
                  0.03    0.00    2.01 ^ input23/A (sky130_fd_sc_hd__clkbuf_2)
                  0.15    0.16    2.18 ^ input23/X (sky130_fd_sc_hd__clkbuf_2)
     4    0.03                           net23 (net)
                  0.15    0.00    2.18 ^ fanout37/A (sky130_fd_sc_hd__clkbuf_4)
                  0.17    0.25    2.43 ^ fanout37/X (sky130_fd_sc_hd__clkbuf_4)
    10    0.06                           net37 (net)
                  0.17    0.00    2.44 ^ _545_/RESET_B (sky130_fd_sc_hd__dfrtp_1)
                                  2.44   data arrival time

                          0.00    0.00   clock clk (rise edge)
                          0.00    0.00   clock source latency
                  0.12    0.09    0.09 ^ clk (in)
     1    0.03                           clk (net)
                  0.12    0.00    0.09 ^ clkbuf_0_clk/A (sky130_fd_sc_hd__clkbuf_16)
                  0.11    0.22    0.31 ^ clkbuf_0_clk/X (sky130_fd_sc_hd__clkbuf_16)
     8    0.09                           clknet_0_clk (net)
                  0.11    0.00    0.31 ^ clkbuf_3_6__f_clk/A (sky130_fd_sc_hd__clkbuf_16)
                  0.05    0.17    0.48 ^ clkbuf_3_6__f_clk/X (sky130_fd_sc_hd__clkbuf_16)
     9    0.03                           clknet_3_6__leaf_clk (net)
                  0.05    0.00    0.48 ^ _545_/CLK (sky130_fd_sc_hd__dfrtp_1)
                          0.25    0.73   clock uncertainty
                          0.00    0.73   clock reconvergence pessimism
                          0.36    1.09   library removal time
                                  1.09   data required time
-----------------------------------------------------------------------------
                                  1.09   data required time
                                 -2.44   data arrival time
-----------------------------------------------------------------------------
                                  1.35   slack (MET)


Startpoint: rst_n (input port clocked by clk)
Endpoint: _490_ (removal check against rising-edge clock clk)
Path Group: asynchronous
Path Type: min

Fanout     Cap    Slew   Delay    Time   Description
-----------------------------------------------------------------------------
                          0.00    0.00   clock clk (rise edge)
                          0.00    0.00   clock network delay (propagated)
                          2.00    2.00 ^ input external delay
                  0.03    0.01    2.01 ^ rst_n (in)
     1    0.00                           rst_n (net)
                  0.03    0.00    2.01 ^ input23/A (sky130_fd_sc_hd__clkbuf_2)
                  0.15    0.16    2.18 ^ input23/X (sky130_fd_sc_hd__clkbuf_2)
     4    0.03                           net23 (net)
                  0.15    0.00    2.18 ^ fanout37/A (sky130_fd_sc_hd__clkbuf_4)
                  0.17    0.25    2.43 ^ fanout37/X (sky130_fd_sc_hd__clkbuf_4)
    10    0.06                           net37 (net)
                  0.17    0.00    2.44 ^ _490_/RESET_B (sky130_fd_sc_hd__dfrtp_4)
                                  2.44   data arrival time

                          0.00    0.00   clock clk (rise edge)
                          0.00    0.00   clock source latency
                  0.12    0.09    0.09 ^ clk (in)
     1    0.03                           clk (net)
                  0.12    0.00    0.09 ^ clkbuf_0_clk/A (sky130_fd_sc_hd__clkbuf_16)
                  0.11    0.22    0.31 ^ clkbuf_0_clk/X (sky130_fd_sc_hd__clkbuf_16)
     8    0.09                           clknet_0_clk (net)
                  0.11    0.00    0.31 ^ clkbuf_3_6__f_clk/A (sky130_fd_sc_hd__clkbuf_16)
                  0.05    0.17    0.48 ^ clkbuf_3_6__f_clk/X (sky130_fd_sc_hd__clkbuf_16)
     9    0.03                           clknet_3_6__leaf_clk (net)
                  0.05    0.00    0.48 ^ _490_/CLK (sky130_fd_sc_hd__dfrtp_4)
                          0.25    0.73   clock uncertainty
                          0.00    0.73   clock reconvergence pessimism
                          0.36    1.08   library removal time
                                  1.08   data required time
-----------------------------------------------------------------------------
                                  1.08   data required time
                                 -2.44   data arrival time
-----------------------------------------------------------------------------
                                  1.35   slack (MET)


Startpoint: rst_n (input port clocked by clk)
Endpoint: _513_ (removal check against rising-edge clock clk)
Path Group: asynchronous
Path Type: min

Fanout     Cap    Slew   Delay    Time   Description
-----------------------------------------------------------------------------
                          0.00    0.00   clock clk (rise edge)
                          0.00    0.00   clock network delay (propagated)
                          2.00    2.00 ^ input external delay
                  0.03    0.01    2.01 ^ rst_n (in)
     1    0.00                           rst_n (net)
                  0.03    0.00    2.01 ^ input23/A (sky130_fd_sc_hd__clkbuf_2)
                  0.15    0.16    2.18 ^ input23/X (sky130_fd_sc_hd__clkbuf_2)
     4    0.03                           net23 (net)
                  0.15    0.00    2.18 ^ fanout37/A (sky130_fd_sc_hd__clkbuf_4)
                  0.17    0.25    2.43 ^ fanout37/X (sky130_fd_sc_hd__clkbuf_4)
    10    0.06                           net37 (net)
                  0.17    0.00    2.44 ^ _513_/RESET_B (sky130_fd_sc_hd__dfrtp_1)
                                  2.44   data arrival time

                          0.00    0.00   clock clk (rise edge)
                          0.00    0.00   clock source latency
                  0.12    0.09    0.09 ^ clk (in)
     1    0.03                           clk (net)
                  0.12    0.00    0.09 ^ clkbuf_0_clk/A (sky130_fd_sc_hd__clkbuf_16)
                  0.11    0.22    0.31 ^ clkbuf_0_clk/X (sky130_fd_sc_hd__clkbuf_16)
     8    0.09                           clknet_0_clk (net)
                  0.11    0.00    0.31 ^ clkbuf_3_6__f_clk/A (sky130_fd_sc_hd__clkbuf_16)
                  0.05    0.17    0.48 ^ clkbuf_3_6__f_clk/X (sky130_fd_sc_hd__clkbuf_16)
     9    0.03                           clknet_3_6__leaf_clk (net)
                  0.05    0.00    0.48 ^ _513_/CLK (sky130_fd_sc_hd__dfrtp_1)
                          0.25    0.73   clock uncertainty
                          0.00    0.73   clock reconvergence pessimism
                          0.36    1.08   library removal time
                                  1.08   data required time
-----------------------------------------------------------------------------
                                  1.08   data required time
                                 -2.44   data arrival time
-----------------------------------------------------------------------------
                                  1.35   slack (MET)


Startpoint: rst_n (input port clocked by clk)
Endpoint: _504_ (removal check against rising-edge clock clk)
Path Group: asynchronous
Path Type: min

Fanout     Cap    Slew   Delay    Time   Description
-----------------------------------------------------------------------------
                          0.00    0.00   clock clk (rise edge)
                          0.00    0.00   clock network delay (propagated)
                          2.00    2.00 ^ input external delay
                  0.03    0.01    2.01 ^ rst_n (in)
     1    0.00                           rst_n (net)
                  0.03    0.00    2.01 ^ input23/A (sky130_fd_sc_hd__clkbuf_2)
                  0.15    0.16    2.18 ^ input23/X (sky130_fd_sc_hd__clkbuf_2)
     4    0.03                           net23 (net)
                  0.15    0.00    2.18 ^ fanout33/A (sky130_fd_sc_hd__clkbuf_2)
                  0.17    0.22    2.40 ^ fanout33/X (sky130_fd_sc_hd__clkbuf_2)
     5    0.03                           net33 (net)
                  0.17    0.00    2.40 ^ fanout30/A (sky130_fd_sc_hd__buf_2)
                  0.19    0.24    2.64 ^ fanout30/X (sky130_fd_sc_hd__buf_2)
     7    0.04                           net30 (net)
                  0.19    0.00    2.64 ^ _504_/RESET_B (sky130_fd_sc_hd__dfrtp_1)
                                  2.64   data arrival time

                          0.00    0.00   clock clk (rise edge)
                          0.00    0.00   clock source latency
                  0.12    0.09    0.09 ^ clk (in)
     1    0.03                           clk (net)
                  0.12    0.00    0.09 ^ clkbuf_0_clk/A (sky130_fd_sc_hd__clkbuf_16)
                  0.11    0.22    0.31 ^ clkbuf_0_clk/X (sky130_fd_sc_hd__clkbuf_16)
     8    0.09                           clknet_0_clk (net)
                  0.11    0.00    0.31 ^ clkbuf_3_1__f_clk/A (sky130_fd_sc_hd__clkbuf_16)
                  0.06    0.17    0.48 ^ clkbuf_3_1__f_clk/X (sky130_fd_sc_hd__clkbuf_16)
    10    0.03                           clknet_3_1__leaf_clk (net)
                  0.06    0.00    0.48 ^ _504_/CLK (sky130_fd_sc_hd__dfrtp_1)
                          0.25    0.73   clock uncertainty
                          0.00    0.73   clock reconvergence pessimism
                          0.36    1.09   library removal time
                                  1.09   data required time
-----------------------------------------------------------------------------
                                  1.09   data required time
                                 -2.64   data arrival time
-----------------------------------------------------------------------------
                                  1.54   slack (MET)


Startpoint: rst_n (input port clocked by clk)
Endpoint: _544_ (removal check against rising-edge clock clk)
Path Group: asynchronous
Path Type: min

Fanout     Cap    Slew   Delay    Time   Description
-----------------------------------------------------------------------------
                          0.00    0.00   clock clk (rise edge)
                          0.00    0.00   clock network delay (propagated)
                          2.00    2.00 ^ input external delay
                  0.03    0.01    2.01 ^ rst_n (in)
     1    0.00                           rst_n (net)
                  0.03    0.00    2.01 ^ input23/A (sky130_fd_sc_hd__clkbuf_2)
                  0.15    0.16    2.18 ^ input23/X (sky130_fd_sc_hd__clkbuf_2)
     4    0.03                           net23 (net)
                  0.15    0.00    2.18 ^ fanout33/A (sky130_fd_sc_hd__clkbuf_2)
                  0.17    0.22    2.40 ^ fanout33/X (sky130_fd_sc_hd__clkbuf_2)
     5    0.03                           net33 (net)
                  0.17    0.00    2.40 ^ fanout30/A (sky130_fd_sc_hd__buf_2)
                  0.19    0.24    2.64 ^ fanout30/X (sky130_fd_sc_hd__buf_2)
     7    0.04                           net30 (net)
                  0.19    0.00    2.64 ^ _544_/RESET_B (sky130_fd_sc_hd__dfrtp_1)
                                  2.64   data arrival time

                          0.00    0.00   clock clk (rise edge)
                          0.00    0.00   clock source latency
                  0.12    0.09    0.09 ^ clk (in)
     1    0.03                           clk (net)
                  0.12    0.00    0.09 ^ clkbuf_0_clk/A (sky130_fd_sc_hd__clkbuf_16)
                  0.11    0.22    0.31 ^ clkbuf_0_clk/X (sky130_fd_sc_hd__clkbuf_16)
     8    0.09                           clknet_0_clk (net)
                  0.11    0.00    0.31 ^ clkbuf_3_1__f_clk/A (sky130_fd_sc_hd__clkbuf_16)
                  0.06    0.17    0.48 ^ clkbuf_3_1__f_clk/X (sky130_fd_sc_hd__clkbuf_16)
    10    0.03                           clknet_3_1__leaf_clk (net)
                  0.06    0.00    0.48 ^ _544_/CLK (sky130_fd_sc_hd__dfrtp_1)
                          0.25    0.73   clock uncertainty
                          0.00    0.73   clock reconvergence pessimism
                          0.36    1.09   library removal time
                                  1.09   data required time
-----------------------------------------------------------------------------
                                  1.09   data required time
                                 -2.64   data arrival time
-----------------------------------------------------------------------------
                                  1.54   slack (MET)


Startpoint: rst_n (input port clocked by clk)
Endpoint: _530_ (removal check against rising-edge clock clk)
Path Group: asynchronous
Path Type: min

Fanout     Cap    Slew   Delay    Time   Description
-----------------------------------------------------------------------------
                          0.00    0.00   clock clk (rise edge)
                          0.00    0.00   clock network delay (propagated)
                          2.00    2.00 ^ input external delay
                  0.03    0.01    2.01 ^ rst_n (in)
     1    0.00                           rst_n (net)
                  0.03    0.00    2.01 ^ input23/A (sky130_fd_sc_hd__clkbuf_2)
                  0.15    0.16    2.18 ^ input23/X (sky130_fd_sc_hd__clkbuf_2)
     4    0.03                           net23 (net)
                  0.15    0.00    2.18 ^ fanout33/A (sky130_fd_sc_hd__clkbuf_2)
                  0.17    0.22    2.40 ^ fanout33/X (sky130_fd_sc_hd__clkbuf_2)
     5    0.03                           net33 (net)
                  0.17    0.00    2.40 ^ fanout30/A (sky130_fd_sc_hd__buf_2)
                  0.19    0.24    2.64 ^ fanout30/X (sky130_fd_sc_hd__buf_2)
     7    0.04                           net30 (net)
                  0.19    0.00    2.64 ^ _530_/RESET_B (sky130_fd_sc_hd__dfrtp_1)
                                  2.64   data arrival time

                          0.00    0.00   clock clk (rise edge)
                          0.00    0.00   clock source latency
                  0.12    0.09    0.09 ^ clk (in)
     1    0.03                           clk (net)
                  0.12    0.00    0.09 ^ clkbuf_0_clk/A (sky130_fd_sc_hd__clkbuf_16)
                  0.11    0.22    0.31 ^ clkbuf_0_clk/X (sky130_fd_sc_hd__clkbuf_16)
     8    0.09                           clknet_0_clk (net)
                  0.11    0.00    0.31 ^ clkbuf_3_1__f_clk/A (sky130_fd_sc_hd__clkbuf_16)
                  0.06    0.17    0.48 ^ clkbuf_3_1__f_clk/X (sky130_fd_sc_hd__clkbuf_16)
    10    0.03                           clknet_3_1__leaf_clk (net)
                  0.06    0.00    0.48 ^ _530_/CLK (sky130_fd_sc_hd__dfrtp_1)
                          0.25    0.73   clock uncertainty
                          0.00    0.73   clock reconvergence pessimism
                          0.36    1.09   library removal time
                                  1.09   data required time
-----------------------------------------------------------------------------
                                  1.09   data required time
                                 -2.64   data arrival time
-----------------------------------------------------------------------------
                                  1.54   slack (MET)


Startpoint: rst_n (input port clocked by clk)
Endpoint: _536_ (removal check against rising-edge clock clk)
Path Group: asynchronous
Path Type: min

Fanout     Cap    Slew   Delay    Time   Description
-----------------------------------------------------------------------------
                          0.00    0.00   clock clk (rise edge)
                          0.00    0.00   clock network delay (propagated)
                          2.00    2.00 ^ input external delay
                  0.03    0.01    2.01 ^ rst_n (in)
     1    0.00                           rst_n (net)
                  0.03    0.00    2.01 ^ input23/A (sky130_fd_sc_hd__clkbuf_2)
                  0.15    0.16    2.18 ^ input23/X (sky130_fd_sc_hd__clkbuf_2)
     4    0.03                           net23 (net)
                  0.15    0.00    2.18 ^ fanout33/A (sky130_fd_sc_hd__clkbuf_2)
                  0.17    0.22    2.40 ^ fanout33/X (sky130_fd_sc_hd__clkbuf_2)
     5    0.03                           net33 (net)
                  0.17    0.00    2.40 ^ fanout30/A (sky130_fd_sc_hd__buf_2)
                  0.19    0.24    2.64 ^ fanout30/X (sky130_fd_sc_hd__buf_2)
     7    0.04                           net30 (net)
                  0.19    0.00    2.64 ^ _536_/RESET_B (sky130_fd_sc_hd__dfrtp_1)
                                  2.64   data arrival time

                          0.00    0.00   clock clk (rise edge)
                          0.00    0.00   clock source latency
                  0.12    0.09    0.09 ^ clk (in)
     1    0.03                           clk (net)
                  0.12    0.00    0.09 ^ clkbuf_0_clk/A (sky130_fd_sc_hd__clkbuf_16)
                  0.11    0.22    0.31 ^ clkbuf_0_clk/X (sky130_fd_sc_hd__clkbuf_16)
     8    0.09                           clknet_0_clk (net)
                  0.11    0.00    0.31 ^ clkbuf_3_1__f_clk/A (sky130_fd_sc_hd__clkbuf_16)
                  0.06    0.17    0.48 ^ clkbuf_3_1__f_clk/X (sky130_fd_sc_hd__clkbuf_16)
    10    0.03                           clknet_3_1__leaf_clk (net)
                  0.06    0.00    0.48 ^ _536_/CLK (sky130_fd_sc_hd__dfrtp_1)
                          0.25    0.73   clock uncertainty
                          0.00    0.73   clock reconvergence pessimism
                          0.36    1.09   library removal time
                                  1.09   data required time
-----------------------------------------------------------------------------
                                  1.09   data required time
                                 -2.64   data arrival time
-----------------------------------------------------------------------------
                                  1.54   slack (MET)


Startpoint: rst_n (input port clocked by clk)
Endpoint: _522_ (removal check against rising-edge clock clk)
Path Group: asynchronous
Path Type: min

Fanout     Cap    Slew   Delay    Time   Description
-----------------------------------------------------------------------------
                          0.00    0.00   clock clk (rise edge)
                          0.00    0.00   clock network delay (propagated)
                          2.00    2.00 ^ input external delay
                  0.03    0.01    2.01 ^ rst_n (in)
     1    0.00                           rst_n (net)
                  0.03    0.00    2.01 ^ input23/A (sky130_fd_sc_hd__clkbuf_2)
                  0.15    0.16    2.18 ^ input23/X (sky130_fd_sc_hd__clkbuf_2)
     4    0.03                           net23 (net)
                  0.15    0.00    2.18 ^ fanout33/A (sky130_fd_sc_hd__clkbuf_2)
                  0.17    0.22    2.40 ^ fanout33/X (sky130_fd_sc_hd__clkbuf_2)
     5    0.03                           net33 (net)
                  0.17    0.00    2.40 ^ fanout30/A (sky130_fd_sc_hd__buf_2)
                  0.19    0.24    2.64 ^ fanout30/X (sky130_fd_sc_hd__buf_2)
     7    0.04                           net30 (net)
                  0.19    0.00    2.64 ^ _522_/RESET_B (sky130_fd_sc_hd__dfrtp_1)
                                  2.64   data arrival time

                          0.00    0.00   clock clk (rise edge)
                          0.00    0.00   clock source latency
                  0.12    0.09    0.09 ^ clk (in)
     1    0.03                           clk (net)
                  0.12    0.00    0.09 ^ clkbuf_0_clk/A (sky130_fd_sc_hd__clkbuf_16)
                  0.11    0.22    0.31 ^ clkbuf_0_clk/X (sky130_fd_sc_hd__clkbuf_16)
     8    0.09                           clknet_0_clk (net)
                  0.11    0.00    0.31 ^ clkbuf_3_1__f_clk/A (sky130_fd_sc_hd__clkbuf_16)
                  0.06    0.17    0.48 ^ clkbuf_3_1__f_clk/X (sky130_fd_sc_hd__clkbuf_16)
    10    0.03                           clknet_3_1__leaf_clk (net)
                  0.06    0.00    0.48 ^ _522_/CLK (sky130_fd_sc_hd__dfrtp_1)
                          0.25    0.73   clock uncertainty
                          0.00    0.73   clock reconvergence pessimism
                          0.36    1.09   library removal time
                                  1.09   data required time
-----------------------------------------------------------------------------
                                  1.09   data required time
                                 -2.64   data arrival time
-----------------------------------------------------------------------------
                                  1.55   slack (MET)


Startpoint: rst_n (input port clocked by clk)
Endpoint: _506_ (removal check against rising-edge clock clk)
Path Group: asynchronous
Path Type: min

Fanout     Cap    Slew   Delay    Time   Description
-----------------------------------------------------------------------------
                          0.00    0.00   clock clk (rise edge)
                          0.00    0.00   clock network delay (propagated)
                          2.00    2.00 ^ input external delay
                  0.03    0.01    2.01 ^ rst_n (in)
     1    0.00                           rst_n (net)
                  0.03    0.00    2.01 ^ input23/A (sky130_fd_sc_hd__clkbuf_2)
                  0.15    0.16    2.18 ^ input23/X (sky130_fd_sc_hd__clkbuf_2)
     4    0.03                           net23 (net)
                  0.15    0.00    2.18 ^ fanout33/A (sky130_fd_sc_hd__clkbuf_2)
                  0.17    0.22    2.40 ^ fanout33/X (sky130_fd_sc_hd__clkbuf_2)
     5    0.03                           net33 (net)
                  0.17    0.00    2.40 ^ fanout30/A (sky130_fd_sc_hd__buf_2)
                  0.19    0.24    2.64 ^ fanout30/X (sky130_fd_sc_hd__buf_2)
     7    0.04                           net30 (net)
                  0.19    0.00    2.64 ^ _506_/RESET_B (sky130_fd_sc_hd__dfrtp_1)
                                  2.64   data arrival time

                          0.00    0.00   clock clk (rise edge)
                          0.00    0.00   clock source latency
                  0.12    0.09    0.09 ^ clk (in)
     1    0.03                           clk (net)
                  0.12    0.00    0.09 ^ clkbuf_0_clk/A (sky130_fd_sc_hd__clkbuf_16)
                  0.11    0.22    0.31 ^ clkbuf_0_clk/X (sky130_fd_sc_hd__clkbuf_16)
     8    0.09                           clknet_0_clk (net)
                  0.11    0.00    0.31 ^ clkbuf_3_1__f_clk/A (sky130_fd_sc_hd__clkbuf_16)
                  0.06    0.17    0.48 ^ clkbuf_3_1__f_clk/X (sky130_fd_sc_hd__clkbuf_16)
    10    0.03                           clknet_3_1__leaf_clk (net)
                  0.06    0.00    0.48 ^ _506_/CLK (sky130_fd_sc_hd__dfrtp_1)
                          0.25    0.73   clock uncertainty
                          0.00    0.73   clock reconvergence pessimism
                          0.36    1.09   library removal time
                                  1.09   data required time
-----------------------------------------------------------------------------
                                  1.09   data required time
                                 -2.64   data arrival time
-----------------------------------------------------------------------------
                                  1.55   slack (MET)


Startpoint: rst_n (input port clocked by clk)
Endpoint: _500_ (removal check against rising-edge clock clk)
Path Group: asynchronous
Path Type: min

Fanout     Cap    Slew   Delay    Time   Description
-----------------------------------------------------------------------------
                          0.00    0.00   clock clk (rise edge)
                          0.00    0.00   clock network delay (propagated)
                          2.00    2.00 ^ input external delay
                  0.03    0.01    2.01 ^ rst_n (in)
     1    0.00                           rst_n (net)
                  0.03    0.00    2.01 ^ input23/A (sky130_fd_sc_hd__clkbuf_2)
                  0.15    0.16    2.18 ^ input23/X (sky130_fd_sc_hd__clkbuf_2)
     4    0.03                           net23 (net)
                  0.15    0.00    2.18 ^ fanout33/A (sky130_fd_sc_hd__clkbuf_2)
                  0.17    0.22    2.40 ^ fanout33/X (sky130_fd_sc_hd__clkbuf_2)
     5    0.03                           net33 (net)
                  0.17    0.00    2.40 ^ fanout30/A (sky130_fd_sc_hd__buf_2)
                  0.19    0.24    2.64 ^ fanout30/X (sky130_fd_sc_hd__buf_2)
     7    0.04                           net30 (net)
                  0.19    0.00    2.64 ^ _500_/RESET_B (sky130_fd_sc_hd__dfrtp_1)
                                  2.64   data arrival time

                          0.00    0.00   clock clk (rise edge)
                          0.00    0.00   clock source latency
                  0.12    0.09    0.09 ^ clk (in)
     1    0.03                           clk (net)
                  0.12    0.00    0.09 ^ clkbuf_0_clk/A (sky130_fd_sc_hd__clkbuf_16)
                  0.11    0.22    0.31 ^ clkbuf_0_clk/X (sky130_fd_sc_hd__clkbuf_16)
     8    0.09                           clknet_0_clk (net)
                  0.11    0.00    0.31 ^ clkbuf_3_1__f_clk/A (sky130_fd_sc_hd__clkbuf_16)
                  0.06    0.17    0.48 ^ clkbuf_3_1__f_clk/X (sky130_fd_sc_hd__clkbuf_16)
    10    0.03                           clknet_3_1__leaf_clk (net)
                  0.06    0.00    0.48 ^ _500_/CLK (sky130_fd_sc_hd__dfrtp_1)
                          0.25    0.73   clock uncertainty
                          0.00    0.73   clock reconvergence pessimism
                          0.36    1.09   library removal time
                                  1.09   data required time
-----------------------------------------------------------------------------
                                  1.09   data required time
                                 -2.64   data arrival time
-----------------------------------------------------------------------------
                                  1.55   slack (MET)


Startpoint: rst_n (input port clocked by clk)
Endpoint: _512_ (removal check against rising-edge clock clk)
Path Group: asynchronous
Path Type: min

Fanout     Cap    Slew   Delay    Time   Description
-----------------------------------------------------------------------------
                          0.00    0.00   clock clk (rise edge)
                          0.00    0.00   clock network delay (propagated)
                          2.00    2.00 ^ input external delay
                  0.03    0.01    2.01 ^ rst_n (in)
     1    0.00                           rst_n (net)
                  0.03    0.00    2.01 ^ input23/A (sky130_fd_sc_hd__clkbuf_2)
                  0.15    0.16    2.18 ^ input23/X (sky130_fd_sc_hd__clkbuf_2)
     4    0.03                           net23 (net)
                  0.15    0.00    2.18 ^ fanout33/A (sky130_fd_sc_hd__clkbuf_2)
                  0.17    0.22    2.40 ^ fanout33/X (sky130_fd_sc_hd__clkbuf_2)
     5    0.03                           net33 (net)
                  0.17    0.00    2.40 ^ fanout29/A (sky130_fd_sc_hd__clkbuf_4)
                  0.15    0.24    2.64 ^ fanout29/X (sky130_fd_sc_hd__clkbuf_4)
    10    0.05                           net29 (net)
                  0.15    0.00    2.64 ^ _512_/RESET_B (sky130_fd_sc_hd__dfrtp_1)
                                  2.64   data arrival time

                          0.00    0.00   clock clk (rise edge)
                          0.00    0.00   clock source latency
                  0.12    0.09    0.09 ^ clk (in)
     1    0.03                           clk (net)
                  0.12    0.00    0.09 ^ clkbuf_0_clk/A (sky130_fd_sc_hd__clkbuf_16)
                  0.11    0.22    0.31 ^ clkbuf_0_clk/X (sky130_fd_sc_hd__clkbuf_16)
     8    0.09                           clknet_0_clk (net)
                  0.11    0.00    0.31 ^ clkbuf_3_1__f_clk/A (sky130_fd_sc_hd__clkbuf_16)
                  0.06    0.17    0.48 ^ clkbuf_3_1__f_clk/X (sky130_fd_sc_hd__clkbuf_16)
    10    0.03                           clknet_3_1__leaf_clk (net)
                  0.06    0.00    0.48 ^ _512_/CLK (sky130_fd_sc_hd__dfrtp_1)
                          0.25    0.73   clock uncertainty
                          0.00    0.73   clock reconvergence pessimism
                          0.35    1.08   library removal time
                                  1.08   data required time
-----------------------------------------------------------------------------
                                  1.08   data required time
                                 -2.64   data arrival time
-----------------------------------------------------------------------------
                                  1.56   slack (MET)


Startpoint: rst_n (input port clocked by clk)
Endpoint: _508_ (removal check against rising-edge clock clk)
Path Group: asynchronous
Path Type: min

Fanout     Cap    Slew   Delay    Time   Description
-----------------------------------------------------------------------------
                          0.00    0.00   clock clk (rise edge)
                          0.00    0.00   clock network delay (propagated)
                          2.00    2.00 ^ input external delay
                  0.03    0.01    2.01 ^ rst_n (in)
     1    0.00                           rst_n (net)
                  0.03    0.00    2.01 ^ input23/A (sky130_fd_sc_hd__clkbuf_2)
                  0.15    0.16    2.18 ^ input23/X (sky130_fd_sc_hd__clkbuf_2)
     4    0.03                           net23 (net)
                  0.15    0.00    2.18 ^ fanout33/A (sky130_fd_sc_hd__clkbuf_2)
                  0.17    0.22    2.40 ^ fanout33/X (sky130_fd_sc_hd__clkbuf_2)
     5    0.03                           net33 (net)
                  0.17    0.00    2.40 ^ fanout29/A (sky130_fd_sc_hd__clkbuf_4)
                  0.15    0.24    2.64 ^ fanout29/X (sky130_fd_sc_hd__clkbuf_4)
    10    0.05                           net29 (net)
                  0.15    0.00    2.64 ^ _508_/RESET_B (sky130_fd_sc_hd__dfrtp_1)
                                  2.64   data arrival time

                          0.00    0.00   clock clk (rise edge)
                          0.00    0.00   clock source latency
                  0.12    0.09    0.09 ^ clk (in)
     1    0.03                           clk (net)
                  0.12    0.00    0.09 ^ clkbuf_0_clk/A (sky130_fd_sc_hd__clkbuf_16)
                  0.11    0.22    0.31 ^ clkbuf_0_clk/X (sky130_fd_sc_hd__clkbuf_16)
     8    0.09                           clknet_0_clk (net)
                  0.11    0.00    0.31 ^ clkbuf_3_1__f_clk/A (sky130_fd_sc_hd__clkbuf_16)
                  0.06    0.17    0.48 ^ clkbuf_3_1__f_clk/X (sky130_fd_sc_hd__clkbuf_16)
    10    0.03                           clknet_3_1__leaf_clk (net)
                  0.06    0.00    0.48 ^ _508_/CLK (sky130_fd_sc_hd__dfrtp_1)
                          0.25    0.73   clock uncertainty
                          0.00    0.73   clock reconvergence pessimism
                          0.35    1.08   library removal time
                                  1.08   data required time
-----------------------------------------------------------------------------
                                  1.08   data required time
                                 -2.64   data arrival time
-----------------------------------------------------------------------------
                                  1.56   slack (MET)


Startpoint: rst_n (input port clocked by clk)
Endpoint: _540_ (removal check against rising-edge clock clk)
Path Group: asynchronous
Path Type: min

Fanout     Cap    Slew   Delay    Time   Description
-----------------------------------------------------------------------------
                          0.00    0.00   clock clk (rise edge)
                          0.00    0.00   clock network delay (propagated)
                          2.00    2.00 ^ input external delay
                  0.03    0.01    2.01 ^ rst_n (in)
     1    0.00                           rst_n (net)
                  0.03    0.00    2.01 ^ input23/A (sky130_fd_sc_hd__clkbuf_2)
                  0.15    0.16    2.18 ^ input23/X (sky130_fd_sc_hd__clkbuf_2)
     4    0.03                           net23 (net)
                  0.15    0.00    2.18 ^ fanout33/A (sky130_fd_sc_hd__clkbuf_2)
                  0.17    0.22    2.40 ^ fanout33/X (sky130_fd_sc_hd__clkbuf_2)
     5    0.03                           net33 (net)
                  0.17    0.00    2.40 ^ fanout29/A (sky130_fd_sc_hd__clkbuf_4)
                  0.15    0.24    2.64 ^ fanout29/X (sky130_fd_sc_hd__clkbuf_4)
    10    0.05                           net29 (net)
                  0.15    0.00    2.64 ^ _540_/RESET_B (sky130_fd_sc_hd__dfrtp_1)
                                  2.64   data arrival time

                          0.00    0.00   clock clk (rise edge)
                          0.00    0.00   clock source latency
                  0.12    0.09    0.09 ^ clk (in)
     1    0.03                           clk (net)
                  0.12    0.00    0.09 ^ clkbuf_0_clk/A (sky130_fd_sc_hd__clkbuf_16)
                  0.11    0.22    0.31 ^ clkbuf_0_clk/X (sky130_fd_sc_hd__clkbuf_16)
     8    0.09                           clknet_0_clk (net)
                  0.11    0.00    0.31 ^ clkbuf_3_1__f_clk/A (sky130_fd_sc_hd__clkbuf_16)
                  0.06    0.17    0.48 ^ clkbuf_3_1__f_clk/X (sky130_fd_sc_hd__clkbuf_16)
    10    0.03                           clknet_3_1__leaf_clk (net)
                  0.06    0.00    0.48 ^ _540_/CLK (sky130_fd_sc_hd__dfrtp_1)
                          0.25    0.73   clock uncertainty
                          0.00    0.73   clock reconvergence pessimism
                          0.35    1.08   library removal time
                                  1.08   data required time
-----------------------------------------------------------------------------
                                  1.08   data required time
                                 -2.64   data arrival time
-----------------------------------------------------------------------------
                                  1.56   slack (MET)


Startpoint: rst_n (input port clocked by clk)
Endpoint: _511_ (removal check against rising-edge clock clk)
Path Group: asynchronous
Path Type: min

Fanout     Cap    Slew   Delay    Time   Description
-----------------------------------------------------------------------------
                          0.00    0.00   clock clk (rise edge)
                          0.00    0.00   clock network delay (propagated)
                          2.00    2.00 ^ input external delay
                  0.03    0.01    2.01 ^ rst_n (in)
     1    0.00                           rst_n (net)
                  0.03    0.00    2.01 ^ input23/A (sky130_fd_sc_hd__clkbuf_2)
                  0.15    0.16    2.18 ^ input23/X (sky130_fd_sc_hd__clkbuf_2)
     4    0.03                           net23 (net)
                  0.15    0.00    2.18 ^ fanout33/A (sky130_fd_sc_hd__clkbuf_2)
                  0.17    0.22    2.40 ^ fanout33/X (sky130_fd_sc_hd__clkbuf_2)
     5    0.03                           net33 (net)
                  0.17    0.00    2.40 ^ fanout32/A (sky130_fd_sc_hd__clkbuf_4)
                  0.16    0.25    2.65 ^ fanout32/X (sky130_fd_sc_hd__clkbuf_4)
    10    0.05                           net32 (net)
                  0.16    0.00    2.65 ^ _511_/RESET_B (sky130_fd_sc_hd__dfrtp_1)
                                  2.65   data arrival time

                          0.00    0.00   clock clk (rise edge)
                          0.00    0.00   clock source latency
                  0.12    0.09    0.09 ^ clk (in)
     1    0.03                           clk (net)
                  0.12    0.00    0.09 ^ clkbuf_0_clk/A (sky130_fd_sc_hd__clkbuf_16)
                  0.11    0.22    0.31 ^ clkbuf_0_clk/X (sky130_fd_sc_hd__clkbuf_16)
     8    0.09                           clknet_0_clk (net)
                  0.11    0.00    0.31 ^ clkbuf_3_2__f_clk/A (sky130_fd_sc_hd__clkbuf_16)
                  0.05    0.17    0.47 ^ clkbuf_3_2__f_clk/X (sky130_fd_sc_hd__clkbuf_16)
     9    0.03                           clknet_3_2__leaf_clk (net)
                  0.05    0.00    0.48 ^ _511_/CLK (sky130_fd_sc_hd__dfrtp_1)
                          0.25    0.73   clock uncertainty
                          0.00    0.73   clock reconvergence pessimism
                          0.35    1.08   library removal time
                                  1.08   data required time
-----------------------------------------------------------------------------
                                  1.08   data required time
                                 -2.65   data arrival time
-----------------------------------------------------------------------------
                                  1.57   slack (MET)


Startpoint: rst_n (input port clocked by clk)
Endpoint: _492_ (removal check against rising-edge clock clk)
Path Group: asynchronous
Path Type: min

Fanout     Cap    Slew   Delay    Time   Description
-----------------------------------------------------------------------------
                          0.00    0.00   clock clk (rise edge)
                          0.00    0.00   clock network delay (propagated)
                          2.00    2.00 ^ input external delay
                  0.03    0.01    2.01 ^ rst_n (in)
     1    0.00                           rst_n (net)
                  0.03    0.00    2.01 ^ input23/A (sky130_fd_sc_hd__clkbuf_2)
                  0.15    0.16    2.18 ^ input23/X (sky130_fd_sc_hd__clkbuf_2)
     4    0.03                           net23 (net)
                  0.15    0.00    2.18 ^ fanout33/A (sky130_fd_sc_hd__clkbuf_2)
                  0.17    0.22    2.40 ^ fanout33/X (sky130_fd_sc_hd__clkbuf_2)
     5    0.03                           net33 (net)
                  0.17    0.00    2.40 ^ fanout32/A (sky130_fd_sc_hd__clkbuf_4)
                  0.16    0.25    2.65 ^ fanout32/X (sky130_fd_sc_hd__clkbuf_4)
    10    0.05                           net32 (net)
                  0.16    0.00    2.65 ^ _492_/RESET_B (sky130_fd_sc_hd__dfrtp_4)
                                  2.65   data arrival time

                          0.00    0.00   clock clk (rise edge)
                          0.00    0.00   clock source latency
                  0.12    0.09    0.09 ^ clk (in)
     1    0.03                           clk (net)
                  0.12    0.00    0.09 ^ clkbuf_0_clk/A (sky130_fd_sc_hd__clkbuf_16)
                  0.11    0.22    0.31 ^ clkbuf_0_clk/X (sky130_fd_sc_hd__clkbuf_16)
     8    0.09                           clknet_0_clk (net)
                  0.11    0.00    0.31 ^ clkbuf_3_2__f_clk/A (sky130_fd_sc_hd__clkbuf_16)
                  0.05    0.17    0.47 ^ clkbuf_3_2__f_clk/X (sky130_fd_sc_hd__clkbuf_16)
     9    0.03                           clknet_3_2__leaf_clk (net)
                  0.05    0.00    0.48 ^ _492_/CLK (sky130_fd_sc_hd__dfrtp_4)
                          0.25    0.73   clock uncertainty
                          0.00    0.73   clock reconvergence pessimism
                          0.35    1.08   library removal time
                                  1.08   data required time
-----------------------------------------------------------------------------
                                  1.08   data required time
                                 -2.65   data arrival time
-----------------------------------------------------------------------------
                                  1.57   slack (MET)


Startpoint: rst_n (input port clocked by clk)
Endpoint: _551_ (removal check against rising-edge clock clk)
Path Group: asynchronous
Path Type: min

Fanout     Cap    Slew   Delay    Time   Description
-----------------------------------------------------------------------------
                          0.00    0.00   clock clk (rise edge)
                          0.00    0.00   clock network delay (propagated)
                          2.00    2.00 ^ input external delay
                  0.03    0.01    2.01 ^ rst_n (in)
     1    0.00                           rst_n (net)
                  0.03    0.00    2.01 ^ input23/A (sky130_fd_sc_hd__clkbuf_2)
                  0.15    0.16    2.18 ^ input23/X (sky130_fd_sc_hd__clkbuf_2)
     4    0.03                           net23 (net)
                  0.15    0.00    2.18 ^ fanout33/A (sky130_fd_sc_hd__clkbuf_2)
                  0.17    0.22    2.40 ^ fanout33/X (sky130_fd_sc_hd__clkbuf_2)
     5    0.03                           net33 (net)
                  0.17    0.00    2.40 ^ fanout32/A (sky130_fd_sc_hd__clkbuf_4)
                  0.16    0.25    2.65 ^ fanout32/X (sky130_fd_sc_hd__clkbuf_4)
    10    0.05                           net32 (net)
                  0.16    0.00    2.65 ^ _551_/RESET_B (sky130_fd_sc_hd__dfrtp_1)
                                  2.65   data arrival time

                          0.00    0.00   clock clk (rise edge)
                          0.00    0.00   clock source latency
                  0.12    0.09    0.09 ^ clk (in)
     1    0.03                           clk (net)
                  0.12    0.00    0.09 ^ clkbuf_0_clk/A (sky130_fd_sc_hd__clkbuf_16)
                  0.11    0.22    0.31 ^ clkbuf_0_clk/X (sky130_fd_sc_hd__clkbuf_16)
     8    0.09                           clknet_0_clk (net)
                  0.11    0.00    0.31 ^ clkbuf_3_2__f_clk/A (sky130_fd_sc_hd__clkbuf_16)
                  0.05    0.17    0.47 ^ clkbuf_3_2__f_clk/X (sky130_fd_sc_hd__clkbuf_16)
     9    0.03                           clknet_3_2__leaf_clk (net)
                  0.05    0.00    0.48 ^ _551_/CLK (sky130_fd_sc_hd__dfrtp_1)
                          0.25    0.73   clock uncertainty
                          0.00    0.73   clock reconvergence pessimism
                          0.35    1.08   library removal time
                                  1.08   data required time
-----------------------------------------------------------------------------
                                  1.08   data required time
                                 -2.65   data arrival time
-----------------------------------------------------------------------------
                                  1.57   slack (MET)


Startpoint: rst_n (input port clocked by clk)
Endpoint: _559_ (removal check against rising-edge clock clk)
Path Group: asynchronous
Path Type: min

Fanout     Cap    Slew   Delay    Time   Description
-----------------------------------------------------------------------------
                          0.00    0.00   clock clk (rise edge)
                          0.00    0.00   clock network delay (propagated)
                          2.00    2.00 ^ input external delay
                  0.03    0.01    2.01 ^ rst_n (in)
     1    0.00                           rst_n (net)
                  0.03    0.00    2.01 ^ input23/A (sky130_fd_sc_hd__clkbuf_2)
                  0.15    0.16    2.18 ^ input23/X (sky130_fd_sc_hd__clkbuf_2)
     4    0.03                           net23 (net)
                  0.15    0.00    2.18 ^ fanout33/A (sky130_fd_sc_hd__clkbuf_2)
                  0.17    0.22    2.40 ^ fanout33/X (sky130_fd_sc_hd__clkbuf_2)
     5    0.03                           net33 (net)
                  0.17    0.00    2.40 ^ fanout32/A (sky130_fd_sc_hd__clkbuf_4)
                  0.16    0.25    2.65 ^ fanout32/X (sky130_fd_sc_hd__clkbuf_4)
    10    0.05                           net32 (net)
                  0.16    0.00    2.65 ^ _559_/RESET_B (sky130_fd_sc_hd__dfrtp_1)
                                  2.65   data arrival time

                          0.00    0.00   clock clk (rise edge)
                          0.00    0.00   clock source latency
                  0.12    0.09    0.09 ^ clk (in)
     1    0.03                           clk (net)
                  0.12    0.00    0.09 ^ clkbuf_0_clk/A (sky130_fd_sc_hd__clkbuf_16)
                  0.11    0.22    0.31 ^ clkbuf_0_clk/X (sky130_fd_sc_hd__clkbuf_16)
     8    0.09                           clknet_0_clk (net)
                  0.11    0.00    0.31 ^ clkbuf_3_2__f_clk/A (sky130_fd_sc_hd__clkbuf_16)
                  0.05    0.17    0.47 ^ clkbuf_3_2__f_clk/X (sky130_fd_sc_hd__clkbuf_16)
     9    0.03                           clknet_3_2__leaf_clk (net)
                  0.05    0.00    0.48 ^ _559_/CLK (sky130_fd_sc_hd__dfrtp_1)
                          0.25    0.73   clock uncertainty
                          0.00    0.73   clock reconvergence pessimism
                          0.35    1.08   library removal time
                                  1.08   data required time
-----------------------------------------------------------------------------
                                  1.08   data required time
                                 -2.65   data arrival time
-----------------------------------------------------------------------------
                                  1.57   slack (MET)


Startpoint: rst_n (input port clocked by clk)
Endpoint: _527_ (removal check against rising-edge clock clk)
Path Group: asynchronous
Path Type: min

Fanout     Cap    Slew   Delay    Time   Description
-----------------------------------------------------------------------------
                          0.00    0.00   clock clk (rise edge)
                          0.00    0.00   clock network delay (propagated)
                          2.00    2.00 ^ input external delay
                  0.03    0.01    2.01 ^ rst_n (in)
     1    0.00                           rst_n (net)
                  0.03    0.00    2.01 ^ input23/A (sky130_fd_sc_hd__clkbuf_2)
                  0.15    0.16    2.18 ^ input23/X (sky130_fd_sc_hd__clkbuf_2)
     4    0.03                           net23 (net)
                  0.15    0.00    2.18 ^ fanout33/A (sky130_fd_sc_hd__clkbuf_2)
                  0.17    0.22    2.40 ^ fanout33/X (sky130_fd_sc_hd__clkbuf_2)
     5    0.03                           net33 (net)
                  0.17    0.00    2.40 ^ fanout32/A (sky130_fd_sc_hd__clkbuf_4)
                  0.16    0.25    2.65 ^ fanout32/X (sky130_fd_sc_hd__clkbuf_4)
    10    0.05                           net32 (net)
                  0.16    0.00    2.65 ^ _527_/RESET_B (sky130_fd_sc_hd__dfrtp_1)
                                  2.65   data arrival time

                          0.00    0.00   clock clk (rise edge)
                          0.00    0.00   clock source latency
                  0.12    0.09    0.09 ^ clk (in)
     1    0.03                           clk (net)
                  0.12    0.00    0.09 ^ clkbuf_0_clk/A (sky130_fd_sc_hd__clkbuf_16)
                  0.11    0.22    0.31 ^ clkbuf_0_clk/X (sky130_fd_sc_hd__clkbuf_16)
     8    0.09                           clknet_0_clk (net)
                  0.11    0.00    0.31 ^ clkbuf_3_2__f_clk/A (sky130_fd_sc_hd__clkbuf_16)
                  0.05    0.17    0.47 ^ clkbuf_3_2__f_clk/X (sky130_fd_sc_hd__clkbuf_16)
     9    0.03                           clknet_3_2__leaf_clk (net)
                  0.05    0.00    0.48 ^ _527_/CLK (sky130_fd_sc_hd__dfrtp_1)
                          0.25    0.73   clock uncertainty
                          0.00    0.73   clock reconvergence pessimism
                          0.35    1.08   library removal time
                                  1.08   data required time
-----------------------------------------------------------------------------
                                  1.08   data required time
                                 -2.65   data arrival time
-----------------------------------------------------------------------------
                                  1.57   slack (MET)


Startpoint: rst_n (input port clocked by clk)
Endpoint: _498_ (removal check against rising-edge clock clk)
Path Group: asynchronous
Path Type: min

Fanout     Cap    Slew   Delay    Time   Description
-----------------------------------------------------------------------------
                          0.00    0.00   clock clk (rise edge)
                          0.00    0.00   clock network delay (propagated)
                          2.00    2.00 ^ input external delay
                  0.03    0.01    2.01 ^ rst_n (in)
     1    0.00                           rst_n (net)
                  0.03    0.00    2.01 ^ input23/A (sky130_fd_sc_hd__clkbuf_2)
                  0.15    0.16    2.18 ^ input23/X (sky130_fd_sc_hd__clkbuf_2)
     4    0.03                           net23 (net)
                  0.15    0.00    2.18 ^ fanout33/A (sky130_fd_sc_hd__clkbuf_2)
                  0.17    0.22    2.40 ^ fanout33/X (sky130_fd_sc_hd__clkbuf_2)
     5    0.03                           net33 (net)
                  0.17    0.00    2.40 ^ fanout32/A (sky130_fd_sc_hd__clkbuf_4)
                  0.16    0.25    2.65 ^ fanout32/X (sky130_fd_sc_hd__clkbuf_4)
    10    0.05                           net32 (net)
                  0.16    0.00    2.65 ^ _498_/RESET_B (sky130_fd_sc_hd__dfrtp_1)
                                  2.65   data arrival time

                          0.00    0.00   clock clk (rise edge)
                          0.00    0.00   clock source latency
                  0.12    0.09    0.09 ^ clk (in)
     1    0.03                           clk (net)
                  0.12    0.00    0.09 ^ clkbuf_0_clk/A (sky130_fd_sc_hd__clkbuf_16)
                  0.11    0.22    0.31 ^ clkbuf_0_clk/X (sky130_fd_sc_hd__clkbuf_16)
     8    0.09                           clknet_0_clk (net)
                  0.11    0.00    0.31 ^ clkbuf_3_2__f_clk/A (sky130_fd_sc_hd__clkbuf_16)
                  0.05    0.17    0.47 ^ clkbuf_3_2__f_clk/X (sky130_fd_sc_hd__clkbuf_16)
     9    0.03                           clknet_3_2__leaf_clk (net)
                  0.05    0.00    0.48 ^ _498_/CLK (sky130_fd_sc_hd__dfrtp_1)
                          0.25    0.73   clock uncertainty
                          0.00    0.73   clock reconvergence pessimism
                          0.35    1.08   library removal time
                                  1.08   data required time
-----------------------------------------------------------------------------
                                  1.08   data required time
                                 -2.65   data arrival time
-----------------------------------------------------------------------------
                                  1.57   slack (MET)


Startpoint: rst_n (input port clocked by clk)
Endpoint: _497_ (removal check against rising-edge clock clk)
Path Group: asynchronous
Path Type: min

Fanout     Cap    Slew   Delay    Time   Description
-----------------------------------------------------------------------------
                          0.00    0.00   clock clk (rise edge)
                          0.00    0.00   clock network delay (propagated)
                          2.00    2.00 ^ input external delay
                  0.03    0.01    2.01 ^ rst_n (in)
     1    0.00                           rst_n (net)
                  0.03    0.00    2.01 ^ input23/A (sky130_fd_sc_hd__clkbuf_2)
                  0.15    0.16    2.18 ^ input23/X (sky130_fd_sc_hd__clkbuf_2)
     4    0.03                           net23 (net)
                  0.15    0.00    2.18 ^ fanout33/A (sky130_fd_sc_hd__clkbuf_2)
                  0.17    0.22    2.40 ^ fanout33/X (sky130_fd_sc_hd__clkbuf_2)
     5    0.03                           net33 (net)
                  0.17    0.00    2.40 ^ fanout32/A (sky130_fd_sc_hd__clkbuf_4)
                  0.16    0.25    2.65 ^ fanout32/X (sky130_fd_sc_hd__clkbuf_4)
    10    0.05                           net32 (net)
                  0.16    0.00    2.65 ^ _497_/RESET_B (sky130_fd_sc_hd__dfrtp_1)
                                  2.65   data arrival time

                          0.00    0.00   clock clk (rise edge)
                          0.00    0.00   clock source latency
                  0.12    0.09    0.09 ^ clk (in)
     1    0.03                           clk (net)
                  0.12    0.00    0.09 ^ clkbuf_0_clk/A (sky130_fd_sc_hd__clkbuf_16)
                  0.11    0.22    0.31 ^ clkbuf_0_clk/X (sky130_fd_sc_hd__clkbuf_16)
     8    0.09                           clknet_0_clk (net)
                  0.11    0.00    0.31 ^ clkbuf_3_2__f_clk/A (sky130_fd_sc_hd__clkbuf_16)
                  0.05    0.17    0.47 ^ clkbuf_3_2__f_clk/X (sky130_fd_sc_hd__clkbuf_16)
     9    0.03                           clknet_3_2__leaf_clk (net)
                  0.05    0.00    0.48 ^ _497_/CLK (sky130_fd_sc_hd__dfrtp_1)
                          0.25    0.73   clock uncertainty
                          0.00    0.73   clock reconvergence pessimism
                          0.35    1.08   library removal time
                                  1.08   data required time
-----------------------------------------------------------------------------
                                  1.08   data required time
                                 -2.65   data arrival time
-----------------------------------------------------------------------------
                                  1.57   slack (MET)


Startpoint: rst_n (input port clocked by clk)
Endpoint: _548_ (removal check against rising-edge clock clk)
Path Group: asynchronous
Path Type: min

Fanout     Cap    Slew   Delay    Time   Description
-----------------------------------------------------------------------------
                          0.00    0.00   clock clk (rise edge)
                          0.00    0.00   clock network delay (propagated)
                          2.00    2.00 ^ input external delay
                  0.03    0.01    2.01 ^ rst_n (in)
     1    0.00                           rst_n (net)
                  0.03    0.00    2.01 ^ input23/A (sky130_fd_sc_hd__clkbuf_2)
                  0.15    0.16    2.18 ^ input23/X (sky130_fd_sc_hd__clkbuf_2)
     4    0.03                           net23 (net)
                  0.15    0.00    2.18 ^ fanout33/A (sky130_fd_sc_hd__clkbuf_2)
                  0.17    0.22    2.40 ^ fanout33/X (sky130_fd_sc_hd__clkbuf_2)
     5    0.03                           net33 (net)
                  0.17    0.00    2.40 ^ fanout32/A (sky130_fd_sc_hd__clkbuf_4)
                  0.16    0.25    2.65 ^ fanout32/X (sky130_fd_sc_hd__clkbuf_4)
    10    0.05                           net32 (net)
                  0.16    0.00    2.65 ^ _548_/RESET_B (sky130_fd_sc_hd__dfrtp_1)
                                  2.65   data arrival time

                          0.00    0.00   clock clk (rise edge)
                          0.00    0.00   clock source latency
                  0.12    0.09    0.09 ^ clk (in)
     1    0.03                           clk (net)
                  0.12    0.00    0.09 ^ clkbuf_0_clk/A (sky130_fd_sc_hd__clkbuf_16)
                  0.11    0.22    0.31 ^ clkbuf_0_clk/X (sky130_fd_sc_hd__clkbuf_16)
     8    0.09                           clknet_0_clk (net)
                  0.11    0.00    0.31 ^ clkbuf_3_2__f_clk/A (sky130_fd_sc_hd__clkbuf_16)
                  0.05    0.17    0.47 ^ clkbuf_3_2__f_clk/X (sky130_fd_sc_hd__clkbuf_16)
     9    0.03                           clknet_3_2__leaf_clk (net)
                  0.05    0.00    0.48 ^ _548_/CLK (sky130_fd_sc_hd__dfrtp_1)
                          0.25    0.73   clock uncertainty
                          0.00    0.73   clock reconvergence pessimism
                          0.35    1.08   library removal time
                                  1.08   data required time
-----------------------------------------------------------------------------
                                  1.08   data required time
                                 -2.65   data arrival time
-----------------------------------------------------------------------------
                                  1.57   slack (MET)


Startpoint: rst_n (input port clocked by clk)
Endpoint: _519_ (removal check against rising-edge clock clk)
Path Group: asynchronous
Path Type: min

Fanout     Cap    Slew   Delay    Time   Description
-----------------------------------------------------------------------------
                          0.00    0.00   clock clk (rise edge)
                          0.00    0.00   clock network delay (propagated)
                          2.00    2.00 ^ input external delay
                  0.03    0.01    2.01 ^ rst_n (in)
     1    0.00                           rst_n (net)
                  0.03    0.00    2.01 ^ input23/A (sky130_fd_sc_hd__clkbuf_2)
                  0.15    0.16    2.18 ^ input23/X (sky130_fd_sc_hd__clkbuf_2)
     4    0.03                           net23 (net)
                  0.15    0.00    2.18 ^ fanout33/A (sky130_fd_sc_hd__clkbuf_2)
                  0.17    0.22    2.40 ^ fanout33/X (sky130_fd_sc_hd__clkbuf_2)
     5    0.03                           net33 (net)
                  0.17    0.00    2.40 ^ fanout32/A (sky130_fd_sc_hd__clkbuf_4)
                  0.16    0.25    2.65 ^ fanout32/X (sky130_fd_sc_hd__clkbuf_4)
    10    0.05                           net32 (net)
                  0.16    0.00    2.65 ^ _519_/RESET_B (sky130_fd_sc_hd__dfrtp_1)
                                  2.65   data arrival time

                          0.00    0.00   clock clk (rise edge)
                          0.00    0.00   clock source latency
                  0.12    0.09    0.09 ^ clk (in)
     1    0.03                           clk (net)
                  0.12    0.00    0.09 ^ clkbuf_0_clk/A (sky130_fd_sc_hd__clkbuf_16)
                  0.11    0.22    0.31 ^ clkbuf_0_clk/X (sky130_fd_sc_hd__clkbuf_16)
     8    0.09                           clknet_0_clk (net)
                  0.11    0.00    0.31 ^ clkbuf_3_2__f_clk/A (sky130_fd_sc_hd__clkbuf_16)
                  0.05    0.17    0.47 ^ clkbuf_3_2__f_clk/X (sky130_fd_sc_hd__clkbuf_16)
     9    0.03                           clknet_3_2__leaf_clk (net)
                  0.05    0.00    0.48 ^ _519_/CLK (sky130_fd_sc_hd__dfrtp_1)
                          0.25    0.73   clock uncertainty
                          0.00    0.73   clock reconvergence pessimism
                          0.35    1.08   library removal time
                                  1.08   data required time
-----------------------------------------------------------------------------
                                  1.08   data required time
                                 -2.65   data arrival time
-----------------------------------------------------------------------------
                                  1.57   slack (MET)


Startpoint: rst_n (input port clocked by clk)
Endpoint: _556_ (removal check against rising-edge clock clk)
Path Group: asynchronous
Path Type: min

Fanout     Cap    Slew   Delay    Time   Description
-----------------------------------------------------------------------------
                          0.00    0.00   clock clk (rise edge)
                          0.00    0.00   clock network delay (propagated)
                          2.00    2.00 ^ input external delay
                  0.03    0.01    2.01 ^ rst_n (in)
     1    0.00                           rst_n (net)
                  0.03    0.00    2.01 ^ input23/A (sky130_fd_sc_hd__clkbuf_2)
                  0.15    0.16    2.18 ^ input23/X (sky130_fd_sc_hd__clkbuf_2)
     4    0.03                           net23 (net)
                  0.15    0.00    2.18 ^ fanout33/A (sky130_fd_sc_hd__clkbuf_2)
                  0.17    0.22    2.40 ^ fanout33/X (sky130_fd_sc_hd__clkbuf_2)
     5    0.03                           net33 (net)
                  0.17    0.00    2.40 ^ fanout29/A (sky130_fd_sc_hd__clkbuf_4)
                  0.15    0.24    2.64 ^ fanout29/X (sky130_fd_sc_hd__clkbuf_4)
    10    0.05                           net29 (net)
                  0.15    0.00    2.64 ^ _556_/RESET_B (sky130_fd_sc_hd__dfrtp_1)
                                  2.64   data arrival time

                          0.00    0.00   clock clk (rise edge)
                          0.00    0.00   clock source latency
                  0.12    0.09    0.09 ^ clk (in)
     1    0.03                           clk (net)
                  0.12    0.00    0.09 ^ clkbuf_0_clk/A (sky130_fd_sc_hd__clkbuf_16)
                  0.11    0.22    0.31 ^ clkbuf_0_clk/X (sky130_fd_sc_hd__clkbuf_16)
     8    0.09                           clknet_0_clk (net)
                  0.11    0.00    0.31 ^ clkbuf_3_0__f_clk/A (sky130_fd_sc_hd__clkbuf_16)
                  0.04    0.16    0.47 ^ clkbuf_3_0__f_clk/X (sky130_fd_sc_hd__clkbuf_16)
     7    0.02                           clknet_3_0__leaf_clk (net)
                  0.04    0.00    0.47 ^ _556_/CLK (sky130_fd_sc_hd__dfrtp_1)
                          0.25    0.72   clock uncertainty
                          0.00    0.72   clock reconvergence pessimism
                          0.35    1.07   library removal time
                                  1.07   data required time
-----------------------------------------------------------------------------
                                  1.07   data required time
                                 -2.64   data arrival time
-----------------------------------------------------------------------------
                                  1.58   slack (MET)


Startpoint: rst_n (input port clocked by clk)
Endpoint: _524_ (removal check against rising-edge clock clk)
Path Group: asynchronous
Path Type: min

Fanout     Cap    Slew   Delay    Time   Description
-----------------------------------------------------------------------------
                          0.00    0.00   clock clk (rise edge)
                          0.00    0.00   clock network delay (propagated)
                          2.00    2.00 ^ input external delay
                  0.03    0.01    2.01 ^ rst_n (in)
     1    0.00                           rst_n (net)
                  0.03    0.00    2.01 ^ input23/A (sky130_fd_sc_hd__clkbuf_2)
                  0.15    0.16    2.18 ^ input23/X (sky130_fd_sc_hd__clkbuf_2)
     4    0.03                           net23 (net)
                  0.15    0.00    2.18 ^ fanout33/A (sky130_fd_sc_hd__clkbuf_2)
                  0.17    0.22    2.40 ^ fanout33/X (sky130_fd_sc_hd__clkbuf_2)
     5    0.03                           net33 (net)
                  0.17    0.00    2.40 ^ fanout29/A (sky130_fd_sc_hd__clkbuf_4)
                  0.15    0.24    2.64 ^ fanout29/X (sky130_fd_sc_hd__clkbuf_4)
    10    0.05                           net29 (net)
                  0.15    0.00    2.64 ^ _524_/RESET_B (sky130_fd_sc_hd__dfrtp_1)
                                  2.64   data arrival time

                          0.00    0.00   clock clk (rise edge)
                          0.00    0.00   clock source latency
                  0.12    0.09    0.09 ^ clk (in)
     1    0.03                           clk (net)
                  0.12    0.00    0.09 ^ clkbuf_0_clk/A (sky130_fd_sc_hd__clkbuf_16)
                  0.11    0.22    0.31 ^ clkbuf_0_clk/X (sky130_fd_sc_hd__clkbuf_16)
     8    0.09                           clknet_0_clk (net)
                  0.11    0.00    0.31 ^ clkbuf_3_0__f_clk/A (sky130_fd_sc_hd__clkbuf_16)
                  0.04    0.16    0.47 ^ clkbuf_3_0__f_clk/X (sky130_fd_sc_hd__clkbuf_16)
     7    0.02                           clknet_3_0__leaf_clk (net)
                  0.04    0.00    0.47 ^ _524_/CLK (sky130_fd_sc_hd__dfrtp_1)
                          0.25    0.72   clock uncertainty
                          0.00    0.72   clock reconvergence pessimism
                          0.35    1.07   library removal time
                                  1.07   data required time
-----------------------------------------------------------------------------
                                  1.07   data required time
                                 -2.64   data arrival time
-----------------------------------------------------------------------------
                                  1.58   slack (MET)


Startpoint: rst_n (input port clocked by clk)
Endpoint: _516_ (removal check against rising-edge clock clk)
Path Group: asynchronous
Path Type: min

Fanout     Cap    Slew   Delay    Time   Description
-----------------------------------------------------------------------------
                          0.00    0.00   clock clk (rise edge)
                          0.00    0.00   clock network delay (propagated)
                          2.00    2.00 ^ input external delay
                  0.03    0.01    2.01 ^ rst_n (in)
     1    0.00                           rst_n (net)
                  0.03    0.00    2.01 ^ input23/A (sky130_fd_sc_hd__clkbuf_2)
                  0.15    0.16    2.18 ^ input23/X (sky130_fd_sc_hd__clkbuf_2)
     4    0.03                           net23 (net)
                  0.15    0.00    2.18 ^ fanout33/A (sky130_fd_sc_hd__clkbuf_2)
                  0.17    0.22    2.40 ^ fanout33/X (sky130_fd_sc_hd__clkbuf_2)
     5    0.03                           net33 (net)
                  0.17    0.00    2.40 ^ fanout29/A (sky130_fd_sc_hd__clkbuf_4)
                  0.15    0.24    2.64 ^ fanout29/X (sky130_fd_sc_hd__clkbuf_4)
    10    0.05                           net29 (net)
                  0.15    0.00    2.64 ^ _516_/RESET_B (sky130_fd_sc_hd__dfrtp_1)
                                  2.64   data arrival time

                          0.00    0.00   clock clk (rise edge)
                          0.00    0.00   clock source latency
                  0.12    0.09    0.09 ^ clk (in)
     1    0.03                           clk (net)
                  0.12    0.00    0.09 ^ clkbuf_0_clk/A (sky130_fd_sc_hd__clkbuf_16)
                  0.11    0.22    0.31 ^ clkbuf_0_clk/X (sky130_fd_sc_hd__clkbuf_16)
     8    0.09                           clknet_0_clk (net)
                  0.11    0.00    0.31 ^ clkbuf_3_0__f_clk/A (sky130_fd_sc_hd__clkbuf_16)
                  0.04    0.16    0.47 ^ clkbuf_3_0__f_clk/X (sky130_fd_sc_hd__clkbuf_16)
     7    0.02                           clknet_3_0__leaf_clk (net)
                  0.04    0.00    0.47 ^ _516_/CLK (sky130_fd_sc_hd__dfrtp_1)
                          0.25    0.72   clock uncertainty
                          0.00    0.72   clock reconvergence pessimism
                          0.35    1.07   library removal time
                                  1.07   data required time
-----------------------------------------------------------------------------
                                  1.07   data required time
                                 -2.64   data arrival time
-----------------------------------------------------------------------------
                                  1.58   slack (MET)


Startpoint: rst_n (input port clocked by clk)
Endpoint: _520_ (removal check against rising-edge clock clk)
Path Group: asynchronous
Path Type: min

Fanout     Cap    Slew   Delay    Time   Description
-----------------------------------------------------------------------------
                          0.00    0.00   clock clk (rise edge)
                          0.00    0.00   clock network delay (propagated)
                          2.00    2.00 ^ input external delay
                  0.03    0.01    2.01 ^ rst_n (in)
     1    0.00                           rst_n (net)
                  0.03    0.00    2.01 ^ input23/A (sky130_fd_sc_hd__clkbuf_2)
                  0.15    0.16    2.18 ^ input23/X (sky130_fd_sc_hd__clkbuf_2)
     4    0.03                           net23 (net)
                  0.15    0.00    2.18 ^ fanout33/A (sky130_fd_sc_hd__clkbuf_2)
                  0.17    0.22    2.40 ^ fanout33/X (sky130_fd_sc_hd__clkbuf_2)
     5    0.03                           net33 (net)
                  0.17    0.00    2.40 ^ fanout29/A (sky130_fd_sc_hd__clkbuf_4)
                  0.15    0.24    2.64 ^ fanout29/X (sky130_fd_sc_hd__clkbuf_4)
    10    0.05                           net29 (net)
                  0.15    0.00    2.64 ^ _520_/RESET_B (sky130_fd_sc_hd__dfrtp_1)
                                  2.64   data arrival time

                          0.00    0.00   clock clk (rise edge)
                          0.00    0.00   clock source latency
                  0.12    0.09    0.09 ^ clk (in)
     1    0.03                           clk (net)
                  0.12    0.00    0.09 ^ clkbuf_0_clk/A (sky130_fd_sc_hd__clkbuf_16)
                  0.11    0.22    0.31 ^ clkbuf_0_clk/X (sky130_fd_sc_hd__clkbuf_16)
     8    0.09                           clknet_0_clk (net)
                  0.11    0.00    0.31 ^ clkbuf_3_0__f_clk/A (sky130_fd_sc_hd__clkbuf_16)
                  0.04    0.16    0.47 ^ clkbuf_3_0__f_clk/X (sky130_fd_sc_hd__clkbuf_16)
     7    0.02                           clknet_3_0__leaf_clk (net)
                  0.04    0.00    0.47 ^ _520_/CLK (sky130_fd_sc_hd__dfrtp_1)
                          0.25    0.72   clock uncertainty
                          0.00    0.72   clock reconvergence pessimism
                          0.35    1.07   library removal time
                                  1.07   data required time
-----------------------------------------------------------------------------
                                  1.07   data required time
                                 -2.64   data arrival time
-----------------------------------------------------------------------------
                                  1.58   slack (MET)


Startpoint: rst_n (input port clocked by clk)
Endpoint: _560_ (removal check against rising-edge clock clk)
Path Group: asynchronous
Path Type: min

Fanout     Cap    Slew   Delay    Time   Description
-----------------------------------------------------------------------------
                          0.00    0.00   clock clk (rise edge)
                          0.00    0.00   clock network delay (propagated)
                          2.00    2.00 ^ input external delay
                  0.03    0.01    2.01 ^ rst_n (in)
     1    0.00                           rst_n (net)
                  0.03    0.00    2.01 ^ input23/A (sky130_fd_sc_hd__clkbuf_2)
                  0.15    0.16    2.18 ^ input23/X (sky130_fd_sc_hd__clkbuf_2)
     4    0.03                           net23 (net)
                  0.15    0.00    2.18 ^ fanout33/A (sky130_fd_sc_hd__clkbuf_2)
                  0.17    0.22    2.40 ^ fanout33/X (sky130_fd_sc_hd__clkbuf_2)
     5    0.03                           net33 (net)
                  0.17    0.00    2.40 ^ fanout29/A (sky130_fd_sc_hd__clkbuf_4)
                  0.15    0.24    2.64 ^ fanout29/X (sky130_fd_sc_hd__clkbuf_4)
    10    0.05                           net29 (net)
                  0.15    0.00    2.64 ^ _560_/RESET_B (sky130_fd_sc_hd__dfrtp_1)
                                  2.64   data arrival time

                          0.00    0.00   clock clk (rise edge)
                          0.00    0.00   clock source latency
                  0.12    0.09    0.09 ^ clk (in)
     1    0.03                           clk (net)
                  0.12    0.00    0.09 ^ clkbuf_0_clk/A (sky130_fd_sc_hd__clkbuf_16)
                  0.11    0.22    0.31 ^ clkbuf_0_clk/X (sky130_fd_sc_hd__clkbuf_16)
     8    0.09                           clknet_0_clk (net)
                  0.11    0.00    0.31 ^ clkbuf_3_0__f_clk/A (sky130_fd_sc_hd__clkbuf_16)
                  0.04    0.16    0.47 ^ clkbuf_3_0__f_clk/X (sky130_fd_sc_hd__clkbuf_16)
     7    0.02                           clknet_3_0__leaf_clk (net)
                  0.04    0.00    0.47 ^ _560_/CLK (sky130_fd_sc_hd__dfrtp_1)
                          0.25    0.72   clock uncertainty
                          0.00    0.72   clock reconvergence pessimism
                          0.35    1.07   library removal time
                                  1.07   data required time
-----------------------------------------------------------------------------
                                  1.07   data required time
                                 -2.64   data arrival time
-----------------------------------------------------------------------------
                                  1.58   slack (MET)


Startpoint: rst_n (input port clocked by clk)
Endpoint: _528_ (removal check against rising-edge clock clk)
Path Group: asynchronous
Path Type: min

Fanout     Cap    Slew   Delay    Time   Description
-----------------------------------------------------------------------------
                          0.00    0.00   clock clk (rise edge)
                          0.00    0.00   clock network delay (propagated)
                          2.00    2.00 ^ input external delay
                  0.03    0.01    2.01 ^ rst_n (in)
     1    0.00                           rst_n (net)
                  0.03    0.00    2.01 ^ input23/A (sky130_fd_sc_hd__clkbuf_2)
                  0.15    0.16    2.18 ^ input23/X (sky130_fd_sc_hd__clkbuf_2)
     4    0.03                           net23 (net)
                  0.15    0.00    2.18 ^ fanout33/A (sky130_fd_sc_hd__clkbuf_2)
                  0.17    0.22    2.40 ^ fanout33/X (sky130_fd_sc_hd__clkbuf_2)
     5    0.03                           net33 (net)
                  0.17    0.00    2.40 ^ fanout29/A (sky130_fd_sc_hd__clkbuf_4)
                  0.15    0.24    2.64 ^ fanout29/X (sky130_fd_sc_hd__clkbuf_4)
    10    0.05                           net29 (net)
                  0.15    0.00    2.64 ^ _528_/RESET_B (sky130_fd_sc_hd__dfrtp_1)
                                  2.64   data arrival time

                          0.00    0.00   clock clk (rise edge)
                          0.00    0.00   clock source latency
                  0.12    0.09    0.09 ^ clk (in)
     1    0.03                           clk (net)
                  0.12    0.00    0.09 ^ clkbuf_0_clk/A (sky130_fd_sc_hd__clkbuf_16)
                  0.11    0.22    0.31 ^ clkbuf_0_clk/X (sky130_fd_sc_hd__clkbuf_16)
     8    0.09                           clknet_0_clk (net)
                  0.11    0.00    0.31 ^ clkbuf_3_0__f_clk/A (sky130_fd_sc_hd__clkbuf_16)
                  0.04    0.16    0.47 ^ clkbuf_3_0__f_clk/X (sky130_fd_sc_hd__clkbuf_16)
     7    0.02                           clknet_3_0__leaf_clk (net)
                  0.04    0.00    0.47 ^ _528_/CLK (sky130_fd_sc_hd__dfrtp_1)
                          0.25    0.72   clock uncertainty
                          0.00    0.72   clock reconvergence pessimism
                          0.35    1.07   library removal time
                                  1.07   data required time
-----------------------------------------------------------------------------
                                  1.07   data required time
                                 -2.64   data arrival time
-----------------------------------------------------------------------------
                                  1.58   slack (MET)


Startpoint: rst_n (input port clocked by clk)
Endpoint: _552_ (removal check against rising-edge clock clk)
Path Group: asynchronous
Path Type: min

Fanout     Cap    Slew   Delay    Time   Description
-----------------------------------------------------------------------------
                          0.00    0.00   clock clk (rise edge)
                          0.00    0.00   clock network delay (propagated)
                          2.00    2.00 ^ input external delay
                  0.03    0.01    2.01 ^ rst_n (in)
     1    0.00                           rst_n (net)
                  0.03    0.00    2.01 ^ input23/A (sky130_fd_sc_hd__clkbuf_2)
                  0.15    0.16    2.18 ^ input23/X (sky130_fd_sc_hd__clkbuf_2)
     4    0.03                           net23 (net)
                  0.15    0.00    2.18 ^ fanout33/A (sky130_fd_sc_hd__clkbuf_2)
                  0.17    0.22    2.40 ^ fanout33/X (sky130_fd_sc_hd__clkbuf_2)
     5    0.03                           net33 (net)
                  0.17    0.00    2.40 ^ fanout29/A (sky130_fd_sc_hd__clkbuf_4)
                  0.15    0.24    2.64 ^ fanout29/X (sky130_fd_sc_hd__clkbuf_4)
    10    0.05                           net29 (net)
                  0.15    0.00    2.64 ^ _552_/RESET_B (sky130_fd_sc_hd__dfrtp_1)
                                  2.64   data arrival time

                          0.00    0.00   clock clk (rise edge)
                          0.00    0.00   clock source latency
                  0.12    0.09    0.09 ^ clk (in)
     1    0.03                           clk (net)
                  0.12    0.00    0.09 ^ clkbuf_0_clk/A (sky130_fd_sc_hd__clkbuf_16)
                  0.11    0.22    0.31 ^ clkbuf_0_clk/X (sky130_fd_sc_hd__clkbuf_16)
     8    0.09                           clknet_0_clk (net)
                  0.11    0.00    0.31 ^ clkbuf_3_0__f_clk/A (sky130_fd_sc_hd__clkbuf_16)
                  0.04    0.16    0.47 ^ clkbuf_3_0__f_clk/X (sky130_fd_sc_hd__clkbuf_16)
     7    0.02                           clknet_3_0__leaf_clk (net)
                  0.04    0.00    0.47 ^ _552_/CLK (sky130_fd_sc_hd__dfrtp_1)
                          0.25    0.72   clock uncertainty
                          0.00    0.72   clock reconvergence pessimism
                          0.35    1.07   library removal time
                                  1.07   data required time
-----------------------------------------------------------------------------
                                  1.07   data required time
                                 -2.64   data arrival time
-----------------------------------------------------------------------------
                                  1.58   slack (MET)


Startpoint: rst_n (input port clocked by clk)
Endpoint: _555_ (removal check against rising-edge clock clk)
Path Group: asynchronous
Path Type: min

Fanout     Cap    Slew   Delay    Time   Description
-----------------------------------------------------------------------------
                          0.00    0.00   clock clk (rise edge)
                          0.00    0.00   clock network delay (propagated)
                          2.00    2.00 ^ input external delay
                  0.03    0.01    2.01 ^ rst_n (in)
     1    0.00                           rst_n (net)
                  0.03    0.00    2.01 ^ input23/A (sky130_fd_sc_hd__clkbuf_2)
                  0.15    0.16    2.18 ^ input23/X (sky130_fd_sc_hd__clkbuf_2)
     4    0.03                           net23 (net)
                  0.15    0.00    2.18 ^ fanout37/A (sky130_fd_sc_hd__clkbuf_4)
                  0.17    0.25    2.43 ^ fanout37/X (sky130_fd_sc_hd__clkbuf_4)
    10    0.06                           net37 (net)
                  0.17    0.00    2.43 ^ fanout36/A (sky130_fd_sc_hd__clkbuf_4)
                  0.16    0.25    2.69 ^ fanout36/X (sky130_fd_sc_hd__clkbuf_4)
    10    0.05                           net36 (net)
                  0.16    0.00    2.69 ^ _555_/RESET_B (sky130_fd_sc_hd__dfrtp_1)
                                  2.69   data arrival time

                          0.00    0.00   clock clk (rise edge)
                          0.00    0.00   clock source latency
                  0.12    0.09    0.09 ^ clk (in)
     1    0.03                           clk (net)
                  0.12    0.00    0.09 ^ clkbuf_0_clk/A (sky130_fd_sc_hd__clkbuf_16)
                  0.11    0.22    0.31 ^ clkbuf_0_clk/X (sky130_fd_sc_hd__clkbuf_16)
     8    0.09                           clknet_0_clk (net)
                  0.11    0.00    0.31 ^ clkbuf_3_7__f_clk/A (sky130_fd_sc_hd__clkbuf_16)
                  0.06    0.17    0.48 ^ clkbuf_3_7__f_clk/X (sky130_fd_sc_hd__clkbuf_16)
    11    0.04                           clknet_3_7__leaf_clk (net)
                  0.06    0.00    0.48 ^ _555_/CLK (sky130_fd_sc_hd__dfrtp_1)
                          0.25    0.73   clock uncertainty
                          0.00    0.73   clock reconvergence pessimism
                          0.35    1.08   library removal time
                                  1.08   data required time
-----------------------------------------------------------------------------
                                  1.08   data required time
                                 -2.69   data arrival time
-----------------------------------------------------------------------------
                                  1.60   slack (MET)


Startpoint: rst_n (input port clocked by clk)
Endpoint: _515_ (removal check against rising-edge clock clk)
Path Group: asynchronous
Path Type: min

Fanout     Cap    Slew   Delay    Time   Description
-----------------------------------------------------------------------------
                          0.00    0.00   clock clk (rise edge)
                          0.00    0.00   clock network delay (propagated)
                          2.00    2.00 ^ input external delay
                  0.03    0.01    2.01 ^ rst_n (in)
     1    0.00                           rst_n (net)
                  0.03    0.00    2.01 ^ input23/A (sky130_fd_sc_hd__clkbuf_2)
                  0.15    0.16    2.18 ^ input23/X (sky130_fd_sc_hd__clkbuf_2)
     4    0.03                           net23 (net)
                  0.15    0.00    2.18 ^ fanout37/A (sky130_fd_sc_hd__clkbuf_4)
                  0.17    0.25    2.43 ^ fanout37/X (sky130_fd_sc_hd__clkbuf_4)
    10    0.06                           net37 (net)
                  0.17    0.00    2.43 ^ fanout36/A (sky130_fd_sc_hd__clkbuf_4)
                  0.16    0.25    2.69 ^ fanout36/X (sky130_fd_sc_hd__clkbuf_4)
    10    0.05                           net36 (net)
                  0.16    0.00    2.69 ^ _515_/RESET_B (sky130_fd_sc_hd__dfrtp_1)
                                  2.69   data arrival time

                          0.00    0.00   clock clk (rise edge)
                          0.00    0.00   clock source latency
                  0.12    0.09    0.09 ^ clk (in)
     1    0.03                           clk (net)
                  0.12    0.00    0.09 ^ clkbuf_0_clk/A (sky130_fd_sc_hd__clkbuf_16)
                  0.11    0.22    0.31 ^ clkbuf_0_clk/X (sky130_fd_sc_hd__clkbuf_16)
     8    0.09                           clknet_0_clk (net)
                  0.11    0.00    0.31 ^ clkbuf_3_7__f_clk/A (sky130_fd_sc_hd__clkbuf_16)
                  0.06    0.17    0.48 ^ clkbuf_3_7__f_clk/X (sky130_fd_sc_hd__clkbuf_16)
    11    0.04                           clknet_3_7__leaf_clk (net)
                  0.06    0.00    0.48 ^ _515_/CLK (sky130_fd_sc_hd__dfrtp_1)
                          0.25    0.73   clock uncertainty
                          0.00    0.73   clock reconvergence pessimism
                          0.35    1.08   library removal time
                                  1.08   data required time
-----------------------------------------------------------------------------
                                  1.08   data required time
                                 -2.69   data arrival time
-----------------------------------------------------------------------------
                                  1.60   slack (MET)


Startpoint: rst_n (input port clocked by clk)
Endpoint: _547_ (removal check against rising-edge clock clk)
Path Group: asynchronous
Path Type: min

Fanout     Cap    Slew   Delay    Time   Description
-----------------------------------------------------------------------------
                          0.00    0.00   clock clk (rise edge)
                          0.00    0.00   clock network delay (propagated)
                          2.00    2.00 ^ input external delay
                  0.03    0.01    2.01 ^ rst_n (in)
     1    0.00                           rst_n (net)
                  0.03    0.00    2.01 ^ input23/A (sky130_fd_sc_hd__clkbuf_2)
                  0.15    0.16    2.18 ^ input23/X (sky130_fd_sc_hd__clkbuf_2)
     4    0.03                           net23 (net)
                  0.15    0.00    2.18 ^ fanout37/A (sky130_fd_sc_hd__clkbuf_4)
                  0.17    0.25    2.43 ^ fanout37/X (sky130_fd_sc_hd__clkbuf_4)
    10    0.06                           net37 (net)
                  0.17    0.00    2.43 ^ fanout36/A (sky130_fd_sc_hd__clkbuf_4)
                  0.16    0.25    2.69 ^ fanout36/X (sky130_fd_sc_hd__clkbuf_4)
    10    0.05                           net36 (net)
                  0.16    0.00    2.69 ^ _547_/RESET_B (sky130_fd_sc_hd__dfrtp_1)
                                  2.69   data arrival time

                          0.00    0.00   clock clk (rise edge)
                          0.00    0.00   clock source latency
                  0.12    0.09    0.09 ^ clk (in)
     1    0.03                           clk (net)
                  0.12    0.00    0.09 ^ clkbuf_0_clk/A (sky130_fd_sc_hd__clkbuf_16)
                  0.11    0.22    0.31 ^ clkbuf_0_clk/X (sky130_fd_sc_hd__clkbuf_16)
     8    0.09                           clknet_0_clk (net)
                  0.11    0.00    0.31 ^ clkbuf_3_7__f_clk/A (sky130_fd_sc_hd__clkbuf_16)
                  0.06    0.17    0.48 ^ clkbuf_3_7__f_clk/X (sky130_fd_sc_hd__clkbuf_16)
    11    0.04                           clknet_3_7__leaf_clk (net)
                  0.06    0.00    0.48 ^ _547_/CLK (sky130_fd_sc_hd__dfrtp_1)
                          0.25    0.73   clock uncertainty
                          0.00    0.73   clock reconvergence pessimism
                          0.35    1.08   library removal time
                                  1.08   data required time
-----------------------------------------------------------------------------
                                  1.08   data required time
                                 -2.69   data arrival time
-----------------------------------------------------------------------------
                                  1.61   slack (MET)


Startpoint: rst_n (input port clocked by clk)
Endpoint: _499_ (removal check against rising-edge clock clk)
Path Group: asynchronous
Path Type: min

Fanout     Cap    Slew   Delay    Time   Description
-----------------------------------------------------------------------------
                          0.00    0.00   clock clk (rise edge)
                          0.00    0.00   clock network delay (propagated)
                          2.00    2.00 ^ input external delay
                  0.03    0.01    2.01 ^ rst_n (in)
     1    0.00                           rst_n (net)
                  0.03    0.00    2.01 ^ input23/A (sky130_fd_sc_hd__clkbuf_2)
                  0.15    0.16    2.18 ^ input23/X (sky130_fd_sc_hd__clkbuf_2)
     4    0.03                           net23 (net)
                  0.15    0.00    2.18 ^ fanout37/A (sky130_fd_sc_hd__clkbuf_4)
                  0.17    0.25    2.43 ^ fanout37/X (sky130_fd_sc_hd__clkbuf_4)
    10    0.06                           net37 (net)
                  0.17    0.00    2.43 ^ fanout36/A (sky130_fd_sc_hd__clkbuf_4)
                  0.16    0.25    2.69 ^ fanout36/X (sky130_fd_sc_hd__clkbuf_4)
    10    0.05                           net36 (net)
                  0.16    0.00    2.69 ^ _499_/RESET_B (sky130_fd_sc_hd__dfrtp_1)
                                  2.69   data arrival time

                          0.00    0.00   clock clk (rise edge)
                          0.00    0.00   clock source latency
                  0.12    0.09    0.09 ^ clk (in)
     1    0.03                           clk (net)
                  0.12    0.00    0.09 ^ clkbuf_0_clk/A (sky130_fd_sc_hd__clkbuf_16)
                  0.11    0.22    0.31 ^ clkbuf_0_clk/X (sky130_fd_sc_hd__clkbuf_16)
     8    0.09                           clknet_0_clk (net)
                  0.11    0.00    0.31 ^ clkbuf_3_7__f_clk/A (sky130_fd_sc_hd__clkbuf_16)
                  0.06    0.17    0.48 ^ clkbuf_3_7__f_clk/X (sky130_fd_sc_hd__clkbuf_16)
    11    0.04                           clknet_3_7__leaf_clk (net)
                  0.06    0.00    0.48 ^ _499_/CLK (sky130_fd_sc_hd__dfrtp_1)
                          0.25    0.73   clock uncertainty
                          0.00    0.73   clock reconvergence pessimism
                          0.35    1.08   library removal time
                                  1.08   data required time
-----------------------------------------------------------------------------
                                  1.08   data required time
                                 -2.69   data arrival time
-----------------------------------------------------------------------------
                                  1.61   slack (MET)


Startpoint: rst_n (input port clocked by clk)
Endpoint: _523_ (removal check against rising-edge clock clk)
Path Group: asynchronous
Path Type: min

Fanout     Cap    Slew   Delay    Time   Description
-----------------------------------------------------------------------------
                          0.00    0.00   clock clk (rise edge)
                          0.00    0.00   clock network delay (propagated)
                          2.00    2.00 ^ input external delay
                  0.03    0.01    2.01 ^ rst_n (in)
     1    0.00                           rst_n (net)
                  0.03    0.00    2.01 ^ input23/A (sky130_fd_sc_hd__clkbuf_2)
                  0.15    0.16    2.18 ^ input23/X (sky130_fd_sc_hd__clkbuf_2)
     4    0.03                           net23 (net)
                  0.15    0.00    2.18 ^ fanout37/A (sky130_fd_sc_hd__clkbuf_4)
                  0.17    0.25    2.43 ^ fanout37/X (sky130_fd_sc_hd__clkbuf_4)
    10    0.06                           net37 (net)
                  0.17    0.00    2.43 ^ fanout36/A (sky130_fd_sc_hd__clkbuf_4)
                  0.16    0.25    2.69 ^ fanout36/X (sky130_fd_sc_hd__clkbuf_4)
    10    0.05                           net36 (net)
                  0.16    0.00    2.69 ^ _523_/RESET_B (sky130_fd_sc_hd__dfrtp_1)
                                  2.69   data arrival time

                          0.00    0.00   clock clk (rise edge)
                          0.00    0.00   clock source latency
                  0.12    0.09    0.09 ^ clk (in)
     1    0.03                           clk (net)
                  0.12    0.00    0.09 ^ clkbuf_0_clk/A (sky130_fd_sc_hd__clkbuf_16)
                  0.11    0.22    0.31 ^ clkbuf_0_clk/X (sky130_fd_sc_hd__clkbuf_16)
     8    0.09                           clknet_0_clk (net)
                  0.11    0.00    0.31 ^ clkbuf_3_7__f_clk/A (sky130_fd_sc_hd__clkbuf_16)
                  0.06    0.17    0.48 ^ clkbuf_3_7__f_clk/X (sky130_fd_sc_hd__clkbuf_16)
    11    0.04                           clknet_3_7__leaf_clk (net)
                  0.06    0.00    0.48 ^ _523_/CLK (sky130_fd_sc_hd__dfrtp_1)
                          0.25    0.73   clock uncertainty
                          0.00    0.73   clock reconvergence pessimism
                          0.35    1.08   library removal time
                                  1.08   data required time
-----------------------------------------------------------------------------
                                  1.08   data required time
                                 -2.69   data arrival time
-----------------------------------------------------------------------------
                                  1.61   slack (MET)


Startpoint: rst_n (input port clocked by clk)
Endpoint: _531_ (removal check against rising-edge clock clk)
Path Group: asynchronous
Path Type: min

Fanout     Cap    Slew   Delay    Time   Description
-----------------------------------------------------------------------------
                          0.00    0.00   clock clk (rise edge)
                          0.00    0.00   clock network delay (propagated)
                          2.00    2.00 ^ input external delay
                  0.03    0.01    2.01 ^ rst_n (in)
     1    0.00                           rst_n (net)
                  0.03    0.00    2.01 ^ input23/A (sky130_fd_sc_hd__clkbuf_2)
                  0.15    0.16    2.18 ^ input23/X (sky130_fd_sc_hd__clkbuf_2)
     4    0.03                           net23 (net)
                  0.15    0.00    2.18 ^ fanout37/A (sky130_fd_sc_hd__clkbuf_4)
                  0.17    0.25    2.43 ^ fanout37/X (sky130_fd_sc_hd__clkbuf_4)
    10    0.06                           net37 (net)
                  0.17    0.00    2.43 ^ fanout36/A (sky130_fd_sc_hd__clkbuf_4)
                  0.16    0.25    2.69 ^ fanout36/X (sky130_fd_sc_hd__clkbuf_4)
    10    0.05                           net36 (net)
                  0.16    0.00    2.69 ^ _531_/RESET_B (sky130_fd_sc_hd__dfrtp_1)
                                  2.69   data arrival time

                          0.00    0.00   clock clk (rise edge)
                          0.00    0.00   clock source latency
                  0.12    0.09    0.09 ^ clk (in)
     1    0.03                           clk (net)
                  0.12    0.00    0.09 ^ clkbuf_0_clk/A (sky130_fd_sc_hd__clkbuf_16)
                  0.11    0.22    0.31 ^ clkbuf_0_clk/X (sky130_fd_sc_hd__clkbuf_16)
     8    0.09                           clknet_0_clk (net)
                  0.11    0.00    0.31 ^ clkbuf_3_7__f_clk/A (sky130_fd_sc_hd__clkbuf_16)
                  0.06    0.17    0.48 ^ clkbuf_3_7__f_clk/X (sky130_fd_sc_hd__clkbuf_16)
    11    0.04                           clknet_3_7__leaf_clk (net)
                  0.06    0.00    0.48 ^ _531_/CLK (sky130_fd_sc_hd__dfrtp_1)
                          0.25    0.73   clock uncertainty
                          0.00    0.73   clock reconvergence pessimism
                          0.35    1.08   library removal time
                                  1.08   data required time
-----------------------------------------------------------------------------
                                  1.08   data required time
                                 -2.69   data arrival time
-----------------------------------------------------------------------------
                                  1.61   slack (MET)


Startpoint: rst_n (input port clocked by clk)
Endpoint: _487_ (removal check against rising-edge clock clk)
Path Group: asynchronous
Path Type: min

Fanout     Cap    Slew   Delay    Time   Description
-----------------------------------------------------------------------------
                          0.00    0.00   clock clk (rise edge)
                          0.00    0.00   clock network delay (propagated)
                          2.00    2.00 ^ input external delay
                  0.03    0.01    2.01 ^ rst_n (in)
     1    0.00                           rst_n (net)
                  0.03    0.00    2.01 ^ input23/A (sky130_fd_sc_hd__clkbuf_2)
                  0.15    0.16    2.18 ^ input23/X (sky130_fd_sc_hd__clkbuf_2)
     4    0.03                           net23 (net)
                  0.15    0.00    2.18 ^ fanout37/A (sky130_fd_sc_hd__clkbuf_4)
                  0.17    0.25    2.43 ^ fanout37/X (sky130_fd_sc_hd__clkbuf_4)
    10    0.06                           net37 (net)
                  0.17    0.00    2.43 ^ fanout36/A (sky130_fd_sc_hd__clkbuf_4)
                  0.16    0.25    2.69 ^ fanout36/X (sky130_fd_sc_hd__clkbuf_4)
    10    0.05                           net36 (net)
                  0.16    0.00    2.69 ^ _487_/RESET_B (sky130_fd_sc_hd__dfrtp_4)
                                  2.69   data arrival time

                          0.00    0.00   clock clk (rise edge)
                          0.00    0.00   clock source latency
                  0.12    0.09    0.09 ^ clk (in)
     1    0.03                           clk (net)
                  0.12    0.00    0.09 ^ clkbuf_0_clk/A (sky130_fd_sc_hd__clkbuf_16)
                  0.11    0.22    0.31 ^ clkbuf_0_clk/X (sky130_fd_sc_hd__clkbuf_16)
     8    0.09                           clknet_0_clk (net)
                  0.11    0.00    0.31 ^ clkbuf_3_7__f_clk/A (sky130_fd_sc_hd__clkbuf_16)
                  0.06    0.17    0.48 ^ clkbuf_3_7__f_clk/X (sky130_fd_sc_hd__clkbuf_16)
    11    0.04                           clknet_3_7__leaf_clk (net)
                  0.06    0.00    0.48 ^ _487_/CLK (sky130_fd_sc_hd__dfrtp_4)
                          0.25    0.73   clock uncertainty
                          0.00    0.73   clock reconvergence pessimism
                          0.35    1.08   library removal time
                                  1.08   data required time
-----------------------------------------------------------------------------
                                  1.08   data required time
                                 -2.69   data arrival time
-----------------------------------------------------------------------------
                                  1.61   slack (MET)


Startpoint: rst_n (input port clocked by clk)
Endpoint: _550_ (removal check against rising-edge clock clk)
Path Group: asynchronous
Path Type: min

Fanout     Cap    Slew   Delay    Time   Description
-----------------------------------------------------------------------------
                          0.00    0.00   clock clk (rise edge)
                          0.00    0.00   clock network delay (propagated)
                          2.00    2.00 ^ input external delay
                  0.03    0.01    2.01 ^ rst_n (in)
     1    0.00                           rst_n (net)
                  0.03    0.00    2.01 ^ input23/A (sky130_fd_sc_hd__clkbuf_2)
                  0.15    0.16    2.18 ^ input23/X (sky130_fd_sc_hd__clkbuf_2)
     4    0.03                           net23 (net)
                  0.15    0.00    2.18 ^ fanout37/A (sky130_fd_sc_hd__clkbuf_4)
                  0.17    0.25    2.43 ^ fanout37/X (sky130_fd_sc_hd__clkbuf_4)
    10    0.06                           net37 (net)
                  0.17    0.00    2.43 ^ fanout36/A (sky130_fd_sc_hd__clkbuf_4)
                  0.16    0.25    2.69 ^ fanout36/X (sky130_fd_sc_hd__clkbuf_4)
    10    0.05                           net36 (net)
                  0.16    0.00    2.69 ^ _550_/RESET_B (sky130_fd_sc_hd__dfrtp_1)
                                  2.69   data arrival time

                          0.00    0.00   clock clk (rise edge)
                          0.00    0.00   clock source latency
                  0.12    0.09    0.09 ^ clk (in)
     1    0.03                           clk (net)
                  0.12    0.00    0.09 ^ clkbuf_0_clk/A (sky130_fd_sc_hd__clkbuf_16)
                  0.11    0.22    0.31 ^ clkbuf_0_clk/X (sky130_fd_sc_hd__clkbuf_16)
     8    0.09                           clknet_0_clk (net)
                  0.11    0.00    0.31 ^ clkbuf_3_7__f_clk/A (sky130_fd_sc_hd__clkbuf_16)
                  0.06    0.17    0.48 ^ clkbuf_3_7__f_clk/X (sky130_fd_sc_hd__clkbuf_16)
    11    0.04                           clknet_3_7__leaf_clk (net)
                  0.06    0.00    0.48 ^ _550_/CLK (sky130_fd_sc_hd__dfrtp_1)
                          0.25    0.73   clock uncertainty
                          0.00    0.73   clock reconvergence pessimism
                          0.35    1.08   library removal time
                                  1.08   data required time
-----------------------------------------------------------------------------
                                  1.08   data required time
                                 -2.69   data arrival time
-----------------------------------------------------------------------------
                                  1.61   slack (MET)


Startpoint: rst_n (input port clocked by clk)
Endpoint: _526_ (removal check against rising-edge clock clk)
Path Group: asynchronous
Path Type: min

Fanout     Cap    Slew   Delay    Time   Description
-----------------------------------------------------------------------------
                          0.00    0.00   clock clk (rise edge)
                          0.00    0.00   clock network delay (propagated)
                          2.00    2.00 ^ input external delay
                  0.03    0.01    2.01 ^ rst_n (in)
     1    0.00                           rst_n (net)
                  0.03    0.00    2.01 ^ input23/A (sky130_fd_sc_hd__clkbuf_2)
                  0.15    0.16    2.18 ^ input23/X (sky130_fd_sc_hd__clkbuf_2)
     4    0.03                           net23 (net)
                  0.15    0.00    2.18 ^ fanout37/A (sky130_fd_sc_hd__clkbuf_4)
                  0.17    0.25    2.43 ^ fanout37/X (sky130_fd_sc_hd__clkbuf_4)
    10    0.06                           net37 (net)
                  0.17    0.00    2.43 ^ fanout36/A (sky130_fd_sc_hd__clkbuf_4)
                  0.16    0.25    2.69 ^ fanout36/X (sky130_fd_sc_hd__clkbuf_4)
    10    0.05                           net36 (net)
                  0.16    0.00    2.69 ^ _526_/RESET_B (sky130_fd_sc_hd__dfrtp_1)
                                  2.69   data arrival time

                          0.00    0.00   clock clk (rise edge)
                          0.00    0.00   clock source latency
                  0.12    0.09    0.09 ^ clk (in)
     1    0.03                           clk (net)
                  0.12    0.00    0.09 ^ clkbuf_0_clk/A (sky130_fd_sc_hd__clkbuf_16)
                  0.11    0.22    0.31 ^ clkbuf_0_clk/X (sky130_fd_sc_hd__clkbuf_16)
     8    0.09                           clknet_0_clk (net)
                  0.11    0.00    0.31 ^ clkbuf_3_7__f_clk/A (sky130_fd_sc_hd__clkbuf_16)
                  0.06    0.17    0.48 ^ clkbuf_3_7__f_clk/X (sky130_fd_sc_hd__clkbuf_16)
    11    0.04                           clknet_3_7__leaf_clk (net)
                  0.06    0.00    0.48 ^ _526_/CLK (sky130_fd_sc_hd__dfrtp_1)
                          0.25    0.73   clock uncertainty
                          0.00    0.73   clock reconvergence pessimism
                          0.35    1.08   library removal time
                                  1.08   data required time
-----------------------------------------------------------------------------
                                  1.08   data required time
                                 -2.69   data arrival time
-----------------------------------------------------------------------------
                                  1.61   slack (MET)


Startpoint: rst_n (input port clocked by clk)
Endpoint: _518_ (removal check against rising-edge clock clk)
Path Group: asynchronous
Path Type: min

Fanout     Cap    Slew   Delay    Time   Description
-----------------------------------------------------------------------------
                          0.00    0.00   clock clk (rise edge)
                          0.00    0.00   clock network delay (propagated)
                          2.00    2.00 ^ input external delay
                  0.03    0.01    2.01 ^ rst_n (in)
     1    0.00                           rst_n (net)
                  0.03    0.00    2.01 ^ input23/A (sky130_fd_sc_hd__clkbuf_2)
                  0.15    0.16    2.18 ^ input23/X (sky130_fd_sc_hd__clkbuf_2)
     4    0.03                           net23 (net)
                  0.15    0.00    2.18 ^ fanout37/A (sky130_fd_sc_hd__clkbuf_4)
                  0.17    0.25    2.43 ^ fanout37/X (sky130_fd_sc_hd__clkbuf_4)
    10    0.06                           net37 (net)
                  0.17    0.00    2.43 ^ fanout36/A (sky130_fd_sc_hd__clkbuf_4)
                  0.16    0.25    2.69 ^ fanout36/X (sky130_fd_sc_hd__clkbuf_4)
    10    0.05                           net36 (net)
                  0.16    0.00    2.69 ^ _518_/RESET_B (sky130_fd_sc_hd__dfrtp_1)
                                  2.69   data arrival time

                          0.00    0.00   clock clk (rise edge)
                          0.00    0.00   clock source latency
                  0.12    0.09    0.09 ^ clk (in)
     1    0.03                           clk (net)
                  0.12    0.00    0.09 ^ clkbuf_0_clk/A (sky130_fd_sc_hd__clkbuf_16)
                  0.11    0.22    0.31 ^ clkbuf_0_clk/X (sky130_fd_sc_hd__clkbuf_16)
     8    0.09                           clknet_0_clk (net)
                  0.11    0.00    0.31 ^ clkbuf_3_7__f_clk/A (sky130_fd_sc_hd__clkbuf_16)
                  0.06    0.17    0.48 ^ clkbuf_3_7__f_clk/X (sky130_fd_sc_hd__clkbuf_16)
    11    0.04                           clknet_3_7__leaf_clk (net)
                  0.06    0.00    0.48 ^ _518_/CLK (sky130_fd_sc_hd__dfrtp_1)
                          0.25    0.73   clock uncertainty
                          0.00    0.73   clock reconvergence pessimism
                          0.35    1.08   library removal time
                                  1.08   data required time
-----------------------------------------------------------------------------
                                  1.08   data required time
                                 -2.69   data arrival time
-----------------------------------------------------------------------------
                                  1.61   slack (MET)


Startpoint: rst_n (input port clocked by clk)
Endpoint: _496_ (removal check against rising-edge clock clk)
Path Group: asynchronous
Path Type: min

Fanout     Cap    Slew   Delay    Time   Description
-----------------------------------------------------------------------------
                          0.00    0.00   clock clk (rise edge)
                          0.00    0.00   clock network delay (propagated)
                          2.00    2.00 ^ input external delay
                  0.03    0.01    2.01 ^ rst_n (in)
     1    0.00                           rst_n (net)
                  0.03    0.00    2.01 ^ input23/A (sky130_fd_sc_hd__clkbuf_2)
                  0.15    0.16    2.18 ^ input23/X (sky130_fd_sc_hd__clkbuf_2)
     4    0.03                           net23 (net)
                  0.15    0.00    2.18 ^ fanout33/A (sky130_fd_sc_hd__clkbuf_2)
                  0.17    0.22    2.40 ^ fanout33/X (sky130_fd_sc_hd__clkbuf_2)
     5    0.03                           net33 (net)
                  0.17    0.00    2.40 ^ fanout32/A (sky130_fd_sc_hd__clkbuf_4)
                  0.16    0.25    2.65 ^ fanout32/X (sky130_fd_sc_hd__clkbuf_4)
    10    0.05                           net32 (net)
                  0.16    0.00    2.65 ^ fanout31/A (sky130_fd_sc_hd__clkbuf_4)
                  0.17    0.25    2.90 ^ fanout31/X (sky130_fd_sc_hd__clkbuf_4)
    10    0.05                           net31 (net)
                  0.17    0.00    2.91 ^ _496_/RESET_B (sky130_fd_sc_hd__dfrtp_1)
                                  2.91   data arrival time

                          0.00    0.00   clock clk (rise edge)
                          0.00    0.00   clock source latency
                  0.12    0.09    0.09 ^ clk (in)
     1    0.03                           clk (net)
                  0.12    0.00    0.09 ^ clkbuf_0_clk/A (sky130_fd_sc_hd__clkbuf_16)
                  0.11    0.22    0.31 ^ clkbuf_0_clk/X (sky130_fd_sc_hd__clkbuf_16)
     8    0.09                           clknet_0_clk (net)
                  0.11    0.00    0.31 ^ clkbuf_3_3__f_clk/A (sky130_fd_sc_hd__clkbuf_16)
                  0.06    0.17    0.48 ^ clkbuf_3_3__f_clk/X (sky130_fd_sc_hd__clkbuf_16)
    11    0.04                           clknet_3_3__leaf_clk (net)
                  0.06    0.00    0.48 ^ _496_/CLK (sky130_fd_sc_hd__dfrtp_1)
                          0.25    0.73   clock uncertainty
                          0.00    0.73   clock reconvergence pessimism
                          0.36    1.09   library removal time
                                  1.09   data required time
-----------------------------------------------------------------------------
                                  1.09   data required time
                                 -2.91   data arrival time
-----------------------------------------------------------------------------
                                  1.82   slack (MET)


Startpoint: rst_n (input port clocked by clk)
Endpoint: _493_ (removal check against rising-edge clock clk)
Path Group: asynchronous
Path Type: min

Fanout     Cap    Slew   Delay    Time   Description
-----------------------------------------------------------------------------
                          0.00    0.00   clock clk (rise edge)
                          0.00    0.00   clock network delay (propagated)
                          2.00    2.00 ^ input external delay
                  0.03    0.01    2.01 ^ rst_n (in)
     1    0.00                           rst_n (net)
                  0.03    0.00    2.01 ^ input23/A (sky130_fd_sc_hd__clkbuf_2)
                  0.15    0.16    2.18 ^ input23/X (sky130_fd_sc_hd__clkbuf_2)
     4    0.03                           net23 (net)
                  0.15    0.00    2.18 ^ fanout33/A (sky130_fd_sc_hd__clkbuf_2)
                  0.17    0.22    2.40 ^ fanout33/X (sky130_fd_sc_hd__clkbuf_2)
     5    0.03                           net33 (net)
                  0.17    0.00    2.40 ^ fanout32/A (sky130_fd_sc_hd__clkbuf_4)
                  0.16    0.25    2.65 ^ fanout32/X (sky130_fd_sc_hd__clkbuf_4)
    10    0.05                           net32 (net)
                  0.16    0.00    2.65 ^ fanout31/A (sky130_fd_sc_hd__clkbuf_4)
                  0.17    0.25    2.90 ^ fanout31/X (sky130_fd_sc_hd__clkbuf_4)
    10    0.05                           net31 (net)
                  0.17    0.00    2.91 ^ _493_/RESET_B (sky130_fd_sc_hd__dfrtp_4)
                                  2.91   data arrival time

                          0.00    0.00   clock clk (rise edge)
                          0.00    0.00   clock source latency
                  0.12    0.09    0.09 ^ clk (in)
     1    0.03                           clk (net)
                  0.12    0.00    0.09 ^ clkbuf_0_clk/A (sky130_fd_sc_hd__clkbuf_16)
                  0.11    0.22    0.31 ^ clkbuf_0_clk/X (sky130_fd_sc_hd__clkbuf_16)
     8    0.09                           clknet_0_clk (net)
                  0.11    0.00    0.31 ^ clkbuf_3_3__f_clk/A (sky130_fd_sc_hd__clkbuf_16)
                  0.06    0.17    0.48 ^ clkbuf_3_3__f_clk/X (sky130_fd_sc_hd__clkbuf_16)
    11    0.04                           clknet_3_3__leaf_clk (net)
                  0.06    0.00    0.48 ^ _493_/CLK (sky130_fd_sc_hd__dfrtp_4)
                          0.25    0.73   clock uncertainty
                          0.00    0.73   clock reconvergence pessimism
                          0.36    1.09   library removal time
                                  1.09   data required time
-----------------------------------------------------------------------------
                                  1.09   data required time
                                 -2.91   data arrival time
-----------------------------------------------------------------------------
                                  1.82   slack (MET)


Startpoint: rst_n (input port clocked by clk)
Endpoint: _532_ (removal check against rising-edge clock clk)
Path Group: asynchronous
Path Type: min

Fanout     Cap    Slew   Delay    Time   Description
-----------------------------------------------------------------------------
                          0.00    0.00   clock clk (rise edge)
                          0.00    0.00   clock network delay (propagated)
                          2.00    2.00 ^ input external delay
                  0.03    0.01    2.01 ^ rst_n (in)
     1    0.00                           rst_n (net)
                  0.03    0.00    2.01 ^ input23/A (sky130_fd_sc_hd__clkbuf_2)
                  0.15    0.16    2.18 ^ input23/X (sky130_fd_sc_hd__clkbuf_2)
     4    0.03                           net23 (net)
                  0.15    0.00    2.18 ^ fanout33/A (sky130_fd_sc_hd__clkbuf_2)
                  0.17    0.22    2.40 ^ fanout33/X (sky130_fd_sc_hd__clkbuf_2)
     5    0.03                           net33 (net)
                  0.17    0.00    2.40 ^ fanout32/A (sky130_fd_sc_hd__clkbuf_4)
                  0.16    0.25    2.65 ^ fanout32/X (sky130_fd_sc_hd__clkbuf_4)
    10    0.05                           net32 (net)
                  0.16    0.00    2.65 ^ fanout31/A (sky130_fd_sc_hd__clkbuf_4)
                  0.17    0.25    2.90 ^ fanout31/X (sky130_fd_sc_hd__clkbuf_4)
    10    0.05                           net31 (net)
                  0.17    0.00    2.91 ^ _532_/RESET_B (sky130_fd_sc_hd__dfrtp_1)
                                  2.91   data arrival time

                          0.00    0.00   clock clk (rise edge)
                          0.00    0.00   clock source latency
                  0.12    0.09    0.09 ^ clk (in)
     1    0.03                           clk (net)
                  0.12    0.00    0.09 ^ clkbuf_0_clk/A (sky130_fd_sc_hd__clkbuf_16)
                  0.11    0.22    0.31 ^ clkbuf_0_clk/X (sky130_fd_sc_hd__clkbuf_16)
     8    0.09                           clknet_0_clk (net)
                  0.11    0.00    0.31 ^ clkbuf_3_3__f_clk/A (sky130_fd_sc_hd__clkbuf_16)
                  0.06    0.17    0.48 ^ clkbuf_3_3__f_clk/X (sky130_fd_sc_hd__clkbuf_16)
    11    0.04                           clknet_3_3__leaf_clk (net)
                  0.06    0.00    0.48 ^ _532_/CLK (sky130_fd_sc_hd__dfrtp_1)
                          0.25    0.73   clock uncertainty
                          0.00    0.73   clock reconvergence pessimism
                          0.36    1.09   library removal time
                                  1.09   data required time
-----------------------------------------------------------------------------
                                  1.09   data required time
                                 -2.91   data arrival time
-----------------------------------------------------------------------------
                                  1.82   slack (MET)


Startpoint: rst_n (input port clocked by clk)
Endpoint: _537_ (removal check against rising-edge clock clk)
Path Group: asynchronous
Path Type: min

Fanout     Cap    Slew   Delay    Time   Description
-----------------------------------------------------------------------------
                          0.00    0.00   clock clk (rise edge)
                          0.00    0.00   clock network delay (propagated)
                          2.00    2.00 ^ input external delay
                  0.03    0.01    2.01 ^ rst_n (in)
     1    0.00                           rst_n (net)
                  0.03    0.00    2.01 ^ input23/A (sky130_fd_sc_hd__clkbuf_2)
                  0.15    0.16    2.18 ^ input23/X (sky130_fd_sc_hd__clkbuf_2)
     4    0.03                           net23 (net)
                  0.15    0.00    2.18 ^ fanout33/A (sky130_fd_sc_hd__clkbuf_2)
                  0.17    0.22    2.40 ^ fanout33/X (sky130_fd_sc_hd__clkbuf_2)
     5    0.03                           net33 (net)
                  0.17    0.00    2.40 ^ fanout32/A (sky130_fd_sc_hd__clkbuf_4)
                  0.16    0.25    2.65 ^ fanout32/X (sky130_fd_sc_hd__clkbuf_4)
    10    0.05                           net32 (net)
                  0.16    0.00    2.65 ^ fanout31/A (sky130_fd_sc_hd__clkbuf_4)
                  0.17    0.25    2.90 ^ fanout31/X (sky130_fd_sc_hd__clkbuf_4)
    10    0.05                           net31 (net)
                  0.17    0.00    2.91 ^ _537_/RESET_B (sky130_fd_sc_hd__dfrtp_1)
                                  2.91   data arrival time

                          0.00    0.00   clock clk (rise edge)
                          0.00    0.00   clock source latency
                  0.12    0.09    0.09 ^ clk (in)
     1    0.03                           clk (net)
                  0.12    0.00    0.09 ^ clkbuf_0_clk/A (sky130_fd_sc_hd__clkbuf_16)
                  0.11    0.22    0.31 ^ clkbuf_0_clk/X (sky130_fd_sc_hd__clkbuf_16)
     8    0.09                           clknet_0_clk (net)
                  0.11    0.00    0.31 ^ clkbuf_3_3__f_clk/A (sky130_fd_sc_hd__clkbuf_16)
                  0.06    0.17    0.48 ^ clkbuf_3_3__f_clk/X (sky130_fd_sc_hd__clkbuf_16)
    11    0.04                           clknet_3_3__leaf_clk (net)
                  0.06    0.00    0.48 ^ _537_/CLK (sky130_fd_sc_hd__dfrtp_1)
                          0.25    0.73   clock uncertainty
                          0.00    0.73   clock reconvergence pessimism
                          0.36    1.09   library removal time
                                  1.09   data required time
-----------------------------------------------------------------------------
                                  1.09   data required time
                                 -2.91   data arrival time
-----------------------------------------------------------------------------
                                  1.82   slack (MET)


Startpoint: rst_n (input port clocked by clk)
Endpoint: _535_ (removal check against rising-edge clock clk)
Path Group: asynchronous
Path Type: min

Fanout     Cap    Slew   Delay    Time   Description
-----------------------------------------------------------------------------
                          0.00    0.00   clock clk (rise edge)
                          0.00    0.00   clock network delay (propagated)
                          2.00    2.00 ^ input external delay
                  0.03    0.01    2.01 ^ rst_n (in)
     1    0.00                           rst_n (net)
                  0.03    0.00    2.01 ^ input23/A (sky130_fd_sc_hd__clkbuf_2)
                  0.15    0.16    2.18 ^ input23/X (sky130_fd_sc_hd__clkbuf_2)
     4    0.03                           net23 (net)
                  0.15    0.00    2.18 ^ fanout33/A (sky130_fd_sc_hd__clkbuf_2)
                  0.17    0.22    2.40 ^ fanout33/X (sky130_fd_sc_hd__clkbuf_2)
     5    0.03                           net33 (net)
                  0.17    0.00    2.40 ^ fanout32/A (sky130_fd_sc_hd__clkbuf_4)
                  0.16    0.25    2.65 ^ fanout32/X (sky130_fd_sc_hd__clkbuf_4)
    10    0.05                           net32 (net)
                  0.16    0.00    2.65 ^ fanout31/A (sky130_fd_sc_hd__clkbuf_4)
                  0.17    0.25    2.90 ^ fanout31/X (sky130_fd_sc_hd__clkbuf_4)
    10    0.05                           net31 (net)
                  0.17    0.00    2.91 ^ _535_/RESET_B (sky130_fd_sc_hd__dfrtp_1)
                                  2.91   data arrival time

                          0.00    0.00   clock clk (rise edge)
                          0.00    0.00   clock source latency
                  0.12    0.09    0.09 ^ clk (in)
     1    0.03                           clk (net)
                  0.12    0.00    0.09 ^ clkbuf_0_clk/A (sky130_fd_sc_hd__clkbuf_16)
                  0.11    0.22    0.31 ^ clkbuf_0_clk/X (sky130_fd_sc_hd__clkbuf_16)
     8    0.09                           clknet_0_clk (net)
                  0.11    0.00    0.31 ^ clkbuf_3_3__f_clk/A (sky130_fd_sc_hd__clkbuf_16)
                  0.06    0.17    0.48 ^ clkbuf_3_3__f_clk/X (sky130_fd_sc_hd__clkbuf_16)
    11    0.04                           clknet_3_3__leaf_clk (net)
                  0.06    0.00    0.48 ^ _535_/CLK (sky130_fd_sc_hd__dfrtp_1)
                          0.25    0.73   clock uncertainty
                          0.00    0.73   clock reconvergence pessimism
                          0.36    1.09   library removal time
                                  1.09   data required time
-----------------------------------------------------------------------------
                                  1.09   data required time
                                 -2.91   data arrival time
-----------------------------------------------------------------------------
                                  1.82   slack (MET)


Startpoint: rst_n (input port clocked by clk)
Endpoint: _503_ (removal check against rising-edge clock clk)
Path Group: asynchronous
Path Type: min

Fanout     Cap    Slew   Delay    Time   Description
-----------------------------------------------------------------------------
                          0.00    0.00   clock clk (rise edge)
                          0.00    0.00   clock network delay (propagated)
                          2.00    2.00 ^ input external delay
                  0.03    0.01    2.01 ^ rst_n (in)
     1    0.00                           rst_n (net)
                  0.03    0.00    2.01 ^ input23/A (sky130_fd_sc_hd__clkbuf_2)
                  0.15    0.16    2.18 ^ input23/X (sky130_fd_sc_hd__clkbuf_2)
     4    0.03                           net23 (net)
                  0.15    0.00    2.18 ^ fanout33/A (sky130_fd_sc_hd__clkbuf_2)
                  0.17    0.22    2.40 ^ fanout33/X (sky130_fd_sc_hd__clkbuf_2)
     5    0.03                           net33 (net)
                  0.17    0.00    2.40 ^ fanout32/A (sky130_fd_sc_hd__clkbuf_4)
                  0.16    0.25    2.65 ^ fanout32/X (sky130_fd_sc_hd__clkbuf_4)
    10    0.05                           net32 (net)
                  0.16    0.00    2.65 ^ fanout31/A (sky130_fd_sc_hd__clkbuf_4)
                  0.17    0.25    2.90 ^ fanout31/X (sky130_fd_sc_hd__clkbuf_4)
    10    0.05                           net31 (net)
                  0.17    0.00    2.91 ^ _503_/RESET_B (sky130_fd_sc_hd__dfrtp_1)
                                  2.91   data arrival time

                          0.00    0.00   clock clk (rise edge)
                          0.00    0.00   clock source latency
                  0.12    0.09    0.09 ^ clk (in)
     1    0.03                           clk (net)
                  0.12    0.00    0.09 ^ clkbuf_0_clk/A (sky130_fd_sc_hd__clkbuf_16)
                  0.11    0.22    0.31 ^ clkbuf_0_clk/X (sky130_fd_sc_hd__clkbuf_16)
     8    0.09                           clknet_0_clk (net)
                  0.11    0.00    0.31 ^ clkbuf_3_3__f_clk/A (sky130_fd_sc_hd__clkbuf_16)
                  0.06    0.17    0.48 ^ clkbuf_3_3__f_clk/X (sky130_fd_sc_hd__clkbuf_16)
    11    0.04                           clknet_3_3__leaf_clk (net)
                  0.06    0.00    0.48 ^ _503_/CLK (sky130_fd_sc_hd__dfrtp_1)
                          0.25    0.73   clock uncertainty
                          0.00    0.73   clock reconvergence pessimism
                          0.36    1.09   library removal time
                                  1.09   data required time
-----------------------------------------------------------------------------
                                  1.09   data required time
                                 -2.91   data arrival time
-----------------------------------------------------------------------------
                                  1.82   slack (MET)


Startpoint: rst_n (input port clocked by clk)
Endpoint: _529_ (removal check against rising-edge clock clk)
Path Group: asynchronous
Path Type: min

Fanout     Cap    Slew   Delay    Time   Description
-----------------------------------------------------------------------------
                          0.00    0.00   clock clk (rise edge)
                          0.00    0.00   clock network delay (propagated)
                          2.00    2.00 ^ input external delay
                  0.03    0.01    2.01 ^ rst_n (in)
     1    0.00                           rst_n (net)
                  0.03    0.00    2.01 ^ input23/A (sky130_fd_sc_hd__clkbuf_2)
                  0.15    0.16    2.18 ^ input23/X (sky130_fd_sc_hd__clkbuf_2)
     4    0.03                           net23 (net)
                  0.15    0.00    2.18 ^ fanout33/A (sky130_fd_sc_hd__clkbuf_2)
                  0.17    0.22    2.40 ^ fanout33/X (sky130_fd_sc_hd__clkbuf_2)
     5    0.03                           net33 (net)
                  0.17    0.00    2.40 ^ fanout32/A (sky130_fd_sc_hd__clkbuf_4)
                  0.16    0.25    2.65 ^ fanout32/X (sky130_fd_sc_hd__clkbuf_4)
    10    0.05                           net32 (net)
                  0.16    0.00    2.65 ^ fanout31/A (sky130_fd_sc_hd__clkbuf_4)
                  0.17    0.25    2.90 ^ fanout31/X (sky130_fd_sc_hd__clkbuf_4)
    10    0.05                           net31 (net)
                  0.17    0.00    2.91 ^ _529_/RESET_B (sky130_fd_sc_hd__dfrtp_1)
                                  2.91   data arrival time

                          0.00    0.00   clock clk (rise edge)
                          0.00    0.00   clock source latency
                  0.12    0.09    0.09 ^ clk (in)
     1    0.03                           clk (net)
                  0.12    0.00    0.09 ^ clkbuf_0_clk/A (sky130_fd_sc_hd__clkbuf_16)
                  0.11    0.22    0.31 ^ clkbuf_0_clk/X (sky130_fd_sc_hd__clkbuf_16)
     8    0.09                           clknet_0_clk (net)
                  0.11    0.00    0.31 ^ clkbuf_3_3__f_clk/A (sky130_fd_sc_hd__clkbuf_16)
                  0.06    0.17    0.48 ^ clkbuf_3_3__f_clk/X (sky130_fd_sc_hd__clkbuf_16)
    11    0.04                           clknet_3_3__leaf_clk (net)
                  0.06    0.00    0.48 ^ _529_/CLK (sky130_fd_sc_hd__dfrtp_1)
                          0.25    0.73   clock uncertainty
                          0.00    0.73   clock reconvergence pessimism
                          0.36    1.09   library removal time
                                  1.09   data required time
-----------------------------------------------------------------------------
                                  1.09   data required time
                                 -2.91   data arrival time
-----------------------------------------------------------------------------
                                  1.82   slack (MET)


Startpoint: rst_n (input port clocked by clk)
Endpoint: _495_ (removal check against rising-edge clock clk)
Path Group: asynchronous
Path Type: min

Fanout     Cap    Slew   Delay    Time   Description
-----------------------------------------------------------------------------
                          0.00    0.00   clock clk (rise edge)
                          0.00    0.00   clock network delay (propagated)
                          2.00    2.00 ^ input external delay
                  0.03    0.01    2.01 ^ rst_n (in)
     1    0.00                           rst_n (net)
                  0.03    0.00    2.01 ^ input23/A (sky130_fd_sc_hd__clkbuf_2)
                  0.15    0.16    2.18 ^ input23/X (sky130_fd_sc_hd__clkbuf_2)
     4    0.03                           net23 (net)
                  0.15    0.00    2.18 ^ fanout33/A (sky130_fd_sc_hd__clkbuf_2)
                  0.17    0.22    2.40 ^ fanout33/X (sky130_fd_sc_hd__clkbuf_2)
     5    0.03                           net33 (net)
                  0.17    0.00    2.40 ^ fanout32/A (sky130_fd_sc_hd__clkbuf_4)
                  0.16    0.25    2.65 ^ fanout32/X (sky130_fd_sc_hd__clkbuf_4)
    10    0.05                           net32 (net)
                  0.16    0.00    2.65 ^ fanout31/A (sky130_fd_sc_hd__clkbuf_4)
                  0.17    0.25    2.90 ^ fanout31/X (sky130_fd_sc_hd__clkbuf_4)
    10    0.05                           net31 (net)
                  0.17    0.00    2.91 ^ _495_/RESET_B (sky130_fd_sc_hd__dfrtp_1)
                                  2.91   data arrival time

                          0.00    0.00   clock clk (rise edge)
                          0.00    0.00   clock source latency
                  0.12    0.09    0.09 ^ clk (in)
     1    0.03                           clk (net)
                  0.12    0.00    0.09 ^ clkbuf_0_clk/A (sky130_fd_sc_hd__clkbuf_16)
                  0.11    0.22    0.31 ^ clkbuf_0_clk/X (sky130_fd_sc_hd__clkbuf_16)
     8    0.09                           clknet_0_clk (net)
                  0.11    0.00    0.31 ^ clkbuf_3_3__f_clk/A (sky130_fd_sc_hd__clkbuf_16)
                  0.06    0.17    0.48 ^ clkbuf_3_3__f_clk/X (sky130_fd_sc_hd__clkbuf_16)
    11    0.04                           clknet_3_3__leaf_clk (net)
                  0.06    0.00    0.48 ^ _495_/CLK (sky130_fd_sc_hd__dfrtp_1)
                          0.25    0.73   clock uncertainty
                          0.00    0.73   clock reconvergence pessimism
                          0.36    1.09   library removal time
                                  1.09   data required time
-----------------------------------------------------------------------------
                                  1.09   data required time
                                 -2.91   data arrival time
-----------------------------------------------------------------------------
                                  1.82   slack (MET)


Startpoint: rst_n (input port clocked by clk)
Endpoint: _505_ (removal check against rising-edge clock clk)
Path Group: asynchronous
Path Type: min

Fanout     Cap    Slew   Delay    Time   Description
-----------------------------------------------------------------------------
                          0.00    0.00   clock clk (rise edge)
                          0.00    0.00   clock network delay (propagated)
                          2.00    2.00 ^ input external delay
                  0.03    0.01    2.01 ^ rst_n (in)
     1    0.00                           rst_n (net)
                  0.03    0.00    2.01 ^ input23/A (sky130_fd_sc_hd__clkbuf_2)
                  0.15    0.16    2.18 ^ input23/X (sky130_fd_sc_hd__clkbuf_2)
     4    0.03                           net23 (net)
                  0.15    0.00    2.18 ^ fanout33/A (sky130_fd_sc_hd__clkbuf_2)
                  0.17    0.22    2.40 ^ fanout33/X (sky130_fd_sc_hd__clkbuf_2)
     5    0.03                           net33 (net)
                  0.17    0.00    2.40 ^ fanout32/A (sky130_fd_sc_hd__clkbuf_4)
                  0.16    0.25    2.65 ^ fanout32/X (sky130_fd_sc_hd__clkbuf_4)
    10    0.05                           net32 (net)
                  0.16    0.00    2.65 ^ fanout31/A (sky130_fd_sc_hd__clkbuf_4)
                  0.17    0.25    2.90 ^ fanout31/X (sky130_fd_sc_hd__clkbuf_4)
    10    0.05                           net31 (net)
                  0.17    0.00    2.91 ^ _505_/RESET_B (sky130_fd_sc_hd__dfrtp_1)
                                  2.91   data arrival time

                          0.00    0.00   clock clk (rise edge)
                          0.00    0.00   clock source latency
                  0.12    0.09    0.09 ^ clk (in)
     1    0.03                           clk (net)
                  0.12    0.00    0.09 ^ clkbuf_0_clk/A (sky130_fd_sc_hd__clkbuf_16)
                  0.11    0.22    0.31 ^ clkbuf_0_clk/X (sky130_fd_sc_hd__clkbuf_16)
     8    0.09                           clknet_0_clk (net)
                  0.11    0.00    0.31 ^ clkbuf_3_3__f_clk/A (sky130_fd_sc_hd__clkbuf_16)
                  0.06    0.17    0.48 ^ clkbuf_3_3__f_clk/X (sky130_fd_sc_hd__clkbuf_16)
    11    0.04                           clknet_3_3__leaf_clk (net)
                  0.06    0.00    0.48 ^ _505_/CLK (sky130_fd_sc_hd__dfrtp_1)
                          0.25    0.73   clock uncertainty
                          0.00    0.73   clock reconvergence pessimism
                          0.36    1.09   library removal time
                                  1.09   data required time
-----------------------------------------------------------------------------
                                  1.09   data required time
                                 -2.91   data arrival time
-----------------------------------------------------------------------------
                                  1.82   slack (MET)


Startpoint: rst_n (input port clocked by clk)
Endpoint: _521_ (removal check against rising-edge clock clk)
Path Group: asynchronous
Path Type: min

Fanout     Cap    Slew   Delay    Time   Description
-----------------------------------------------------------------------------
                          0.00    0.00   clock clk (rise edge)
                          0.00    0.00   clock network delay (propagated)
                          2.00    2.00 ^ input external delay
                  0.03    0.01    2.01 ^ rst_n (in)
     1    0.00                           rst_n (net)
                  0.03    0.00    2.01 ^ input23/A (sky130_fd_sc_hd__clkbuf_2)
                  0.15    0.16    2.18 ^ input23/X (sky130_fd_sc_hd__clkbuf_2)
     4    0.03                           net23 (net)
                  0.15    0.00    2.18 ^ fanout33/A (sky130_fd_sc_hd__clkbuf_2)
                  0.17    0.22    2.40 ^ fanout33/X (sky130_fd_sc_hd__clkbuf_2)
     5    0.03                           net33 (net)
                  0.17    0.00    2.40 ^ fanout32/A (sky130_fd_sc_hd__clkbuf_4)
                  0.16    0.25    2.65 ^ fanout32/X (sky130_fd_sc_hd__clkbuf_4)
    10    0.05                           net32 (net)
                  0.16    0.00    2.65 ^ fanout31/A (sky130_fd_sc_hd__clkbuf_4)
                  0.17    0.25    2.90 ^ fanout31/X (sky130_fd_sc_hd__clkbuf_4)
    10    0.05                           net31 (net)
                  0.17    0.00    2.91 ^ _521_/RESET_B (sky130_fd_sc_hd__dfrtp_1)
                                  2.91   data arrival time

                          0.00    0.00   clock clk (rise edge)
                          0.00    0.00   clock source latency
                  0.12    0.09    0.09 ^ clk (in)
     1    0.03                           clk (net)
                  0.12    0.00    0.09 ^ clkbuf_0_clk/A (sky130_fd_sc_hd__clkbuf_16)
                  0.11    0.22    0.31 ^ clkbuf_0_clk/X (sky130_fd_sc_hd__clkbuf_16)
     8    0.09                           clknet_0_clk (net)
                  0.11    0.00    0.31 ^ clkbuf_3_6__f_clk/A (sky130_fd_sc_hd__clkbuf_16)
                  0.05    0.17    0.48 ^ clkbuf_3_6__f_clk/X (sky130_fd_sc_hd__clkbuf_16)
     9    0.03                           clknet_3_6__leaf_clk (net)
                  0.05    0.00    0.48 ^ _521_/CLK (sky130_fd_sc_hd__dfrtp_1)
                          0.25    0.73   clock uncertainty
                          0.00    0.73   clock reconvergence pessimism
                          0.36    1.08   library removal time
                                  1.08   data required time
-----------------------------------------------------------------------------
                                  1.08   data required time
                                 -2.91   data arrival time
-----------------------------------------------------------------------------
                                  1.82   slack (MET)


Startpoint: _497_ (rising edge-triggered flip-flop clocked by clk)
Endpoint: pattern_match[2] (output port clocked by clk)
Path Group: clk
Path Type: min

Fanout     Cap    Slew   Delay    Time   Description
-----------------------------------------------------------------------------
                          0.00    0.00   clock clk (rise edge)
                          0.00    0.00   clock source latency
                  0.12    0.08    0.08 ^ clk (in)
     1    0.03                           clk (net)
                  0.12    0.00    0.08 ^ clkbuf_0_clk/A (sky130_fd_sc_hd__clkbuf_16)
                  0.11    0.20    0.28 ^ clkbuf_0_clk/X (sky130_fd_sc_hd__clkbuf_16)
     8    0.09                           clknet_0_clk (net)
                  0.11    0.00    0.28 ^ clkbuf_3_2__f_clk/A (sky130_fd_sc_hd__clkbuf_16)
                  0.05    0.15    0.43 ^ clkbuf_3_2__f_clk/X (sky130_fd_sc_hd__clkbuf_16)
     9    0.03                           clknet_3_2__leaf_clk (net)
                  0.05    0.00    0.43 ^ _497_/CLK (sky130_fd_sc_hd__dfrtp_1)
                  0.05    0.35    0.78 v _497_/Q (sky130_fd_sc_hd__dfrtp_1)
     2    0.01                           enabled[2] (net)
                  0.05    0.00    0.78 v _299_/A (sky130_fd_sc_hd__and3_1)
                  0.03    0.13    0.91 v _299_/X (sky130_fd_sc_hd__and3_1)
     1    0.00                           _132_ (net)
                  0.03    0.00    0.91 v _300_/A (sky130_fd_sc_hd__buf_1)
                  0.10    0.13    1.04 v _300_/X (sky130_fd_sc_hd__buf_1)
     2    0.02                           net27 (net)
                  0.10    0.00    1.04 v output27/A (sky130_fd_sc_hd__clkbuf_4)
                  0.08    0.20    1.24 v output27/X (sky130_fd_sc_hd__clkbuf_4)
     1    0.04                           pattern_match[2] (net)
                  0.08    0.00    1.24 v pattern_match[2] (out)
                                  1.24   data arrival time

                          0.00    0.00   clock clk (rise edge)
                          0.00    0.00   clock network delay (propagated)
                          0.25    0.25   clock uncertainty
                          0.00    0.25   clock reconvergence pessimism
                         -2.00   -1.75   output external delay
                                 -1.75   data required time
-----------------------------------------------------------------------------
                                 -1.75   data required time
                                 -1.24   data arrival time
-----------------------------------------------------------------------------
                                  2.99   slack (MET)


Startpoint: _495_ (rising edge-triggered flip-flop clocked by clk)
Endpoint: pattern_match[0] (output port clocked by clk)
Path Group: clk
Path Type: min

Fanout     Cap    Slew   Delay    Time   Description
-----------------------------------------------------------------------------
                          0.00    0.00   clock clk (rise edge)
                          0.00    0.00   clock source latency
                  0.12    0.08    0.08 ^ clk (in)
     1    0.03                           clk (net)
                  0.12    0.00    0.08 ^ clkbuf_0_clk/A (sky130_fd_sc_hd__clkbuf_16)
                  0.11    0.20    0.28 ^ clkbuf_0_clk/X (sky130_fd_sc_hd__clkbuf_16)
     8    0.09                           clknet_0_clk (net)
                  0.11    0.00    0.28 ^ clkbuf_3_3__f_clk/A (sky130_fd_sc_hd__clkbuf_16)
                  0.06    0.15    0.43 ^ clkbuf_3_3__f_clk/X (sky130_fd_sc_hd__clkbuf_16)
    11    0.04                           clknet_3_3__leaf_clk (net)
                  0.06    0.00    0.43 ^ _495_/CLK (sky130_fd_sc_hd__dfrtp_1)
                  0.05    0.35    0.78 v _495_/Q (sky130_fd_sc_hd__dfrtp_1)
     2    0.00                           enabled[0] (net)
                  0.05    0.00    0.78 v _259_/A (sky130_fd_sc_hd__and3_1)
                  0.04    0.14    0.92 v _259_/X (sky130_fd_sc_hd__and3_1)
     1    0.00                           _094_ (net)
                  0.04    0.00    0.92 v _260_/A (sky130_fd_sc_hd__buf_1)
                  0.09    0.13    1.05 v _260_/X (sky130_fd_sc_hd__buf_1)
     2    0.01                           net25 (net)
                  0.09    0.00    1.05 v output25/A (sky130_fd_sc_hd__clkbuf_4)
                  0.08    0.19    1.24 v output25/X (sky130_fd_sc_hd__clkbuf_4)
     1    0.04                           pattern_match[0] (net)
                  0.08    0.00    1.25 v pattern_match[0] (out)
                                  1.25   data arrival time

                          0.00    0.00   clock clk (rise edge)
                          0.00    0.00   clock network delay (propagated)
                          0.25    0.25   clock uncertainty
                          0.00    0.25   clock reconvergence pessimism
                         -2.00   -1.75   output external delay
                                 -1.75   data required time
-----------------------------------------------------------------------------
                                 -1.75   data required time
                                 -1.25   data arrival time
-----------------------------------------------------------------------------
                                  3.00   slack (MET)


Startpoint: _496_ (rising edge-triggered flip-flop clocked by clk)
Endpoint: pattern_match[1] (output port clocked by clk)
Path Group: clk
Path Type: min

Fanout     Cap    Slew   Delay    Time   Description
-----------------------------------------------------------------------------
                          0.00    0.00   clock clk (rise edge)
                          0.00    0.00   clock source latency
                  0.12    0.08    0.08 ^ clk (in)
     1    0.03                           clk (net)
                  0.12    0.00    0.08 ^ clkbuf_0_clk/A (sky130_fd_sc_hd__clkbuf_16)
                  0.11    0.20    0.28 ^ clkbuf_0_clk/X (sky130_fd_sc_hd__clkbuf_16)
     8    0.09                           clknet_0_clk (net)
                  0.11    0.00    0.28 ^ clkbuf_3_3__f_clk/A (sky130_fd_sc_hd__clkbuf_16)
                  0.06    0.15    0.43 ^ clkbuf_3_3__f_clk/X (sky130_fd_sc_hd__clkbuf_16)
    11    0.04                           clknet_3_3__leaf_clk (net)
                  0.06    0.00    0.43 ^ _496_/CLK (sky130_fd_sc_hd__dfrtp_1)
                  0.05    0.35    0.78 v _496_/Q (sky130_fd_sc_hd__dfrtp_1)
     2    0.00                           enabled[1] (net)
                  0.05    0.00    0.78 v _279_/A (sky130_fd_sc_hd__and3_1)
                  0.03    0.13    0.92 v _279_/X (sky130_fd_sc_hd__and3_1)
     1    0.00                           _113_ (net)
                  0.03    0.00    0.92 v _280_/A (sky130_fd_sc_hd__buf_1)
                  0.09    0.13    1.05 v _280_/X (sky130_fd_sc_hd__buf_1)
     2    0.02                           net26 (net)
                  0.09    0.00    1.05 v output26/A (sky130_fd_sc_hd__clkbuf_4)
                  0.08    0.20    1.25 v output26/X (sky130_fd_sc_hd__clkbuf_4)
     1    0.04                           pattern_match[1] (net)
                  0.08    0.00    1.25 v pattern_match[1] (out)
                                  1.25   data arrival time

                          0.00    0.00   clock clk (rise edge)
                          0.00    0.00   clock network delay (propagated)
                          0.25    0.25   clock uncertainty
                          0.00    0.25   clock reconvergence pessimism
                         -2.00   -1.75   output external delay
                                 -1.75   data required time
-----------------------------------------------------------------------------
                                 -1.75   data required time
                                 -1.25   data arrival time
-----------------------------------------------------------------------------
                                  3.00   slack (MET)


Startpoint: _498_ (rising edge-triggered flip-flop clocked by clk)
Endpoint: pattern_match[3] (output port clocked by clk)
Path Group: clk
Path Type: min

Fanout     Cap    Slew   Delay    Time   Description
-----------------------------------------------------------------------------
                          0.00    0.00   clock clk (rise edge)
                          0.00    0.00   clock source latency
                  0.12    0.08    0.08 ^ clk (in)
     1    0.03                           clk (net)
                  0.12    0.00    0.08 ^ clkbuf_0_clk/A (sky130_fd_sc_hd__clkbuf_16)
                  0.11    0.20    0.28 ^ clkbuf_0_clk/X (sky130_fd_sc_hd__clkbuf_16)
     8    0.09                           clknet_0_clk (net)
                  0.11    0.00    0.28 ^ clkbuf_3_2__f_clk/A (sky130_fd_sc_hd__clkbuf_16)
                  0.05    0.15    0.43 ^ clkbuf_3_2__f_clk/X (sky130_fd_sc_hd__clkbuf_16)
     9    0.03                           clknet_3_2__leaf_clk (net)
                  0.05    0.00    0.43 ^ _498_/CLK (sky130_fd_sc_hd__dfrtp_1)
                  0.04    0.34    0.77 v _498_/Q (sky130_fd_sc_hd__dfrtp_1)
     2    0.00                           enabled[3] (net)
                  0.04    0.00    0.77 v _319_/A (sky130_fd_sc_hd__and3_1)
                  0.03    0.13    0.90 v _319_/X (sky130_fd_sc_hd__and3_1)
     1    0.00                           _151_ (net)
                  0.03    0.00    0.90 v _320_/A (sky130_fd_sc_hd__dlymetal6s2s_1)
                  0.13    0.20    1.10 v _320_/X (sky130_fd_sc_hd__dlymetal6s2s_1)
     2    0.02                           net28 (net)
                  0.13    0.00    1.10 v output28/A (sky130_fd_sc_hd__clkbuf_4)
                  0.08    0.21    1.31 v output28/X (sky130_fd_sc_hd__clkbuf_4)
     1    0.04                           pattern_match[3] (net)
                  0.08    0.00    1.31 v pattern_match[3] (out)
                                  1.31   data arrival time

                          0.00    0.00   clock clk (rise edge)
                          0.00    0.00   clock network delay (propagated)
                          0.25    0.25   clock uncertainty
                          0.00    0.25   clock reconvergence pessimism
                         -2.00   -1.75   output external delay
                                 -1.75   data required time
-----------------------------------------------------------------------------
                                 -1.75   data required time
                                 -1.31   data arrival time
-----------------------------------------------------------------------------
                                  3.06   slack (MET)


Startpoint: _497_ (rising edge-triggered flip-flop clocked by clk)
Endpoint: any_match (output port clocked by clk)
Path Group: clk
Path Type: min

Fanout     Cap    Slew   Delay    Time   Description
-----------------------------------------------------------------------------
                          0.00    0.00   clock clk (rise edge)
                          0.00    0.00   clock source latency
                  0.12    0.08    0.08 ^ clk (in)
     1    0.03                           clk (net)
                  0.12    0.00    0.08 ^ clkbuf_0_clk/A (sky130_fd_sc_hd__clkbuf_16)
                  0.11    0.20    0.28 ^ clkbuf_0_clk/X (sky130_fd_sc_hd__clkbuf_16)
     8    0.09                           clknet_0_clk (net)
                  0.11    0.00    0.28 ^ clkbuf_3_2__f_clk/A (sky130_fd_sc_hd__clkbuf_16)
                  0.05    0.15    0.43 ^ clkbuf_3_2__f_clk/X (sky130_fd_sc_hd__clkbuf_16)
     9    0.03                           clknet_3_2__leaf_clk (net)
                  0.05    0.00    0.43 ^ _497_/CLK (sky130_fd_sc_hd__dfrtp_1)
                  0.07    0.32    0.75 ^ _497_/Q (sky130_fd_sc_hd__dfrtp_1)
     2    0.01                           enabled[2] (net)
                  0.07    0.00    0.75 ^ _299_/A (sky130_fd_sc_hd__and3_1)
                  0.05    0.13    0.88 ^ _299_/X (sky130_fd_sc_hd__and3_1)
     1    0.00                           _132_ (net)
                  0.05    0.00    0.88 ^ _300_/A (sky130_fd_sc_hd__buf_1)
                  0.19    0.18    1.06 ^ _300_/X (sky130_fd_sc_hd__buf_1)
     2    0.02                           net27 (net)
                  0.19    0.00    1.06 ^ _321_/C (sky130_fd_sc_hd__or4_1)
                  0.14    0.20    1.26 ^ _321_/X (sky130_fd_sc_hd__or4_1)
     1    0.01                           _152_ (net)
                  0.14    0.00    1.26 ^ _322_/A (sky130_fd_sc_hd__clkbuf_1)
                  0.05    0.10    1.36 ^ _322_/X (sky130_fd_sc_hd__clkbuf_1)
     1    0.00                           net24 (net)
                  0.05    0.00    1.36 ^ output24/A (sky130_fd_sc_hd__clkbuf_4)
                  0.12    0.18    1.54 ^ output24/X (sky130_fd_sc_hd__clkbuf_4)
     1    0.04                           any_match (net)
                  0.12    0.00    1.54 ^ any_match (out)
                                  1.54   data arrival time

                          0.00    0.00   clock clk (rise edge)
                          0.00    0.00   clock network delay (propagated)
                          0.25    0.25   clock uncertainty
                          0.00    0.25   clock reconvergence pessimism
                         -2.00   -1.75   output external delay
                                 -1.75   data required time
-----------------------------------------------------------------------------
                                 -1.75   data required time
                                 -1.54   data arrival time
-----------------------------------------------------------------------------
                                  3.29   slack (MET)



